taxon_name,formatted
Abelmoschus moschatus subsp. tuberosus,https://apps.lucidcentral.org/rainforest/text/entities/abelmoschus_moschatus_subsp._tuberosus.htm
Abroma molle,https://apps.lucidcentral.org/rainforest/text/entities/abroma_molle.htm
Abrophyllum ornans,https://apps.lucidcentral.org/rainforest/text/entities/abrophyllum_ornans.htm
Abrus precatorius,https://apps.lucidcentral.org/rainforest/text/entities/abrus_precatorius.htm
Abutilon auritum,https://apps.lucidcentral.org/rainforest/text/entities/abutilon_auritum.htm
Abutilon hannii,https://apps.lucidcentral.org/rainforest/text/entities/abutilon_hannii.htm
Abutilon indicum var. australiense,https://apps.lucidcentral.org/rainforest/text/entities/abutilon_indicum_var._australiense.htm
Abutilon micropetalum,https://apps.lucidcentral.org/rainforest/text/entities/abutilon_micropetalum.htm
Abutilon oxycarpum,https://apps.lucidcentral.org/rainforest/text/entities/abutilon_oxycarpum.htm
Abutilon sp. Mataranka (R.M.Barker 877),https://apps.lucidcentral.org/rainforest/text/entities/abutilon_sp__mataranka_r_m.barker_877.htm
Acacia aulacocarpa,https://apps.lucidcentral.org/rainforest/text/entities/acacia_aulacocarpa.htm
Acacia auriculiformis,https://apps.lucidcentral.org/rainforest/text/entities/acacia_auriculiformis.htm
Acacia celsa,https://apps.lucidcentral.org/rainforest/text/entities/acacia_celsa.htm
Acacia cincinnata,https://apps.lucidcentral.org/rainforest/text/entities/acacia_cincinnata.htm
Acacia crassicarpa,https://apps.lucidcentral.org/rainforest/text/entities/acacia_crassicarpa.htm
Acacia fasciculifera,https://apps.lucidcentral.org/rainforest/text/entities/acacia_fasciculifera.htm
Acacia flavescens,https://apps.lucidcentral.org/rainforest/text/entities/acacia_flavescens.htm
Acacia fleckeri,https://apps.lucidcentral.org/rainforest/text/entities/acacia_fleckeri.htm
Acacia harpophylla,https://apps.lucidcentral.org/rainforest/text/entities/acacia_harpophylla.htm
Acacia holosericea,https://apps.lucidcentral.org/rainforest/text/entities/acacia_holosericea.htm
Acacia hylonoma,https://apps.lucidcentral.org/rainforest/text/entities/acacia_hylonoma.htm
Acacia lamprocarpa,https://apps.lucidcentral.org/rainforest/text/entities/acacia_lamprocarpa.htm
Acacia leptocarpa,https://apps.lucidcentral.org/rainforest/text/entities/acacia_leptocarpa.htm
Acacia maidenii,https://apps.lucidcentral.org/rainforest/text/entities/acacia_maidenii.htm
Acacia mangium,https://apps.lucidcentral.org/rainforest/text/entities/acacia_mangium.htm
Acacia melanoxylon,https://apps.lucidcentral.org/rainforest/text/entities/acacia_melanoxylon.htm
Acacia midgleyi,https://apps.lucidcentral.org/rainforest/text/entities/acacia_midgleyi.htm
Acacia oraria,https://apps.lucidcentral.org/rainforest/text/entities/acacia_oraria.htm
Acacia polystachya,https://apps.lucidcentral.org/rainforest/text/entities/acacia_polystachya.htm
Acacia shirleyi,https://apps.lucidcentral.org/rainforest/text/entities/acacia_shirleyi.htm
Acacia solenota,https://apps.lucidcentral.org/rainforest/text/entities/acacia_solenota.htm
Acacia spirorbis subsp. solandri,https://apps.lucidcentral.org/rainforest/text/entities/acacia_spirorbis_subsp._solandri.htm
Acacia ulicifolia,https://apps.lucidcentral.org/rainforest/text/entities/acacia_ulicifolia.htm
Acalypha eremorum,https://apps.lucidcentral.org/rainforest/text/entities/acalypha_eremorum.htm
Acalypha lanceolata,https://apps.lucidcentral.org/rainforest/text/entities/acalypha_lanceolata.htm
Acalypha lyonsii,https://apps.lucidcentral.org/rainforest/text/entities/acalypha_lyonsii.htm
Acalypha nemorum,https://apps.lucidcentral.org/rainforest/text/entities/acalypha_nemorum.htm
Acalypha pubiflora subsp. australica,https://apps.lucidcentral.org/rainforest/text/entities/acalypha_pubiflora_subsp._australica.htm
Acanthaceae,https://apps.lucidcentral.org/rainforest/text/entities/acanthaceae.htm
Acanthospermum hispidum,https://apps.lucidcentral.org/rainforest/text/entities/acanthospermum_hispidum.htm
Acanthus ilicifolius,https://apps.lucidcentral.org/rainforest/text/entities/acanthus_ilicifolius.htm
Aceratium concinnum,https://apps.lucidcentral.org/rainforest/text/entities/aceratium_concinnum.htm
Aceratium doggrellii,https://apps.lucidcentral.org/rainforest/text/entities/aceratium_doggrellii.htm
Aceratium ferrugineum,https://apps.lucidcentral.org/rainforest/text/entities/aceratium_ferrugineum.htm
Aceratium megalospermum,https://apps.lucidcentral.org/rainforest/text/entities/aceratium_megalospermum.htm
Aceratium sericoleopsis,https://apps.lucidcentral.org/rainforest/text/entities/aceratium_sericoleopsis.htm
Achariaceae,https://apps.lucidcentral.org/rainforest/text/entities/achariaceae.htm
Achyranthes aspera,https://apps.lucidcentral.org/rainforest/text/entities/achyranthes_aspera.htm
Ackama australiensis,https://apps.lucidcentral.org/rainforest/text/entities/ackama_australiensis.htm
Ackama paniculosa,https://apps.lucidcentral.org/rainforest/text/entities/ackama_paniculosa.htm
Acronychia aberrans,https://apps.lucidcentral.org/rainforest/text/entities/acronychia_aberrans.htm
Acronychia acidula,https://apps.lucidcentral.org/rainforest/text/entities/acronychia_acidula.htm
Acronychia acronychioides,https://apps.lucidcentral.org/rainforest/text/entities/acronychia_acronychioides.htm
Acronychia acuminata,https://apps.lucidcentral.org/rainforest/text/entities/acronychia_acuminata.htm
Acronychia chooreechillum,https://apps.lucidcentral.org/rainforest/text/entities/acronychia_chooreechillum.htm
Acronychia crassipetala,https://apps.lucidcentral.org/rainforest/text/entities/acronychia_crassipetala.htm
Acronychia eungellensis,https://apps.lucidcentral.org/rainforest/text/entities/acronychia_eungellensis.htm
Acronychia imperforata,https://apps.lucidcentral.org/rainforest/text/entities/acronychia_imperforata.htm
Acronychia laevis,https://apps.lucidcentral.org/rainforest/text/entities/acronychia_laevis.htm
Acronychia parviflora,https://apps.lucidcentral.org/rainforest/text/entities/acronychia_parviflora.htm
Acronychia pauciflora,https://apps.lucidcentral.org/rainforest/text/entities/acronychia_pauciflora.htm
Acronychia peninsularis,https://apps.lucidcentral.org/rainforest/text/entities/acronychia_peninsularis.htm
Acronychia vestita,https://apps.lucidcentral.org/rainforest/text/entities/acronychia_vestita.htm
Acrothamnus spathaceus,https://apps.lucidcentral.org/rainforest/text/entities/acrothamnus_spathaceus.htm
Acrotriche aggregata,https://apps.lucidcentral.org/rainforest/text/entities/acrotriche_aggregata.htm
Acrotriche baileyana,https://apps.lucidcentral.org/rainforest/text/entities/acrotriche_baileyana.htm
Actephila bella,https://apps.lucidcentral.org/rainforest/text/entities/actephila_bella.htm
Actephila championiae,https://apps.lucidcentral.org/rainforest/text/entities/actephila_championiae.htm
Actephila foetida,https://apps.lucidcentral.org/rainforest/text/entities/actephila_foetida.htm
Actephila forsteri,https://apps.lucidcentral.org/rainforest/text/entities/actephila_forsteri.htm
Actephila latifolia,https://apps.lucidcentral.org/rainforest/text/entities/actephila_latifolia.htm
Actephila lindleyi,https://apps.lucidcentral.org/rainforest/text/entities/actephila_lindleyi.htm
Actephila petiolaris subsp. jagonis,https://apps.lucidcentral.org/rainforest/text/entities/actephila_petiolaris_subsp._jagonis.htm
Actephila petiolaris subsp. petiolaris,https://apps.lucidcentral.org/rainforest/text/entities/actephila_petiolaris_subsp._petiolaris.htm
Actephila plicata,https://apps.lucidcentral.org/rainforest/text/entities/actephila_plicata.htm
Actephila sessilifolia,https://apps.lucidcentral.org/rainforest/text/entities/actephila_sessilifolia.htm
Actephila traceyi,https://apps.lucidcentral.org/rainforest/text/entities/actephila_traceyi.htm
Actephila venusta,https://apps.lucidcentral.org/rainforest/text/entities/actephila_venusta.htm
Actephila vernicosa,https://apps.lucidcentral.org/rainforest/text/entities/actephila_vernicosa.htm
Actinidiaceae,https://apps.lucidcentral.org/rainforest/text/entities/actinidiaceae.htm
Adansonia gregorii,https://apps.lucidcentral.org/rainforest/text/entities/adansonia_gregorii.htm
Adenanthera pavonina,https://apps.lucidcentral.org/rainforest/text/entities/adenanthera_pavonina.htm
Adenia heterophylla subsp. australis,https://apps.lucidcentral.org/rainforest/text/entities/adenia_heterophylla_subsp._australis.htm
Adenia heterophylla subsp. heterophylla,https://apps.lucidcentral.org/rainforest/text/entities/adenia_heterophylla_subsp._heterophylla.htm
Adenostemma lavenia,https://apps.lucidcentral.org/rainforest/text/entities/adenostemma_lavenia.htm
Adenostemma macrophyllum,https://apps.lucidcentral.org/rainforest/text/entities/adenostemma_macrophyllum.htm
Adoxaceae,https://apps.lucidcentral.org/rainforest/text/entities/adoxaceae.htm
Aeschynomene americana,https://apps.lucidcentral.org/rainforest/text/entities/aeschynomene_americana.htm
Afrohybanthus enneaspermus,https://apps.lucidcentral.org/rainforest/text/entities/afrohybanthus_enneaspermus.htm
Afrohybanthus stellarioides,https://apps.lucidcentral.org/rainforest/text/entities/afrohybanthus_stellarioides.htm
Agathis atropurpurea,https://apps.lucidcentral.org/rainforest/text/entities/agathis_atropurpurea.htm
Agathis microstachya,https://apps.lucidcentral.org/rainforest/text/entities/agathis_microstachya.htm
Agathis robusta,https://apps.lucidcentral.org/rainforest/text/entities/agathis_robusta.htm
Ageratina riparia,https://apps.lucidcentral.org/rainforest/text/entities/ageratina_riparia.htm
Ageratum conyzoides subsp. conyzoides,https://apps.lucidcentral.org/rainforest/text/entities/ageratum_conyzoides_subsp._conyzoides.htm
Aglaia argentea,https://apps.lucidcentral.org/rainforest/text/entities/aglaia_argentea.htm
Aglaia australiensis,https://apps.lucidcentral.org/rainforest/text/entities/aglaia_australiensis.htm
Aglaia brassii,https://apps.lucidcentral.org/rainforest/text/entities/aglaia_brassii.htm
Aglaia brownii,https://apps.lucidcentral.org/rainforest/text/entities/aglaia_brownii.htm
Aglaia cooperae,https://apps.lucidcentral.org/rainforest/text/entities/aglaia_cooperae.htm
Aglaia elaeagnoidea,https://apps.lucidcentral.org/rainforest/text/entities/aglaia_elaeagnoidea.htm
Aglaia euryanthera,https://apps.lucidcentral.org/rainforest/text/entities/aglaia_euryanthera.htm
Aglaia ferruginea,https://apps.lucidcentral.org/rainforest/text/entities/aglaia_ferruginea.htm
Aglaia meridionalis,https://apps.lucidcentral.org/rainforest/text/entities/aglaia_meridionalis.htm
Aglaia sapindina,https://apps.lucidcentral.org/rainforest/text/entities/aglaia_sapindina.htm
Aglaia silvestris,https://apps.lucidcentral.org/rainforest/text/entities/aglaia_silvestris.htm
Aglaia spectabilis,https://apps.lucidcentral.org/rainforest/text/entities/aglaia_spectabilis.htm
Aidia cowleyi,https://apps.lucidcentral.org/rainforest/text/entities/aidia_cowleyi.htm
Aidia racemosa,https://apps.lucidcentral.org/rainforest/text/entities/aidia_racemosa.htm
Ailanthus integrifolia subsp. integrifolia,https://apps.lucidcentral.org/rainforest/text/entities/ailanthus_integrifolia_subsp._integrifolia.htm
Ailanthus triphysa,https://apps.lucidcentral.org/rainforest/text/entities/ailanthus_triphysa.htm
Alangium polyosmoides subsp. polyosmoides,https://apps.lucidcentral.org/rainforest/text/entities/alangium_polyosmoides_subsp._polyosmoides.htm
Alangium polyosmoides subsp. tomentosum,https://apps.lucidcentral.org/rainforest/text/entities/alangium_polyosmoides_subsp._tomentosum.htm
Alangium solomonense,https://apps.lucidcentral.org/rainforest/text/entities/alangium_solomonense.htm
Albizia canescens,https://apps.lucidcentral.org/rainforest/text/entities/albizia_canescens.htm
Albizia lebbeck,https://apps.lucidcentral.org/rainforest/text/entities/albizia_lebbeck.htm
Albizia procera,https://apps.lucidcentral.org/rainforest/text/entities/albizia_procera.htm
Albizia retusa,https://apps.lucidcentral.org/rainforest/text/entities/albizia_retusa.htm
Albizia sp. Sir Charles Hardy Is (B.Hyland 25849RFK),https://apps.lucidcentral.org/rainforest/text/entities/albizia_sp__sir_charles_hardy_is_b_hyland_25849rfk.htm
Albizia sp. Windsor Tableland (B.Gray 2181),https://apps.lucidcentral.org/rainforest/text/entities/albizia_sp__windsor_tableland_b_gray_2181.htm
Alchornea ilicifolia,https://apps.lucidcentral.org/rainforest/text/entities/alchornea_ilicifolia.htm
Alchornea rugosa,https://apps.lucidcentral.org/rainforest/text/entities/alchornea_rugosa.htm
Alchornea thozetiana,https://apps.lucidcentral.org/rainforest/text/entities/alchornea_thozetiana.htm
Alectryon connatus,https://apps.lucidcentral.org/rainforest/text/entities/alectryon_connatus.htm
Alectryon diversifolius,https://apps.lucidcentral.org/rainforest/text/entities/alectryon_diversifolius.htm
Alectryon kimberleyanus,https://apps.lucidcentral.org/rainforest/text/entities/alectryon_kimberleyanus.htm
Alectryon oleifolius subsp. elongatus,https://apps.lucidcentral.org/rainforest/text/entities/alectryon_oleifolius_subsp._elongatus.htm
Alectryon reticulatus,https://apps.lucidcentral.org/rainforest/text/entities/alectryon_reticulatus.htm
Alectryon semicinereus,https://apps.lucidcentral.org/rainforest/text/entities/alectryon_semicinereus.htm
Alectryon subdentatus,https://apps.lucidcentral.org/rainforest/text/entities/alectryon_subdentatus.htm
Alectryon tomentosus,https://apps.lucidcentral.org/rainforest/text/entities/alectryon_tomentosus.htm
Alectryon tropicus,https://apps.lucidcentral.org/rainforest/text/entities/alectryon_tropicus.htm
Aleurites moluccanus,https://apps.lucidcentral.org/rainforest/text/entities/aleurites_moluccanus.htm
Aleurites rockinghamensis,https://apps.lucidcentral.org/rainforest/text/entities/aleurites_rockinghamensis.htm
Allamanda cathartica,https://apps.lucidcentral.org/rainforest/text/entities/allamanda_cathartica.htm
Allocasuarina torulosa,https://apps.lucidcentral.org/rainforest/text/entities/allocasuarina_torulosa.htm
Allophylus cobbe,https://apps.lucidcentral.org/rainforest/text/entities/allophylus_cobbe.htm
Allosyncarpia ternata,https://apps.lucidcentral.org/rainforest/text/entities/allosyncarpia_ternata.htm
Alloxylon flammeum,https://apps.lucidcentral.org/rainforest/text/entities/alloxylon_flammeum.htm
Alloxylon wickhamii,https://apps.lucidcentral.org/rainforest/text/entities/alloxylon_wickhamii.htm
Alocasia brisbanensis,https://apps.lucidcentral.org/rainforest/text/entities/alocasia_brisbanensis.htm
Alphitonia excelsa,https://apps.lucidcentral.org/rainforest/text/entities/alphitonia_excelsa.htm
Alphitonia oblata,https://apps.lucidcentral.org/rainforest/text/entities/alphitonia_oblata.htm
Alphitonia petriei,https://apps.lucidcentral.org/rainforest/text/entities/alphitonia_petriei.htm
Alphitonia whitei,https://apps.lucidcentral.org/rainforest/text/entities/alphitonia_whitei.htm
Alpinia arctiflora,https://apps.lucidcentral.org/rainforest/text/entities/alpinia_arctiflora.htm
Alpinia caerulea,https://apps.lucidcentral.org/rainforest/text/entities/alpinia_caerulea.htm
Alpinia hylandii,https://apps.lucidcentral.org/rainforest/text/entities/alpinia_hylandii.htm
Alpinia modesta,https://apps.lucidcentral.org/rainforest/text/entities/alpinia_modesta.htm
Alseuosmiaceae,https://apps.lucidcentral.org/rainforest/text/entities/alseuosmiaceae.htm
Alstonia actinophylla,https://apps.lucidcentral.org/rainforest/text/entities/alstonia_actinophylla.htm
Alstonia constricta,https://apps.lucidcentral.org/rainforest/text/entities/alstonia_constricta.htm
Alstonia linearis,https://apps.lucidcentral.org/rainforest/text/entities/alstonia_linearis.htm
Alstonia muelleriana,https://apps.lucidcentral.org/rainforest/text/entities/alstonia_muelleriana.htm
Alstonia scholaris,https://apps.lucidcentral.org/rainforest/text/entities/alstonia_scholaris.htm
Alstonia spectabilis subsp. ophioxyloides,https://apps.lucidcentral.org/rainforest/text/entities/alstonia_spectabilis_subsp._ophioxyloides.htm
Alstonia spectabilis subsp. spectabilis,https://apps.lucidcentral.org/rainforest/text/entities/alstonia_spectabilis_subsp._spectabilis.htm
Alternanthera ficoidea,https://apps.lucidcentral.org/rainforest/text/entities/alternanthera_ficoidea.htm
Alternanthera nana,https://apps.lucidcentral.org/rainforest/text/entities/alternanthera_nana.htm
Alyxia grandis,https://apps.lucidcentral.org/rainforest/text/entities/alyxia_grandis.htm
Alyxia ilicifolia,https://apps.lucidcentral.org/rainforest/text/entities/alyxia_ilicifolia.htm
Alyxia magnifolia,https://apps.lucidcentral.org/rainforest/text/entities/alyxia_magnifolia.htm
Alyxia oblongata,https://apps.lucidcentral.org/rainforest/text/entities/alyxia_oblongata.htm
Alyxia orophila,https://apps.lucidcentral.org/rainforest/text/entities/alyxia_orophila.htm
Alyxia ruscifolia,https://apps.lucidcentral.org/rainforest/text/entities/alyxia_ruscifolia.htm
Alyxia spicata,https://apps.lucidcentral.org/rainforest/text/entities/alyxia_spicata.htm
Alyxia stellata,https://apps.lucidcentral.org/rainforest/text/entities/alyxia_stellata.htm
Amaracarpus nematopodus,https://apps.lucidcentral.org/rainforest/text/entities/amaracarpus_nematopodus.htm
Amaranthaceae,https://apps.lucidcentral.org/rainforest/text/entities/amaranthaceae.htm
Amaranthus hybridus,https://apps.lucidcentral.org/rainforest/text/entities/amaranthus_hybridus.htm
Amaranthus interruptus,https://apps.lucidcentral.org/rainforest/text/entities/amaranthus_interruptus.htm
Amaranthus rhombeus,https://apps.lucidcentral.org/rainforest/text/entities/amaranthus_rhombeus.htm
Amaranthus spinosus,https://apps.lucidcentral.org/rainforest/text/entities/amaranthus_spinosus.htm
Amaryllidaceae,https://apps.lucidcentral.org/rainforest/text/entities/amaryllidaceae.htm
Amomum queenslandicum,https://apps.lucidcentral.org/rainforest/text/entities/amomum_queenslandicum.htm
Amorphophallus galbra,https://apps.lucidcentral.org/rainforest/text/entities/amorphophallus_galbra.htm
Amorphophallus paeoniifolius,https://apps.lucidcentral.org/rainforest/text/entities/amorphophallus_paeoniifolius.htm
Amorphospermum antilogum,https://apps.lucidcentral.org/rainforest/text/entities/amorphospermum_antilogum.htm
Ampelocissus acetosa,https://apps.lucidcentral.org/rainforest/text/entities/ampelocissus_acetosa.htm
Ampelocissus gardineri,https://apps.lucidcentral.org/rainforest/text/entities/ampelocissus_gardineri.htm
Amyema bifurcata,https://apps.lucidcentral.org/rainforest/text/entities/amyema_bifurcata.htm
Amyema congener subsp. congener,https://apps.lucidcentral.org/rainforest/text/entities/amyema_congener_subsp._congener.htm
Amyema congener subsp. divergens,https://apps.lucidcentral.org/rainforest/text/entities/amyema_congener_subsp._divergens.htm
Amyema conspicua subsp. conspicua,https://apps.lucidcentral.org/rainforest/text/entities/amyema_conspicua_subsp._conspicua.htm
Amyema dolichopoda,https://apps.lucidcentral.org/rainforest/text/entities/amyema_dolichopoda.htm
Amyema friesiana,https://apps.lucidcentral.org/rainforest/text/entities/amyema_friesiana.htm
Amyema glabra,https://apps.lucidcentral.org/rainforest/text/entities/amyema_glabra.htm
Amyema plicatula,https://apps.lucidcentral.org/rainforest/text/entities/amyema_plicatula.htm
Amyema quandang,https://apps.lucidcentral.org/rainforest/text/entities/amyema_quandang.htm
Amyema quaternifolia,https://apps.lucidcentral.org/rainforest/text/entities/amyema_quaternifolia.htm
Amyema queenslandica,https://apps.lucidcentral.org/rainforest/text/entities/amyema_queenslandica.htm
Amyema seemeniana,https://apps.lucidcentral.org/rainforest/text/entities/amyema_seemeniana.htm
Amyema villiflora subsp. tomentilla,https://apps.lucidcentral.org/rainforest/text/entities/amyema_villiflora_subsp._tomentilla.htm
Amyema villiflora subsp. villiflora,https://apps.lucidcentral.org/rainforest/text/entities/amyema_villiflora_subsp._villiflora.htm
Amyema whitei,https://apps.lucidcentral.org/rainforest/text/entities/amyema_whitei.htm
Amylotheca dictyophleba,https://apps.lucidcentral.org/rainforest/text/entities/amylotheca_dictyophleba.htm
Anacardiaceae,https://apps.lucidcentral.org/rainforest/text/entities/anacardiaceae.htm
Anacolosa papuana,https://apps.lucidcentral.org/rainforest/text/entities/anacolosa_papuana.htm
Ancistrachne uncinulata,https://apps.lucidcentral.org/rainforest/text/entities/ancistrachne_uncinulata.htm
Aneilema acuminatum,https://apps.lucidcentral.org/rainforest/text/entities/aneilema_acuminatum.htm
Aneilema papuanum,https://apps.lucidcentral.org/rainforest/text/entities/aneilema_papuanum.htm
Aneilema siliculosum,https://apps.lucidcentral.org/rainforest/text/entities/aneilema_siliculosum.htm
Anisomeles inodora,https://apps.lucidcentral.org/rainforest/text/entities/anisomeles_inodora.htm
Anisomeles macdonaldii,https://apps.lucidcentral.org/rainforest/text/entities/anisomeles_macdonaldii.htm
Anisomeles moschata,https://apps.lucidcentral.org/rainforest/text/entities/anisomeles_moschata.htm
Annona glabra,https://apps.lucidcentral.org/rainforest/text/entities/annona_glabra.htm
Annona squamosa,https://apps.lucidcentral.org/rainforest/text/entities/annona_squamosa.htm
Annonaceae,https://apps.lucidcentral.org/rainforest/text/entities/annonaceae.htm
Anredera cordifolia,https://apps.lucidcentral.org/rainforest/text/entities/anredera_cordifolia.htm
Anthobolus filifolius,https://apps.lucidcentral.org/rainforest/text/entities/anthobolus_filifolius.htm
Anthocarapa nitidula,https://apps.lucidcentral.org/rainforest/text/entities/anthocarapa_nitidula.htm
Antiaris toxicaria subsp. macrophylla,https://apps.lucidcentral.org/rainforest/text/entities/antiaris_toxicaria_subsp._macrophylla.htm
Antidesma bunius,https://apps.lucidcentral.org/rainforest/text/entities/antidesma_bunius.htm
Antidesma erostre,https://apps.lucidcentral.org/rainforest/text/entities/antidesma_erostre.htm
Antidesma ghaesembilla,https://apps.lucidcentral.org/rainforest/text/entities/antidesma_ghaesembilla.htm
Antidesma hylandii,https://apps.lucidcentral.org/rainforest/text/entities/antidesma_hylandii.htm
Antidesma parvifolium,https://apps.lucidcentral.org/rainforest/text/entities/antidesma_parvifolium.htm
Antirhea ovatifolia,https://apps.lucidcentral.org/rainforest/text/entities/antirhea_ovatifolia.htm
Antirhea putaminosa,https://apps.lucidcentral.org/rainforest/text/entities/antirhea_putaminosa.htm
Antirhea sp. Mt Lewis (B.Gray 5733),https://apps.lucidcentral.org/rainforest/text/entities/antirhea_sp__mt_lewis_b_gray_5733.htm
Antirhea tenuiflora,https://apps.lucidcentral.org/rainforest/text/entities/antirhea_tenuiflora.htm
Aphananthe philippinensis,https://apps.lucidcentral.org/rainforest/text/entities/aphananthe_philippinensis.htm
Aphyllorchis anomala,https://apps.lucidcentral.org/rainforest/text/entities/aphyllorchis_anomala.htm
Aphyllorchis queenslandica,https://apps.lucidcentral.org/rainforest/text/entities/aphyllorchis_queenslandica.htm
Apiaceae,https://apps.lucidcentral.org/rainforest/text/entities/apiaceae.htm
Apocynaceae,https://apps.lucidcentral.org/rainforest/text/entities/apocynaceae.htm
Apodytes brachystylis,https://apps.lucidcentral.org/rainforest/text/entities/apodytes_brachystylis.htm
Apowollastonia longipes,https://apps.lucidcentral.org/rainforest/text/entities/apowollastonia_longipes.htm
Aquifoliaceae,https://apps.lucidcentral.org/rainforest/text/entities/aquifoliaceae.htm
Araceae,https://apps.lucidcentral.org/rainforest/text/entities/araceae.htm
Araliaceae,https://apps.lucidcentral.org/rainforest/text/entities/araliaceae.htm
Araucaria bidwillii,https://apps.lucidcentral.org/rainforest/text/entities/araucaria_bidwillii.htm
Araucaria cunninghamii var. cunninghamii,https://apps.lucidcentral.org/rainforest/text/entities/araucaria_cunninghamii_var._cunninghamii.htm
Araucariaceae,https://apps.lucidcentral.org/rainforest/text/entities/araucariaceae.htm
Archidendron grandiflorum,https://apps.lucidcentral.org/rainforest/text/entities/archidendron_grandiflorum.htm
Archidendron hendersonii,https://apps.lucidcentral.org/rainforest/text/entities/archidendron_hendersonii.htm
Archidendron hirsutum,https://apps.lucidcentral.org/rainforest/text/entities/archidendron_hirsutum.htm
Archidendron kanisii,https://apps.lucidcentral.org/rainforest/text/entities/archidendron_kanisii.htm
Archidendron lucyi,https://apps.lucidcentral.org/rainforest/text/entities/archidendron_lucyi.htm
Archidendron ramiflorum,https://apps.lucidcentral.org/rainforest/text/entities/archidendron_ramiflorum.htm
Archidendron vaillantii,https://apps.lucidcentral.org/rainforest/text/entities/archidendron_vaillantii.htm
Archidendron whitei,https://apps.lucidcentral.org/rainforest/text/entities/archidendron_whitei.htm
Archidendropsis thozetiana,https://apps.lucidcentral.org/rainforest/text/entities/archidendropsis_thozetiana.htm
Archidendropsis xanthoxylon,https://apps.lucidcentral.org/rainforest/text/entities/archidendropsis_xanthoxylon.htm
Archirhodomyrtus beckleri,https://apps.lucidcentral.org/rainforest/text/entities/archirhodomyrtus_beckleri.htm
Archontophoenix alexandrae,https://apps.lucidcentral.org/rainforest/text/entities/archontophoenix_alexandrae.htm
Archontophoenix cunninghamiana,https://apps.lucidcentral.org/rainforest/text/entities/archontophoenix_cunninghamiana.htm
Archontophoenix maxima,https://apps.lucidcentral.org/rainforest/text/entities/archontophoenix_maxima.htm
Archontophoenix myolensis,https://apps.lucidcentral.org/rainforest/text/entities/archontophoenix_myolensis.htm
Archontophoenix purpurea,https://apps.lucidcentral.org/rainforest/text/entities/archontophoenix_purpurea.htm
Archontophoenix tuckeri,https://apps.lucidcentral.org/rainforest/text/entities/archontophoenix_tuckeri.htm
Ardisia brevipedata,https://apps.lucidcentral.org/rainforest/text/entities/ardisia_brevipedata.htm
Ardisia crenata,https://apps.lucidcentral.org/rainforest/text/entities/ardisia_crenata.htm
Ardisia elliptica,https://apps.lucidcentral.org/rainforest/text/entities/ardisia_elliptica.htm
Ardisia fasciculata,https://apps.lucidcentral.org/rainforest/text/entities/ardisia_fasciculata.htm
Ardisia hylandii,https://apps.lucidcentral.org/rainforest/text/entities/ardisia_hylandii.htm
Ardisia pachyrrhachis,https://apps.lucidcentral.org/rainforest/text/entities/ardisia_pachyrrhachis.htm
Arecaceae,https://apps.lucidcentral.org/rainforest/text/entities/arecaceae.htm
Arenga australasica,https://apps.lucidcentral.org/rainforest/text/entities/arenga_australasica.htm
Arenga microcarpa,https://apps.lucidcentral.org/rainforest/text/entities/arenga_microcarpa.htm
Argophyllaceae,https://apps.lucidcentral.org/rainforest/text/entities/argophyllaceae.htm
Argophyllum cryptophlebum,https://apps.lucidcentral.org/rainforest/text/entities/argophyllum_cryptophlebum.htm
Argophyllum curtum,https://apps.lucidcentral.org/rainforest/text/entities/argophyllum_curtum.htm
Argophyllum ferrugineum,https://apps.lucidcentral.org/rainforest/text/entities/argophyllum_ferrugineum.htm
Argophyllum heterodontum,https://apps.lucidcentral.org/rainforest/text/entities/argophyllum_heterodontum.htm
Argophyllum iridescens,https://apps.lucidcentral.org/rainforest/text/entities/argophyllum_iridescens.htm
Argophyllum jagonis,https://apps.lucidcentral.org/rainforest/text/entities/argophyllum_jagonis.htm
Argophyllum lejourdanii,https://apps.lucidcentral.org/rainforest/text/entities/argophyllum_lejourdanii.htm
Argophyllum loxotrichum,https://apps.lucidcentral.org/rainforest/text/entities/argophyllum_loxotrichum.htm
Argophyllum nullumense,https://apps.lucidcentral.org/rainforest/text/entities/argophyllum_nullumense.htm
Argophyllum verae,https://apps.lucidcentral.org/rainforest/text/entities/argophyllum_verae.htm
Argyreia nervosa,https://apps.lucidcentral.org/rainforest/text/entities/argyreia_nervosa.htm
Argyrodendron actinophyllum subsp. diversifolium,https://apps.lucidcentral.org/rainforest/text/entities/argyrodendron_actinophyllum_subsp._diversifolium.htm
Argyrodendron peralatum,https://apps.lucidcentral.org/rainforest/text/entities/argyrodendron_peralatum.htm
Argyrodendron polyandrum,https://apps.lucidcentral.org/rainforest/text/entities/argyrodendron_polyandrum.htm
Argyrodendron sp. Boonjee (B.Hyland 2139RFK),https://apps.lucidcentral.org/rainforest/text/entities/argyrodendron_sp__boonjee_b_hyland_2139rfk.htm
Argyrodendron sp. Mt Haig ( L.S.Smith 14307),https://apps.lucidcentral.org/rainforest/text/entities/argyrodendron_sp__mt_haig__l_s.smith_14307.htm
Argyrodendron sp. Penta Tulip Oak (B.Hyland 2565RFK),https://apps.lucidcentral.org/rainforest/text/entities/argyrodendron_sp__penta_tulip_oak_b_hyland_2565rfk.htm
Argyrodendron sp. Whitsundays (W.J.McDonald 5831),https://apps.lucidcentral.org/rainforest/text/entities/argyrodendron_sp__whitsundays_w_j.mcdonald_5831.htm
Argyrodendron sp. Whyanbeel (B.Hyland 1106RFK),https://apps.lucidcentral.org/rainforest/text/entities/argyrodendron_sp__whyanbeel_b_hyland_1106rfk.htm
Argyrodendron trifoliolatum,https://apps.lucidcentral.org/rainforest/text/entities/argyrodendron_trifoliolatum.htm
Aristida exserta,https://apps.lucidcentral.org/rainforest/text/entities/aristida_exserta.htm
Aristida queenslandica var. dissimilis,https://apps.lucidcentral.org/rainforest/text/entities/aristida_queenslandica_var._dissimilis.htm
Aristida superpendens,https://apps.lucidcentral.org/rainforest/text/entities/aristida_superpendens.htm
Aristolochia acuminata,https://apps.lucidcentral.org/rainforest/text/entities/aristolochia_acuminata.htm
Aristolochia australopithecurus,https://apps.lucidcentral.org/rainforest/text/entities/aristolochia_australopithecurus.htm
Aristolochia chalmersii,https://apps.lucidcentral.org/rainforest/text/entities/aristolochia_chalmersii.htm
Aristolochia deltantha,https://apps.lucidcentral.org/rainforest/text/entities/aristolochia_deltantha.htm
Aristolochia elegans,https://apps.lucidcentral.org/rainforest/text/entities/aristolochia_elegans.htm
Aristolochia indica,https://apps.lucidcentral.org/rainforest/text/entities/aristolochia_indica.htm
Aristolochia peninsulensis,https://apps.lucidcentral.org/rainforest/text/entities/aristolochia_peninsulensis.htm
Aristolochia praevenosa,https://apps.lucidcentral.org/rainforest/text/entities/aristolochia_praevenosa.htm
Aristolochia pubera var. aromatica,https://apps.lucidcentral.org/rainforest/text/entities/aristolochia_pubera_var._aromatica.htm
Aristolochia pubera var. pubera,https://apps.lucidcentral.org/rainforest/text/entities/aristolochia_pubera_var._pubera.htm
Aristolochia sparusifolia,https://apps.lucidcentral.org/rainforest/text/entities/aristolochia_sparusifolia.htm
Aristolochia thozetii,https://apps.lucidcentral.org/rainforest/text/entities/aristolochia_thozetii.htm
Aristolochiaceae,https://apps.lucidcentral.org/rainforest/text/entities/aristolochiaceae.htm
Artabotrys carnosipetalus,https://apps.lucidcentral.org/rainforest/text/entities/artabotrys_carnosipetalus.htm
Artanema fimbriatum,https://apps.lucidcentral.org/rainforest/text/entities/artanema_fimbriatum.htm
Arthragrostis deschampsioides,https://apps.lucidcentral.org/rainforest/text/entities/arthragrostis_deschampsioides.htm
Arthrostylis aphylla,https://apps.lucidcentral.org/rainforest/text/entities/arthrostylis_aphylla.htm
Artocarpus glaucus,https://apps.lucidcentral.org/rainforest/text/entities/artocarpus_glaucus.htm
Artocarpus heterophyllus,https://apps.lucidcentral.org/rainforest/text/entities/artocarpus_heterophyllus.htm
Arundinella nepalensis,https://apps.lucidcentral.org/rainforest/text/entities/arundinella_nepalensis.htm
Arytera bifoliolata,https://apps.lucidcentral.org/rainforest/text/entities/arytera_bifoliolata.htm
Arytera divaricata,https://apps.lucidcentral.org/rainforest/text/entities/arytera_divaricata.htm
Arytera pauciflora,https://apps.lucidcentral.org/rainforest/text/entities/arytera_pauciflora.htm
Arytera pseudofoveolata,https://apps.lucidcentral.org/rainforest/text/entities/arytera_pseudofoveolata.htm
Arytera sp. Dryander Creek (P.R.Sharpe 4184),https://apps.lucidcentral.org/rainforest/text/entities/arytera_sp__dryander_creek_p_r.sharpe_4184.htm
Asclepias curassavica,https://apps.lucidcentral.org/rainforest/text/entities/asclepias_curassavica.htm
Asparagaceae,https://apps.lucidcentral.org/rainforest/text/entities/asparagaceae.htm
Asparagus aethiopicus,https://apps.lucidcentral.org/rainforest/text/entities/asparagus_aethiopicus.htm
Asparagus plumosus,https://apps.lucidcentral.org/rainforest/text/entities/asparagus_plumosus.htm
Asparagus racemosus,https://apps.lucidcentral.org/rainforest/text/entities/asparagus_racemosus.htm
Asteraceae,https://apps.lucidcentral.org/rainforest/text/entities/asteraceae.htm
Asteromyrtus angustifolia,https://apps.lucidcentral.org/rainforest/text/entities/asteromyrtus_angustifolia.htm
Asteromyrtus brassii,https://apps.lucidcentral.org/rainforest/text/entities/asteromyrtus_brassii.htm
Asystasia australasica,https://apps.lucidcentral.org/rainforest/text/entities/asystasia_australasica.htm
Asystasia sp. Newcastle Bay (L.J.Brass 18671),https://apps.lucidcentral.org/rainforest/text/entities/asystasia_sp__newcastle_bay_l_j.brass_18671.htm
Atalaya angustifolia,https://apps.lucidcentral.org/rainforest/text/entities/atalaya_angustifolia.htm
Atalaya australiana,https://apps.lucidcentral.org/rainforest/text/entities/atalaya_australiana.htm
Atalaya calcicola,https://apps.lucidcentral.org/rainforest/text/entities/atalaya_calcicola.htm
Atalaya hemiglauca,https://apps.lucidcentral.org/rainforest/text/entities/atalaya_hemiglauca.htm
Atalaya multiflora,https://apps.lucidcentral.org/rainforest/text/entities/atalaya_multiflora.htm
Atalaya rigida,https://apps.lucidcentral.org/rainforest/text/entities/atalaya_rigida.htm
Atalaya salicifolia,https://apps.lucidcentral.org/rainforest/text/entities/atalaya_salicifolia.htm
Atalaya sericopetala,https://apps.lucidcentral.org/rainforest/text/entities/atalaya_sericopetala.htm
Atalaya variifolia,https://apps.lucidcentral.org/rainforest/text/entities/atalaya_variifolia.htm
Atherospermataceae,https://apps.lucidcentral.org/rainforest/text/entities/atherospermataceae.htm
Athertonia diversifolia,https://apps.lucidcentral.org/rainforest/text/entities/athertonia_diversifolia.htm
Atractocarpus fitzalanii subsp. fitzalanii,https://apps.lucidcentral.org/rainforest/text/entities/atractocarpus_fitzalanii_subsp._fitzalanii.htm
Atractocarpus fitzalanii subsp. tenuipes,https://apps.lucidcentral.org/rainforest/text/entities/atractocarpus_fitzalanii_subsp._tenuipes.htm
Atractocarpus hirtus,https://apps.lucidcentral.org/rainforest/text/entities/atractocarpus_hirtus.htm
Atractocarpus merikin,https://apps.lucidcentral.org/rainforest/text/entities/atractocarpus_merikin.htm
Atractocarpus sessilis,https://apps.lucidcentral.org/rainforest/text/entities/atractocarpus_sessilis.htm
Auranticarpa edentata,https://apps.lucidcentral.org/rainforest/text/entities/auranticarpa_edentata.htm
Auranticarpa ilicifolia,https://apps.lucidcentral.org/rainforest/text/entities/auranticarpa_ilicifolia.htm
Auranticarpa papyracea,https://apps.lucidcentral.org/rainforest/text/entities/auranticarpa_papyracea.htm
Auranticarpa rhombifolia,https://apps.lucidcentral.org/rainforest/text/entities/auranticarpa_rhombifolia.htm
Austrobaileya scandens,https://apps.lucidcentral.org/rainforest/text/entities/austrobaileya_scandens.htm
Austrobaileyaceae,https://apps.lucidcentral.org/rainforest/text/entities/austrobaileyaceae.htm
Austrobuxus megacarpus,https://apps.lucidcentral.org/rainforest/text/entities/austrobuxus_megacarpus.htm
Austrocallerya australis,https://apps.lucidcentral.org/rainforest/text/entities/austrocallerya_australis.htm
Austrocallerya pilipes,https://apps.lucidcentral.org/rainforest/text/entities/austrocallerya_pilipes.htm
Austromatthaea elegans,https://apps.lucidcentral.org/rainforest/text/entities/austromatthaea_elegans.htm
Austromuellera trinervia,https://apps.lucidcentral.org/rainforest/text/entities/austromuellera_trinervia.htm
Austromuellera valida,https://apps.lucidcentral.org/rainforest/text/entities/austromuellera_valida.htm
Austrosteenisia blackii,https://apps.lucidcentral.org/rainforest/text/entities/austrosteenisia_blackii.htm
Austrosteenisia mollitricha,https://apps.lucidcentral.org/rainforest/text/entities/austrosteenisia_mollitricha.htm
Austrosteenisia stipularis,https://apps.lucidcentral.org/rainforest/text/entities/austrosteenisia_stipularis.htm
Axonopus compressus,https://apps.lucidcentral.org/rainforest/text/entities/axonopus_compressus.htm
Axonopus fissifolius,https://apps.lucidcentral.org/rainforest/text/entities/axonopus_fissifolius.htm
Azanza thespesioides,https://apps.lucidcentral.org/rainforest/text/entities/azanza_thespesioides.htm
NA,https://apps.lucidcentral.org/rainforest/text/entities/NA.htm
NA,https://apps.lucidcentral.org/rainforest/text/entities/NA.htm
NA,https://apps.lucidcentral.org/rainforest/text/entities/NA.htm
B,https://apps.lucidcentral.org/rainforest/text/entities/b.htm
Backhousia angustifolia,https://apps.lucidcentral.org/rainforest/text/entities/backhousia_angustifolia.htm
Backhousia bancroftii,https://apps.lucidcentral.org/rainforest/text/entities/backhousia_bancroftii.htm
Backhousia citriodora,https://apps.lucidcentral.org/rainforest/text/entities/backhousia_citriodora.htm
Backhousia enata,https://apps.lucidcentral.org/rainforest/text/entities/backhousia_enata.htm
Backhousia gundarara,https://apps.lucidcentral.org/rainforest/text/entities/backhousia_gundarara.htm
Backhousia hughesii,https://apps.lucidcentral.org/rainforest/text/entities/backhousia_hughesii.htm
Backhousia kingii,https://apps.lucidcentral.org/rainforest/text/entities/backhousia_kingii.htm
Backhousia tetraptera,https://apps.lucidcentral.org/rainforest/text/entities/backhousia_tetraptera.htm
Baileyoxylon lanceolatum,https://apps.lucidcentral.org/rainforest/text/entities/baileyoxylon_lanceolatum.htm
Balanopaceae,https://apps.lucidcentral.org/rainforest/text/entities/balanopaceae.htm
Balanophora fungosa subsp. fungosa,https://apps.lucidcentral.org/rainforest/text/entities/balanophora_fungosa_subsp._fungosa.htm
Balanophora fungosa subsp. indica,https://apps.lucidcentral.org/rainforest/text/entities/balanophora_fungosa_subsp._indica.htm
Balanophoraceae,https://apps.lucidcentral.org/rainforest/text/entities/balanophoraceae.htm
Balanops australiana,https://apps.lucidcentral.org/rainforest/text/entities/balanops_australiana.htm
Baloghia inophylla,https://apps.lucidcentral.org/rainforest/text/entities/baloghia_inophylla.htm
Baloghia parviflora,https://apps.lucidcentral.org/rainforest/text/entities/baloghia_parviflora.htm
Balsaminaceae,https://apps.lucidcentral.org/rainforest/text/entities/balsaminaceae.htm
Banksia aquilonia,https://apps.lucidcentral.org/rainforest/text/entities/banksia_aquilonia.htm
Banksia integrifolia subsp. compar,https://apps.lucidcentral.org/rainforest/text/entities/banksia_integrifolia_subsp._compar.htm
Barleria cristata,https://apps.lucidcentral.org/rainforest/text/entities/barleria_cristata.htm
Barleria strigosa,https://apps.lucidcentral.org/rainforest/text/entities/barleria_strigosa.htm
Barongia lophandra,https://apps.lucidcentral.org/rainforest/text/entities/barongia_lophandra.htm
Barringtonia acutangula subsp. acutangula,https://apps.lucidcentral.org/rainforest/text/entities/barringtonia_acutangula_subsp._acutangula.htm
Barringtonia asiatica,https://apps.lucidcentral.org/rainforest/text/entities/barringtonia_asiatica.htm
Barringtonia calyptrata,https://apps.lucidcentral.org/rainforest/text/entities/barringtonia_calyptrata.htm
Barringtonia racemosa,https://apps.lucidcentral.org/rainforest/text/entities/barringtonia_racemosa.htm
Basellaceae,https://apps.lucidcentral.org/rainforest/text/entities/basellaceae.htm
Basilicum polystachyon,https://apps.lucidcentral.org/rainforest/text/entities/basilicum_polystachyon.htm
Bauhinia binata,https://apps.lucidcentral.org/rainforest/text/entities/bauhinia_binata.htm
Bauhinia cunninghamii,https://apps.lucidcentral.org/rainforest/text/entities/bauhinia_cunninghamii.htm
Bauhinia hookeri,https://apps.lucidcentral.org/rainforest/text/entities/bauhinia_hookeri.htm
Bauhinia malabarica,https://apps.lucidcentral.org/rainforest/text/entities/bauhinia_malabarica.htm
Bauhinia monandra,https://apps.lucidcentral.org/rainforest/text/entities/bauhinia_monandra.htm
Begonia hirtella,https://apps.lucidcentral.org/rainforest/text/entities/begonia_hirtella.htm
Begoniaceae,https://apps.lucidcentral.org/rainforest/text/entities/begoniaceae.htm
Beilschmiedia bancroftii,https://apps.lucidcentral.org/rainforest/text/entities/beilschmiedia_bancroftii.htm
Beilschmiedia brunnea,https://apps.lucidcentral.org/rainforest/text/entities/beilschmiedia_brunnea.htm
Beilschmiedia castrisinensis,https://apps.lucidcentral.org/rainforest/text/entities/beilschmiedia_castrisinensis.htm
Beilschmiedia collina,https://apps.lucidcentral.org/rainforest/text/entities/beilschmiedia_collina.htm
Beilschmiedia obtusifolia,https://apps.lucidcentral.org/rainforest/text/entities/beilschmiedia_obtusifolia.htm
Beilschmiedia oligandra,https://apps.lucidcentral.org/rainforest/text/entities/beilschmiedia_oligandra.htm
Beilschmiedia peninsularis,https://apps.lucidcentral.org/rainforest/text/entities/beilschmiedia_peninsularis.htm
Beilschmiedia recurva,https://apps.lucidcentral.org/rainforest/text/entities/beilschmiedia_recurva.htm
Beilschmiedia tooram,https://apps.lucidcentral.org/rainforest/text/entities/beilschmiedia_tooram.htm
Beilschmiedia volckii,https://apps.lucidcentral.org/rainforest/text/entities/beilschmiedia_volckii.htm
Benstonea lauterbachii,https://apps.lucidcentral.org/rainforest/text/entities/benstonea_lauterbachii.htm
Benstonea monticola,https://apps.lucidcentral.org/rainforest/text/entities/benstonea_monticola.htm
Berrya javanica,https://apps.lucidcentral.org/rainforest/text/entities/berrya_javanica.htm
Bertya polystigma,https://apps.lucidcentral.org/rainforest/text/entities/bertya_polystigma.htm
Biancaea decapetala,https://apps.lucidcentral.org/rainforest/text/entities/biancaea_decapetala.htm
Bidens alba var. radiata,https://apps.lucidcentral.org/rainforest/text/entities/bidens_alba_var._radiata.htm
Bidens bipinnata,https://apps.lucidcentral.org/rainforest/text/entities/bidens_bipinnata.htm
Bidens pilosa,https://apps.lucidcentral.org/rainforest/text/entities/bidens_pilosa.htm
Bidens subalternans,https://apps.lucidcentral.org/rainforest/text/entities/bidens_subalternans.htm
Bignoniaceae,https://apps.lucidcentral.org/rainforest/text/entities/bignoniaceae.htm
Biophytum petersianum,https://apps.lucidcentral.org/rainforest/text/entities/biophytum_petersianum.htm
Bischofia javanica,https://apps.lucidcentral.org/rainforest/text/entities/bischofia_javanica.htm
Bixaceae,https://apps.lucidcentral.org/rainforest/text/entities/bixaceae.htm
Blainvillea cunninghamii,https://apps.lucidcentral.org/rainforest/text/entities/blainvillea_cunninghamii.htm
Bleasdalea bleasdalei,https://apps.lucidcentral.org/rainforest/text/entities/bleasdalea_bleasdalei.htm
Blepharocarya involucrigera,https://apps.lucidcentral.org/rainforest/text/entities/blepharocarya_involucrigera.htm
Blumea riparia,https://apps.lucidcentral.org/rainforest/text/entities/blumea_riparia.htm
Blumea sylvatica,https://apps.lucidcentral.org/rainforest/text/entities/blumea_sylvatica.htm
Bobea myrtoides,https://apps.lucidcentral.org/rainforest/text/entities/bobea_myrtoides.htm
Boea hygroscopica,https://apps.lucidcentral.org/rainforest/text/entities/boea_hygroscopica.htm
Boea kinnearii,https://apps.lucidcentral.org/rainforest/text/entities/boea_kinnearii.htm
Boerhavia dominii,https://apps.lucidcentral.org/rainforest/text/entities/boerhavia_dominii.htm
Bombax ceiba var. leiocarpum,https://apps.lucidcentral.org/rainforest/text/entities/bombax_ceiba_var._leiocarpum.htm
Bonamia dietrichiana,https://apps.lucidcentral.org/rainforest/text/entities/bonamia_dietrichiana.htm
Boraginaceae,https://apps.lucidcentral.org/rainforest/text/entities/boraginaceae.htm
Boronia alulata,https://apps.lucidcentral.org/rainforest/text/entities/boronia_alulata.htm
Boronia excelsa,https://apps.lucidcentral.org/rainforest/text/entities/boronia_excelsa.htm
Boronia lanceolata,https://apps.lucidcentral.org/rainforest/text/entities/boronia_lanceolata.htm
Bosistoa medicinalis,https://apps.lucidcentral.org/rainforest/text/entities/bosistoa_medicinalis.htm
Bosistoa pentacocca,https://apps.lucidcentral.org/rainforest/text/entities/bosistoa_pentacocca.htm
Bossiaea arenicola,https://apps.lucidcentral.org/rainforest/text/entities/bossiaea_arenicola.htm
Bothriochloa pertusa,https://apps.lucidcentral.org/rainforest/text/entities/bothriochloa_pertusa.htm
Bouchardatia neurococca,https://apps.lucidcentral.org/rainforest/text/entities/bouchardatia_neurococca.htm
Bowenia serrulata,https://apps.lucidcentral.org/rainforest/text/entities/bowenia_serrulata.htm
Bowenia spectabilis,https://apps.lucidcentral.org/rainforest/text/entities/bowenia_spectabilis.htm
Brachychiton acerifolius,https://apps.lucidcentral.org/rainforest/text/entities/brachychiton_acerifolius.htm
Brachychiton albidus,https://apps.lucidcentral.org/rainforest/text/entities/brachychiton_albidus.htm
Brachychiton australis,https://apps.lucidcentral.org/rainforest/text/entities/brachychiton_australis.htm
Brachychiton bidwillii,https://apps.lucidcentral.org/rainforest/text/entities/brachychiton_bidwillii.htm
Brachychiton chillagoensis,https://apps.lucidcentral.org/rainforest/text/entities/brachychiton_chillagoensis.htm
Brachychiton compactus,https://apps.lucidcentral.org/rainforest/text/entities/brachychiton_compactus.htm
Brachychiton discolor,https://apps.lucidcentral.org/rainforest/text/entities/brachychiton_discolor.htm
Brachychiton diversifolius subsp. diversifolius,https://apps.lucidcentral.org/rainforest/text/entities/brachychiton_diversifolius_subsp._diversifolius.htm
Brachychiton garrawayae,https://apps.lucidcentral.org/rainforest/text/entities/brachychiton_garrawayae.htm
Brachychiton grandiflorus,https://apps.lucidcentral.org/rainforest/text/entities/brachychiton_grandiflorus.htm
Brachychiton paradoxus,https://apps.lucidcentral.org/rainforest/text/entities/brachychiton_paradoxus.htm
Brachychiton rupestris,https://apps.lucidcentral.org/rainforest/text/entities/brachychiton_rupestris.htm
Brachychiton tridentatus,https://apps.lucidcentral.org/rainforest/text/entities/brachychiton_tridentatus.htm
Brachychiton velutinosus,https://apps.lucidcentral.org/rainforest/text/entities/brachychiton_velutinosus.htm
Brachychiton viridiflorus,https://apps.lucidcentral.org/rainforest/text/entities/brachychiton_viridiflorus.htm
Brachychiton xanthophyllus,https://apps.lucidcentral.org/rainforest/text/entities/brachychiton_xanthophyllus.htm
Brackenridgea australiana,https://apps.lucidcentral.org/rainforest/text/entities/brackenridgea_australiana.htm
Brassiantha hedraiantheroides,https://apps.lucidcentral.org/rainforest/text/entities/brassiantha_hedraiantheroides.htm
Brassicaceae,https://apps.lucidcentral.org/rainforest/text/entities/brassicaceae.htm
Breynia cernua,https://apps.lucidcentral.org/rainforest/text/entities/breynia_cernua.htm
Breynia macrantha,https://apps.lucidcentral.org/rainforest/text/entities/breynia_macrantha.htm
Breynia oblongifolia,https://apps.lucidcentral.org/rainforest/text/entities/breynia_oblongifolia.htm
Breynia sp. Black Mountain (B.Hyland 25658RFK),https://apps.lucidcentral.org/rainforest/text/entities/breynia_sp__black_mountain_b_hyland_25658rfk.htm
Breynia stipitata,https://apps.lucidcentral.org/rainforest/text/entities/breynia_stipitata.htm
Bridelia insulana,https://apps.lucidcentral.org/rainforest/text/entities/bridelia_insulana.htm
Bridelia leichhardtii,https://apps.lucidcentral.org/rainforest/text/entities/bridelia_leichhardtii.htm
Bridelia tomentosa,https://apps.lucidcentral.org/rainforest/text/entities/bridelia_tomentosa.htm
Brillantaisia lamium,https://apps.lucidcentral.org/rainforest/text/entities/brillantaisia_lamium.htm
Brombya platynema,https://apps.lucidcentral.org/rainforest/text/entities/brombya_platynema.htm
Brombya smithii,https://apps.lucidcentral.org/rainforest/text/entities/brombya_smithii.htm
Brucea javanica,https://apps.lucidcentral.org/rainforest/text/entities/brucea_javanica.htm
Bryophyllum pinnatum,https://apps.lucidcentral.org/rainforest/text/entities/bryophyllum_pinnatum.htm
Bubbia queenslandiana subsp. australis,https://apps.lucidcentral.org/rainforest/text/entities/bubbia_queenslandiana_subsp._australis.htm
Bubbia queenslandiana subsp. queenslandiana,https://apps.lucidcentral.org/rainforest/text/entities/bubbia_queenslandiana_subsp._queenslandiana.htm
Bubbia semecarpoides,https://apps.lucidcentral.org/rainforest/text/entities/bubbia_semecarpoides.htm
Bubbia whiteana,https://apps.lucidcentral.org/rainforest/text/entities/bubbia_whiteana.htm
Buchanania arborescens,https://apps.lucidcentral.org/rainforest/text/entities/buchanania_arborescens.htm
Buchanania mangoides,https://apps.lucidcentral.org/rainforest/text/entities/buchanania_mangoides.htm
Buchanania obovata,https://apps.lucidcentral.org/rainforest/text/entities/buchanania_obovata.htm
Buckinghamia celsissima,https://apps.lucidcentral.org/rainforest/text/entities/buckinghamia_celsissima.htm
Buckinghamia ferruginiflora,https://apps.lucidcentral.org/rainforest/text/entities/buckinghamia_ferruginiflora.htm
Bulbostylis barbata,https://apps.lucidcentral.org/rainforest/text/entities/bulbostylis_barbata.htm
Bursaria incana,https://apps.lucidcentral.org/rainforest/text/entities/bursaria_incana.htm
Bursaria spinosa subsp. spinosa,https://apps.lucidcentral.org/rainforest/text/entities/bursaria_spinosa_subsp._spinosa.htm
Bursaria tenuifolia,https://apps.lucidcentral.org/rainforest/text/entities/bursaria_tenuifolia.htm
Burseraceae,https://apps.lucidcentral.org/rainforest/text/entities/burseraceae.htm
NA,https://apps.lucidcentral.org/rainforest/text/entities/NA.htm
NA,https://apps.lucidcentral.org/rainforest/text/entities/NA.htm
NA,https://apps.lucidcentral.org/rainforest/text/entities/NA.htm
C,https://apps.lucidcentral.org/rainforest/text/entities/c.htm
Cactaceae,https://apps.lucidcentral.org/rainforest/text/entities/cactaceae.htm
Cadaba capparoides,https://apps.lucidcentral.org/rainforest/text/entities/cadaba_capparoides.htm
Cadellia pentastylis,https://apps.lucidcentral.org/rainforest/text/entities/cadellia_pentastylis.htm
Caesalpinia crista,https://apps.lucidcentral.org/rainforest/text/entities/caesalpinia_crista.htm
Caesalpinia major,https://apps.lucidcentral.org/rainforest/text/entities/caesalpinia_major.htm
Caesalpinia robusta,https://apps.lucidcentral.org/rainforest/text/entities/caesalpinia_robusta.htm
Cajanus acutifolius,https://apps.lucidcentral.org/rainforest/text/entities/cajanus_acutifolius.htm
Cajanus reticulatus,https://apps.lucidcentral.org/rainforest/text/entities/cajanus_reticulatus.htm
Calamus aruensis,https://apps.lucidcentral.org/rainforest/text/entities/calamus_aruensis.htm
Calamus australis,https://apps.lucidcentral.org/rainforest/text/entities/calamus_australis.htm
Calamus caryotoides,https://apps.lucidcentral.org/rainforest/text/entities/calamus_caryotoides.htm
Calamus moti,https://apps.lucidcentral.org/rainforest/text/entities/calamus_moti.htm
Calamus radicalis,https://apps.lucidcentral.org/rainforest/text/entities/calamus_radicalis.htm
Calamus vitiensis,https://apps.lucidcentral.org/rainforest/text/entities/calamus_vitiensis.htm
Calamus warburgii,https://apps.lucidcentral.org/rainforest/text/entities/calamus_warburgii.htm
Calanthe triplicata,https://apps.lucidcentral.org/rainforest/text/entities/calanthe_triplicata.htm
Callicarpa candicans,https://apps.lucidcentral.org/rainforest/text/entities/callicarpa_candicans.htm
Callicarpa caudata,https://apps.lucidcentral.org/rainforest/text/entities/callicarpa_caudata.htm
Callicarpa longifolia,https://apps.lucidcentral.org/rainforest/text/entities/callicarpa_longifolia.htm
Callicarpa pedunculata,https://apps.lucidcentral.org/rainforest/text/entities/callicarpa_pedunculata.htm
Callitriche muelleri,https://apps.lucidcentral.org/rainforest/text/entities/callitriche_muelleri.htm
Callitris intratropica,https://apps.lucidcentral.org/rainforest/text/entities/callitris_intratropica.htm
Callitris macleayana,https://apps.lucidcentral.org/rainforest/text/entities/callitris_macleayana.htm
Calophyllum australianum,https://apps.lucidcentral.org/rainforest/text/entities/calophyllum_australianum.htm
Calophyllum bicolor,https://apps.lucidcentral.org/rainforest/text/entities/calophyllum_bicolor.htm
Calophyllum costatum,https://apps.lucidcentral.org/rainforest/text/entities/calophyllum_costatum.htm
Calophyllum inophyllum,https://apps.lucidcentral.org/rainforest/text/entities/calophyllum_inophyllum.htm
Calophyllum sil,https://apps.lucidcentral.org/rainforest/text/entities/calophyllum_sil.htm
Calophyllum soulattri,https://apps.lucidcentral.org/rainforest/text/entities/calophyllum_soulattri.htm
Calopogonium mucunoides,https://apps.lucidcentral.org/rainforest/text/entities/calopogonium_mucunoides.htm
Calotropis procera,https://apps.lucidcentral.org/rainforest/text/entities/calotropis_procera.htm
Calycanthaceae,https://apps.lucidcentral.org/rainforest/text/entities/calycanthaceae.htm
Calyptocarpus vialis,https://apps.lucidcentral.org/rainforest/text/entities/calyptocarpus_vialis.htm
Camellia sinensis,https://apps.lucidcentral.org/rainforest/text/entities/camellia_sinensis.htm
Camonea pilosa,https://apps.lucidcentral.org/rainforest/text/entities/camonea_pilosa.htm
Campanulaceae,https://apps.lucidcentral.org/rainforest/text/entities/campanulaceae.htm
Cananga odorata,https://apps.lucidcentral.org/rainforest/text/entities/cananga_odorata.htm
Canarium acutifolium,https://apps.lucidcentral.org/rainforest/text/entities/canarium_acutifolium.htm
Canarium australasicum,https://apps.lucidcentral.org/rainforest/text/entities/canarium_australasicum.htm
Canarium australianum,https://apps.lucidcentral.org/rainforest/text/entities/canarium_australianum.htm
Canarium muelleri,https://apps.lucidcentral.org/rainforest/text/entities/canarium_muelleri.htm
Canarium vitiense,https://apps.lucidcentral.org/rainforest/text/entities/canarium_vitiense.htm
Canavalia cathartica,https://apps.lucidcentral.org/rainforest/text/entities/canavalia_cathartica.htm
Canavalia papuana,https://apps.lucidcentral.org/rainforest/text/entities/canavalia_papuana.htm
Canavalia rosea,https://apps.lucidcentral.org/rainforest/text/entities/canavalia_rosea.htm
Canna indica,https://apps.lucidcentral.org/rainforest/text/entities/canna_indica.htm
Cannabaceae,https://apps.lucidcentral.org/rainforest/text/entities/cannabaceae.htm
Cannaceae,https://apps.lucidcentral.org/rainforest/text/entities/cannaceae.htm
Canscora diffusa,https://apps.lucidcentral.org/rainforest/text/entities/canscora_diffusa.htm
Cansjera leptostachya,https://apps.lucidcentral.org/rainforest/text/entities/cansjera_leptostachya.htm
Capparaceae,https://apps.lucidcentral.org/rainforest/text/entities/capparaceae.htm
Capparis arborea,https://apps.lucidcentral.org/rainforest/text/entities/capparis_arborea.htm
Capparis batianoffii,https://apps.lucidcentral.org/rainforest/text/entities/capparis_batianoffii.htm
Capparis jacobsii,https://apps.lucidcentral.org/rainforest/text/entities/capparis_jacobsii.htm
Capparis lanceolaris,https://apps.lucidcentral.org/rainforest/text/entities/capparis_lanceolaris.htm
Capparis lasiantha,https://apps.lucidcentral.org/rainforest/text/entities/capparis_lasiantha.htm
Capparis lucida,https://apps.lucidcentral.org/rainforest/text/entities/capparis_lucida.htm
Capparis ornans,https://apps.lucidcentral.org/rainforest/text/entities/capparis_ornans.htm
Capparis quiniflora,https://apps.lucidcentral.org/rainforest/text/entities/capparis_quiniflora.htm
Capparis sepiaria,https://apps.lucidcentral.org/rainforest/text/entities/capparis_sepiaria.htm
Capparis shanesiana,https://apps.lucidcentral.org/rainforest/text/entities/capparis_shanesiana.htm
Capparis sp. Iron Range (B.Hyland 16395),https://apps.lucidcentral.org/rainforest/text/entities/capparis_sp__iron_range_b_hyland_16395.htm
Capsicum annuum var. glabriusculum,https://apps.lucidcentral.org/rainforest/text/entities/capsicum_annuum_var._glabriusculum.htm
Carallia brachiata,https://apps.lucidcentral.org/rainforest/text/entities/carallia_brachiata.htm
Cardamine flexuosa,https://apps.lucidcentral.org/rainforest/text/entities/cardamine_flexuosa.htm
Cardiopteridaceae,https://apps.lucidcentral.org/rainforest/text/entities/cardiopteridaceae.htm
Cardiopteris moluccana,https://apps.lucidcentral.org/rainforest/text/entities/cardiopteris_moluccana.htm
Cardiospermum grandiflorum,https://apps.lucidcentral.org/rainforest/text/entities/cardiospermum_grandiflorum.htm
Cardiospermum halicacabum var. halicacabum,https://apps.lucidcentral.org/rainforest/text/entities/cardiospermum_halicacabum_var._halicacabum.htm
Cardwellia sublimis,https://apps.lucidcentral.org/rainforest/text/entities/cardwellia_sublimis.htm
Carex brunnea,https://apps.lucidcentral.org/rainforest/text/entities/carex_brunnea.htm
Carex cryptostachys,https://apps.lucidcentral.org/rainforest/text/entities/carex_cryptostachys.htm
Carex horsfieldii,https://apps.lucidcentral.org/rainforest/text/entities/carex_horsfieldii.htm
Carex maculata,https://apps.lucidcentral.org/rainforest/text/entities/carex_maculata.htm
Carex rafflesiana,https://apps.lucidcentral.org/rainforest/text/entities/carex_rafflesiana.htm
Carissa lanceolata,https://apps.lucidcentral.org/rainforest/text/entities/carissa_lanceolata.htm
Carissa laxiflora,https://apps.lucidcentral.org/rainforest/text/entities/carissa_laxiflora.htm
Carissa ovata,https://apps.lucidcentral.org/rainforest/text/entities/carissa_ovata.htm
Carissa scabra,https://apps.lucidcentral.org/rainforest/text/entities/carissa_scabra.htm
Carnarvonia araliifolia var. araliifolia,https://apps.lucidcentral.org/rainforest/text/entities/carnarvonia_araliifolia_var._araliifolia.htm
Carnarvonia araliifolia var. montana,https://apps.lucidcentral.org/rainforest/text/entities/carnarvonia_araliifolia_var._montana.htm
Carpentaria acuminata,https://apps.lucidcentral.org/rainforest/text/entities/carpentaria_acuminata.htm
Carronia pedicellata,https://apps.lucidcentral.org/rainforest/text/entities/carronia_pedicellata.htm
Carronia protensa,https://apps.lucidcentral.org/rainforest/text/entities/carronia_protensa.htm
Caryophyllaceae,https://apps.lucidcentral.org/rainforest/text/entities/caryophyllaceae.htm
Caryota albertii,https://apps.lucidcentral.org/rainforest/text/entities/caryota_albertii.htm
Cascabela thevetia,https://apps.lucidcentral.org/rainforest/text/entities/cascabela_thevetia.htm
Casearia costulata,https://apps.lucidcentral.org/rainforest/text/entities/casearia_costulata.htm
Casearia dallachii,https://apps.lucidcentral.org/rainforest/text/entities/casearia_dallachii.htm
Casearia grayi,https://apps.lucidcentral.org/rainforest/text/entities/casearia_grayi.htm
Casearia grewiifolia var. gelonioides,https://apps.lucidcentral.org/rainforest/text/entities/casearia_grewiifolia_var._gelonioides.htm
Casearia sp. Mission Beach (B.P.Hyland 773),https://apps.lucidcentral.org/rainforest/text/entities/casearia_sp__mission_beach_b_p.hyland_773.htm
Cassia brewsteri,https://apps.lucidcentral.org/rainforest/text/entities/cassia_brewsteri.htm
Cassia queenslandica,https://apps.lucidcentral.org/rainforest/text/entities/cassia_queenslandica.htm
Cassia sp. Kalpowar (D.G.Fell DF2769),https://apps.lucidcentral.org/rainforest/text/entities/cassia_sp__kalpowar_d_g.fell_df2769.htm
Cassia sp. Paluma Range (G.Sankowsky 450),https://apps.lucidcentral.org/rainforest/text/entities/cassia_sp__paluma_range_g_sankowsky_450.htm
Cassinia subtropica,https://apps.lucidcentral.org/rainforest/text/entities/cassinia_subtropica.htm
Cassytha capillaris,https://apps.lucidcentral.org/rainforest/text/entities/cassytha_capillaris.htm
Cassytha filiformis,https://apps.lucidcentral.org/rainforest/text/entities/cassytha_filiformis.htm
Castanospermum australe,https://apps.lucidcentral.org/rainforest/text/entities/castanospermum_australe.htm
Castanospora alphandii,https://apps.lucidcentral.org/rainforest/text/entities/castanospora_alphandii.htm
Castilla elastica,https://apps.lucidcentral.org/rainforest/text/entities/castilla_elastica.htm
Casuarina cristata,https://apps.lucidcentral.org/rainforest/text/entities/casuarina_cristata.htm
Casuarina cunninghamiana,https://apps.lucidcentral.org/rainforest/text/entities/casuarina_cunninghamiana.htm
Casuarina equisetifolia,https://apps.lucidcentral.org/rainforest/text/entities/casuarina_equisetifolia.htm
Casuarinaceae,https://apps.lucidcentral.org/rainforest/text/entities/casuarinaceae.htm
Catalepidia heyana,https://apps.lucidcentral.org/rainforest/text/entities/catalepidia_heyana.htm
Catharanthus roseus,https://apps.lucidcentral.org/rainforest/text/entities/catharanthus_roseus.htm
Cathormion umbellatum subsp. moniliforme,https://apps.lucidcentral.org/rainforest/text/entities/cathormion_umbellatum_subsp._moniliforme.htm
Causonis clematidea,https://apps.lucidcentral.org/rainforest/text/entities/causonis_clematidea.htm
Causonis japonica,https://apps.lucidcentral.org/rainforest/text/entities/causonis_japonica.htm
Causonis maritima,https://apps.lucidcentral.org/rainforest/text/entities/causonis_maritima.htm
Causonis trifolia,https://apps.lucidcentral.org/rainforest/text/entities/causonis_trifolia.htm
Cayratia cardiophylla,https://apps.lucidcentral.org/rainforest/text/entities/cayratia_cardiophylla.htm
Cayratia saponaria,https://apps.lucidcentral.org/rainforest/text/entities/cayratia_saponaria.htm
Cecarria obtusifolia,https://apps.lucidcentral.org/rainforest/text/entities/cecarria_obtusifolia.htm
Cecropia peltata,https://apps.lucidcentral.org/rainforest/text/entities/cecropia_peltata.htm
Celastraceae,https://apps.lucidcentral.org/rainforest/text/entities/celastraceae.htm
Celastrus subspicatus,https://apps.lucidcentral.org/rainforest/text/entities/celastrus_subspicatus.htm
Celtis hildebrandii,https://apps.lucidcentral.org/rainforest/text/entities/celtis_hildebrandii.htm
Celtis paniculata,https://apps.lucidcentral.org/rainforest/text/entities/celtis_paniculata.htm
Celtis philippensis,https://apps.lucidcentral.org/rainforest/text/entities/celtis_philippensis.htm
Celtis strychnoides,https://apps.lucidcentral.org/rainforest/text/entities/celtis_strychnoides.htm
Celtis timorensis,https://apps.lucidcentral.org/rainforest/text/entities/celtis_timorensis.htm
Cenchrus brevisetosus,https://apps.lucidcentral.org/rainforest/text/entities/cenchrus_brevisetosus.htm
Cenchrus echinatus,https://apps.lucidcentral.org/rainforest/text/entities/cenchrus_echinatus.htm
Centella asiatica,https://apps.lucidcentral.org/rainforest/text/entities/centella_asiatica.htm
Centotheca lappacea,https://apps.lucidcentral.org/rainforest/text/entities/centotheca_lappacea.htm
Centotheca philippinensis,https://apps.lucidcentral.org/rainforest/text/entities/centotheca_philippinensis.htm
Centratherum punctatum subsp. punctatum,https://apps.lucidcentral.org/rainforest/text/entities/centratherum_punctatum_subsp._punctatum.htm
Centrosema molle,https://apps.lucidcentral.org/rainforest/text/entities/centrosema_molle.htm
Cephalaralia cephalobotrys,https://apps.lucidcentral.org/rainforest/text/entities/cephalaralia_cephalobotrys.htm
Ceratopetalum corymbosum,https://apps.lucidcentral.org/rainforest/text/entities/ceratopetalum_corymbosum.htm
Ceratopetalum hylandii,https://apps.lucidcentral.org/rainforest/text/entities/ceratopetalum_hylandii.htm
Ceratopetalum iugumensis,https://apps.lucidcentral.org/rainforest/text/entities/ceratopetalum_iugumensis.htm
Ceratopetalum macrophyllum,https://apps.lucidcentral.org/rainforest/text/entities/ceratopetalum_macrophyllum.htm
Ceratopetalum succirubrum,https://apps.lucidcentral.org/rainforest/text/entities/ceratopetalum_succirubrum.htm
Ceratopetalum virchowii,https://apps.lucidcentral.org/rainforest/text/entities/ceratopetalum_virchowii.htm
Cerbera floribunda,https://apps.lucidcentral.org/rainforest/text/entities/cerbera_floribunda.htm
Cerbera inflata,https://apps.lucidcentral.org/rainforest/text/entities/cerbera_inflata.htm
Cerbera manghas,https://apps.lucidcentral.org/rainforest/text/entities/cerbera_manghas.htm
Ceropegia cumingiana,https://apps.lucidcentral.org/rainforest/text/entities/ceropegia_cumingiana.htm
Cestrum nocturnum,https://apps.lucidcentral.org/rainforest/text/entities/cestrum_nocturnum.htm
Cheilocostus potierae,https://apps.lucidcentral.org/rainforest/text/entities/cheilocostus_potierae.htm
Chenopodiaceae,https://apps.lucidcentral.org/rainforest/text/entities/chenopodiaceae.htm
Chionanthus acuminiger,https://apps.lucidcentral.org/rainforest/text/entities/chionanthus_acuminiger.htm
Chionanthus axillaris,https://apps.lucidcentral.org/rainforest/text/entities/chionanthus_axillaris.htm
Chionanthus ramiflorus,https://apps.lucidcentral.org/rainforest/text/entities/chionanthus_ramiflorus.htm
Chionanthus sleumeri,https://apps.lucidcentral.org/rainforest/text/entities/chionanthus_sleumeri.htm
Chionanthus sp. Little Pine L.A. (B.Hyland 2520RFK),https://apps.lucidcentral.org/rainforest/text/entities/chionanthus_sp__little_pine_l_a._b.hyland_2520rfk.htm
Chisocheton longistipitatus,https://apps.lucidcentral.org/rainforest/text/entities/chisocheton_longistipitatus.htm
Choriceras majus,https://apps.lucidcentral.org/rainforest/text/entities/choriceras_majus.htm
Choriceras tricorne,https://apps.lucidcentral.org/rainforest/text/entities/choriceras_tricorne.htm
Chromolaena odorata,https://apps.lucidcentral.org/rainforest/text/entities/chromolaena_odorata.htm
Chrysobalanaceae,https://apps.lucidcentral.org/rainforest/text/entities/chrysobalanaceae.htm
Chukrasia tabularis,https://apps.lucidcentral.org/rainforest/text/entities/chukrasia_tabularis.htm
Cinnamomum baileyanum,https://apps.lucidcentral.org/rainforest/text/entities/cinnamomum_baileyanum.htm
Cinnamomum camphora,https://apps.lucidcentral.org/rainforest/text/entities/cinnamomum_camphora.htm
Cinnamomum laubatii,https://apps.lucidcentral.org/rainforest/text/entities/cinnamomum_laubatii.htm
Cinnamomum oliveri,https://apps.lucidcentral.org/rainforest/text/entities/cinnamomum_oliveri.htm
Cinnamomum propinquum,https://apps.lucidcentral.org/rainforest/text/entities/cinnamomum_propinquum.htm
Cirsium vulgare,https://apps.lucidcentral.org/rainforest/text/entities/cirsium_vulgare.htm
Cissampelos pareira var. hirsuta,https://apps.lucidcentral.org/rainforest/text/entities/cissampelos_pareira_var._hirsuta.htm
Cissus adnata,https://apps.lucidcentral.org/rainforest/text/entities/cissus_adnata.htm
Cissus antarctica,https://apps.lucidcentral.org/rainforest/text/entities/cissus_antarctica.htm
Cissus cardiophylla,https://apps.lucidcentral.org/rainforest/text/entities/cissus_cardiophylla.htm
Cissus hastata,https://apps.lucidcentral.org/rainforest/text/entities/cissus_hastata.htm
Cissus hypoglauca,https://apps.lucidcentral.org/rainforest/text/entities/cissus_hypoglauca.htm
Cissus oblonga,https://apps.lucidcentral.org/rainforest/text/entities/cissus_oblonga.htm
Cissus penninervis,https://apps.lucidcentral.org/rainforest/text/entities/cissus_penninervis.htm
Cissus pentaclada,https://apps.lucidcentral.org/rainforest/text/entities/cissus_pentaclada.htm
Cissus reniformis,https://apps.lucidcentral.org/rainforest/text/entities/cissus_reniformis.htm
Cissus repens,https://apps.lucidcentral.org/rainforest/text/entities/cissus_repens.htm
Cissus sterculiifolia,https://apps.lucidcentral.org/rainforest/text/entities/cissus_sterculiifolia.htm
Cissus vinosa,https://apps.lucidcentral.org/rainforest/text/entities/cissus_vinosa.htm
Citronella moorei,https://apps.lucidcentral.org/rainforest/text/entities/citronella_moorei.htm
Citronella smythii,https://apps.lucidcentral.org/rainforest/text/entities/citronella_smythii.htm
Citrus garrawayi,https://apps.lucidcentral.org/rainforest/text/entities/citrus_garrawayi.htm
Citrus inodora,https://apps.lucidcentral.org/rainforest/text/entities/citrus_inodora.htm
Citrus reticulata,https://apps.lucidcentral.org/rainforest/text/entities/citrus_reticulata.htm
Citrus x aurantium,https://apps.lucidcentral.org/rainforest/text/entities/citrus_x_aurantium.htm
Citrus x jambhiri,https://apps.lucidcentral.org/rainforest/text/entities/citrus_x_jambhiri.htm
Claoxylon angustifolium,https://apps.lucidcentral.org/rainforest/text/entities/claoxylon_angustifolium.htm
Claoxylon hillii,https://apps.lucidcentral.org/rainforest/text/entities/claoxylon_hillii.htm
Claoxylon tenerifolium subsp. boreale,https://apps.lucidcentral.org/rainforest/text/entities/claoxylon_tenerifolium_subsp._boreale.htm
Claoxylon tenerifolium subsp. tenerifolium,https://apps.lucidcentral.org/rainforest/text/entities/claoxylon_tenerifolium_subsp._tenerifolium.htm
Clausena brevistyla,https://apps.lucidcentral.org/rainforest/text/entities/clausena_brevistyla.htm
Clausena excavata,https://apps.lucidcentral.org/rainforest/text/entities/clausena_excavata.htm
Cleidion javanicum,https://apps.lucidcentral.org/rainforest/text/entities/cleidion_javanicum.htm
Cleistanthus apodus,https://apps.lucidcentral.org/rainforest/text/entities/cleistanthus_apodus.htm
Cleistanthus cunninghamii,https://apps.lucidcentral.org/rainforest/text/entities/cleistanthus_cunninghamii.htm
Cleistanthus dallachyanus,https://apps.lucidcentral.org/rainforest/text/entities/cleistanthus_dallachyanus.htm
Cleistanthus discolor,https://apps.lucidcentral.org/rainforest/text/entities/cleistanthus_discolor.htm
Cleistanthus hylandii,https://apps.lucidcentral.org/rainforest/text/entities/cleistanthus_hylandii.htm
Cleistanthus myrianthus,https://apps.lucidcentral.org/rainforest/text/entities/cleistanthus_myrianthus.htm
Cleistanthus peninsularis,https://apps.lucidcentral.org/rainforest/text/entities/cleistanthus_peninsularis.htm
Cleistanthus semiopacus,https://apps.lucidcentral.org/rainforest/text/entities/cleistanthus_semiopacus.htm
Cleistanthus xerophilus,https://apps.lucidcentral.org/rainforest/text/entities/cleistanthus_xerophilus.htm
Clematicissus opaca,https://apps.lucidcentral.org/rainforest/text/entities/clematicissus_opaca.htm
Clematis pickeringii,https://apps.lucidcentral.org/rainforest/text/entities/clematis_pickeringii.htm
Cleomaceae,https://apps.lucidcentral.org/rainforest/text/entities/cleomaceae.htm
Cleome aculeata,https://apps.lucidcentral.org/rainforest/text/entities/cleome_aculeata.htm
Cleome viscosa,https://apps.lucidcentral.org/rainforest/text/entities/cleome_viscosa.htm
Clerodendrum costatum,https://apps.lucidcentral.org/rainforest/text/entities/clerodendrum_costatum.htm
Clerodendrum floribundum var. angustifolium,https://apps.lucidcentral.org/rainforest/text/entities/clerodendrum_floribundum_var._angustifolium.htm
Clerodendrum floribundum var. coriaceum,https://apps.lucidcentral.org/rainforest/text/entities/clerodendrum_floribundum_var._coriaceum.htm
Clerodendrum floribundum var. floribundum,https://apps.lucidcentral.org/rainforest/text/entities/clerodendrum_floribundum_var._floribundum.htm
Clerodendrum floribundum var. ovatum,https://apps.lucidcentral.org/rainforest/text/entities/clerodendrum_floribundum_var._ovatum.htm
Clerodendrum grayi,https://apps.lucidcentral.org/rainforest/text/entities/clerodendrum_grayi.htm
Clerodendrum inerme,https://apps.lucidcentral.org/rainforest/text/entities/clerodendrum_inerme.htm
Clerodendrum longiflorum var. glabrum,https://apps.lucidcentral.org/rainforest/text/entities/clerodendrum_longiflorum_var._glabrum.htm
Clerodendrum paniculatum,https://apps.lucidcentral.org/rainforest/text/entities/clerodendrum_paniculatum.htm
Clerodendrum tomentosum,https://apps.lucidcentral.org/rainforest/text/entities/clerodendrum_tomentosum.htm
Clerodendrum tracyanum,https://apps.lucidcentral.org/rainforest/text/entities/clerodendrum_tracyanum.htm
Clitoria ternatea,https://apps.lucidcentral.org/rainforest/text/entities/clitoria_ternatea.htm
Clusiaceae,https://apps.lucidcentral.org/rainforest/text/entities/clusiaceae.htm
Cnesmocarpon dasyantha,https://apps.lucidcentral.org/rainforest/text/entities/cnesmocarpon_dasyantha.htm
Coatesia paniculata,https://apps.lucidcentral.org/rainforest/text/entities/coatesia_paniculata.htm
Cochlospermum gillivraei,https://apps.lucidcentral.org/rainforest/text/entities/cochlospermum_gillivraei.htm
Cocos nucifera,https://apps.lucidcentral.org/rainforest/text/entities/cocos_nucifera.htm
Codiaeum membranaceum,https://apps.lucidcentral.org/rainforest/text/entities/codiaeum_membranaceum.htm
Codiaeum variegatum var. moluccanum,https://apps.lucidcentral.org/rainforest/text/entities/codiaeum_variegatum_var._moluccanum.htm
Codonocarpus attenuatus,https://apps.lucidcentral.org/rainforest/text/entities/codonocarpus_attenuatus.htm
Coelospermum dasylobum,https://apps.lucidcentral.org/rainforest/text/entities/coelospermum_dasylobum.htm
Coelospermum decipiens,https://apps.lucidcentral.org/rainforest/text/entities/coelospermum_decipiens.htm
Coelospermum paniculatum var. paniculatum,https://apps.lucidcentral.org/rainforest/text/entities/coelospermum_paniculatum_var._paniculatum.htm
Coelospermum paniculatum var. syncarpum,https://apps.lucidcentral.org/rainforest/text/entities/coelospermum_paniculatum_var._syncarpum.htm
Coelospermum purpureum,https://apps.lucidcentral.org/rainforest/text/entities/coelospermum_purpureum.htm
Coffea arabica,https://apps.lucidcentral.org/rainforest/text/entities/coffea_arabica.htm
Coffea brassii,https://apps.lucidcentral.org/rainforest/text/entities/coffea_brassii.htm
Coffea liberica,https://apps.lucidcentral.org/rainforest/text/entities/coffea_liberica.htm
Colchicaceae,https://apps.lucidcentral.org/rainforest/text/entities/colchicaceae.htm
Coleus amicorum,https://apps.lucidcentral.org/rainforest/text/entities/coleus_amicorum.htm
Coleus apreptus,https://apps.lucidcentral.org/rainforest/text/entities/coleus_apreptus.htm
Coleus australis,https://apps.lucidcentral.org/rainforest/text/entities/coleus_australis.htm
Coleus congestus,https://apps.lucidcentral.org/rainforest/text/entities/coleus_congestus.htm
Coleus diversus,https://apps.lucidcentral.org/rainforest/text/entities/coleus_diversus.htm
Coleus dumicola,https://apps.lucidcentral.org/rainforest/text/entities/coleus_dumicola.htm
Coleus excelsus,https://apps.lucidcentral.org/rainforest/text/entities/coleus_excelsus.htm
Coleus foetidus,https://apps.lucidcentral.org/rainforest/text/entities/coleus_foetidus.htm
Coleus gratus,https://apps.lucidcentral.org/rainforest/text/entities/coleus_gratus.htm
Coleus graveolens,https://apps.lucidcentral.org/rainforest/text/entities/coleus_graveolens.htm
Coleus magnificus,https://apps.lucidcentral.org/rainforest/text/entities/coleus_magnificus.htm
Coleus scutellarioides,https://apps.lucidcentral.org/rainforest/text/entities/coleus_scutellarioides.htm
Coleus thalassoscopicus,https://apps.lucidcentral.org/rainforest/text/entities/coleus_thalassoscopicus.htm
Colocasia esculenta,https://apps.lucidcentral.org/rainforest/text/entities/colocasia_esculenta.htm
Colubrina asiatica,https://apps.lucidcentral.org/rainforest/text/entities/colubrina_asiatica.htm
Combretaceae,https://apps.lucidcentral.org/rainforest/text/entities/combretaceae.htm
Combretum trifoliatum,https://apps.lucidcentral.org/rainforest/text/entities/combretum_trifoliatum.htm
Commelina diffusa,https://apps.lucidcentral.org/rainforest/text/entities/commelina_diffusa.htm
Commelina ensifolia,https://apps.lucidcentral.org/rainforest/text/entities/commelina_ensifolia.htm
Commelinaceae,https://apps.lucidcentral.org/rainforest/text/entities/commelinaceae.htm
Commersonia bartramia,https://apps.lucidcentral.org/rainforest/text/entities/commersonia_bartramia.htm
Commersonia macrostipulata,https://apps.lucidcentral.org/rainforest/text/entities/commersonia_macrostipulata.htm
Commicarpus chinensis subsp. chinensis,https://apps.lucidcentral.org/rainforest/text/entities/commicarpus_chinensis_subsp._chinensis.htm
Connaraceae,https://apps.lucidcentral.org/rainforest/text/entities/connaraceae.htm
Connarus conchocarpus subsp. conchocarpus,https://apps.lucidcentral.org/rainforest/text/entities/connarus_conchocarpus_subsp._conchocarpus.htm
Convolvulaceae,https://apps.lucidcentral.org/rainforest/text/entities/convolvulaceae.htm
Corchorus aestuans,https://apps.lucidcentral.org/rainforest/text/entities/corchorus_aestuans.htm
Cordia aspera,https://apps.lucidcentral.org/rainforest/text/entities/cordia_aspera.htm
Cordia dichotoma,https://apps.lucidcentral.org/rainforest/text/entities/cordia_dichotoma.htm
Cordia myxa,https://apps.lucidcentral.org/rainforest/text/entities/cordia_myxa.htm
Cordia subcordata,https://apps.lucidcentral.org/rainforest/text/entities/cordia_subcordata.htm
Cordyline cannifolia,https://apps.lucidcentral.org/rainforest/text/entities/cordyline_cannifolia.htm
Cordyline fruticosa,https://apps.lucidcentral.org/rainforest/text/entities/cordyline_fruticosa.htm
Cordyline manners-suttoniae,https://apps.lucidcentral.org/rainforest/text/entities/cordyline_manners-suttoniae.htm
Cordyline murchisoniae,https://apps.lucidcentral.org/rainforest/text/entities/cordyline_murchisoniae.htm
Cordyline petiolaris,https://apps.lucidcentral.org/rainforest/text/entities/cordyline_petiolaris.htm
Cornaceae,https://apps.lucidcentral.org/rainforest/text/entities/cornaceae.htm
Coronidium rupicola,https://apps.lucidcentral.org/rainforest/text/entities/coronidium_rupicola.htm
Corsia dispar,https://apps.lucidcentral.org/rainforest/text/entities/corsia_dispar.htm
Corsiaceae,https://apps.lucidcentral.org/rainforest/text/entities/corsiaceae.htm
Corymbia intermedia,https://apps.lucidcentral.org/rainforest/text/entities/corymbia_intermedia.htm
Corymbia tessellaris,https://apps.lucidcentral.org/rainforest/text/entities/corymbia_tessellaris.htm
Corymbia torelliana,https://apps.lucidcentral.org/rainforest/text/entities/corymbia_torelliana.htm
Corymborkis veratrifolia,https://apps.lucidcentral.org/rainforest/text/entities/corymborkis_veratrifolia.htm
Corynocarpaceae,https://apps.lucidcentral.org/rainforest/text/entities/corynocarpaceae.htm
Corynocarpus cribbianus,https://apps.lucidcentral.org/rainforest/text/entities/corynocarpus_cribbianus.htm
Corypha utan,https://apps.lucidcentral.org/rainforest/text/entities/corypha_utan.htm
Cosmos caudatus,https://apps.lucidcentral.org/rainforest/text/entities/cosmos_caudatus.htm
Cossinia australiana,https://apps.lucidcentral.org/rainforest/text/entities/cossinia_australiana.htm
Costaceae,https://apps.lucidcentral.org/rainforest/text/entities/costaceae.htm
Costus dubius,https://apps.lucidcentral.org/rainforest/text/entities/costus_dubius.htm
Crassocephalum crepidioides,https://apps.lucidcentral.org/rainforest/text/entities/crassocephalum_crepidioides.htm
Crassulaceae,https://apps.lucidcentral.org/rainforest/text/entities/crassulaceae.htm
Crateva religiosa,https://apps.lucidcentral.org/rainforest/text/entities/crateva_religiosa.htm
Crinum pedunculatum,https://apps.lucidcentral.org/rainforest/text/entities/crinum_pedunculatum.htm
Crispiloba disperma,https://apps.lucidcentral.org/rainforest/text/entities/crispiloba_disperma.htm
Crotalaria laburnifolia,https://apps.lucidcentral.org/rainforest/text/entities/crotalaria_laburnifolia.htm
Crotalaria lanceolata,https://apps.lucidcentral.org/rainforest/text/entities/crotalaria_lanceolata.htm
Crotalaria pallida,https://apps.lucidcentral.org/rainforest/text/entities/crotalaria_pallida.htm
Crotalaria verrucosa,https://apps.lucidcentral.org/rainforest/text/entities/crotalaria_verrucosa.htm
Croton acronychioides,https://apps.lucidcentral.org/rainforest/text/entities/croton_acronychioides.htm
Croton arnhemicus,https://apps.lucidcentral.org/rainforest/text/entities/croton_arnhemicus.htm
Croton brachypus,https://apps.lucidcentral.org/rainforest/text/entities/croton_brachypus.htm
Croton capitis-york,https://apps.lucidcentral.org/rainforest/text/entities/croton_capitis-york.htm
Croton caudatus,https://apps.lucidcentral.org/rainforest/text/entities/croton_caudatus.htm
Croton densivestitus,https://apps.lucidcentral.org/rainforest/text/entities/croton_densivestitus.htm
Croton dockrillii,https://apps.lucidcentral.org/rainforest/text/entities/croton_dockrillii.htm
Croton habrophyllus,https://apps.lucidcentral.org/rainforest/text/entities/croton_habrophyllus.htm
Croton insularis,https://apps.lucidcentral.org/rainforest/text/entities/croton_insularis.htm
Croton mutabilis,https://apps.lucidcentral.org/rainforest/text/entities/croton_mutabilis.htm
Croton phebalioides,https://apps.lucidcentral.org/rainforest/text/entities/croton_phebalioides.htm
Croton simulans,https://apps.lucidcentral.org/rainforest/text/entities/croton_simulans.htm
Croton stockeri,https://apps.lucidcentral.org/rainforest/text/entities/croton_stockeri.htm
Croton tomentellus,https://apps.lucidcentral.org/rainforest/text/entities/croton_tomentellus.htm
Croton triacros,https://apps.lucidcentral.org/rainforest/text/entities/croton_triacros.htm
Crudia abbreviata,https://apps.lucidcentral.org/rainforest/text/entities/crudia_abbreviata.htm
Cryptocarya angulata,https://apps.lucidcentral.org/rainforest/text/entities/cryptocarya_angulata.htm
Cryptocarya bamagana,https://apps.lucidcentral.org/rainforest/text/entities/cryptocarya_bamagana.htm
Cryptocarya bellendenkerana,https://apps.lucidcentral.org/rainforest/text/entities/cryptocarya_bellendenkerana.htm
Cryptocarya bidwillii,https://apps.lucidcentral.org/rainforest/text/entities/cryptocarya_bidwillii.htm
Cryptocarya brassii,https://apps.lucidcentral.org/rainforest/text/entities/cryptocarya_brassii.htm
Cryptocarya burckiana,https://apps.lucidcentral.org/rainforest/text/entities/cryptocarya_burckiana.htm
Cryptocarya cercophylla,https://apps.lucidcentral.org/rainforest/text/entities/cryptocarya_cercophylla.htm
Cryptocarya clarksoniana,https://apps.lucidcentral.org/rainforest/text/entities/cryptocarya_clarksoniana.htm
Cryptocarya claudiana,https://apps.lucidcentral.org/rainforest/text/entities/cryptocarya_claudiana.htm
Cryptocarya cocosoides,https://apps.lucidcentral.org/rainforest/text/entities/cryptocarya_cocosoides.htm
Cryptocarya corrugata,https://apps.lucidcentral.org/rainforest/text/entities/cryptocarya_corrugata.htm
Cryptocarya cunninghamii,https://apps.lucidcentral.org/rainforest/text/entities/cryptocarya_cunninghamii.htm
Cryptocarya densiflora,https://apps.lucidcentral.org/rainforest/text/entities/cryptocarya_densiflora.htm
Cryptocarya endiandrifolia,https://apps.lucidcentral.org/rainforest/text/entities/cryptocarya_endiandrifolia.htm
Cryptocarya exfoliata,https://apps.lucidcentral.org/rainforest/text/entities/cryptocarya_exfoliata.htm
Cryptocarya glaucescens,https://apps.lucidcentral.org/rainforest/text/entities/cryptocarya_glaucescens.htm
Cryptocarya glaucocarpa,https://apps.lucidcentral.org/rainforest/text/entities/cryptocarya_glaucocarpa.htm
Cryptocarya grandis,https://apps.lucidcentral.org/rainforest/text/entities/cryptocarya_grandis.htm
Cryptocarya hypospodia,https://apps.lucidcentral.org/rainforest/text/entities/cryptocarya_hypospodia.htm
Cryptocarya laevigata,https://apps.lucidcentral.org/rainforest/text/entities/cryptocarya_laevigata.htm
Cryptocarya leucophylla,https://apps.lucidcentral.org/rainforest/text/entities/cryptocarya_leucophylla.htm
Cryptocarya lividula,https://apps.lucidcentral.org/rainforest/text/entities/cryptocarya_lividula.htm
Cryptocarya macdonaldii,https://apps.lucidcentral.org/rainforest/text/entities/cryptocarya_macdonaldii.htm
Cryptocarya mackinnoniana,https://apps.lucidcentral.org/rainforest/text/entities/cryptocarya_mackinnoniana.htm
Cryptocarya melanocarpa,https://apps.lucidcentral.org/rainforest/text/entities/cryptocarya_melanocarpa.htm
Cryptocarya murrayi,https://apps.lucidcentral.org/rainforest/text/entities/cryptocarya_murrayi.htm
Cryptocarya oblata,https://apps.lucidcentral.org/rainforest/text/entities/cryptocarya_oblata.htm
Cryptocarya onoprienkoana,https://apps.lucidcentral.org/rainforest/text/entities/cryptocarya_onoprienkoana.htm
Cryptocarya pleurosperma,https://apps.lucidcentral.org/rainforest/text/entities/cryptocarya_pleurosperma.htm
Cryptocarya putida,https://apps.lucidcentral.org/rainforest/text/entities/cryptocarya_putida.htm
Cryptocarya rhodosperma,https://apps.lucidcentral.org/rainforest/text/entities/cryptocarya_rhodosperma.htm
Cryptocarya saccharata,https://apps.lucidcentral.org/rainforest/text/entities/cryptocarya_saccharata.htm
Cryptocarya smaragdina,https://apps.lucidcentral.org/rainforest/text/entities/cryptocarya_smaragdina.htm
Cryptocarya triplinervis var. pubens,https://apps.lucidcentral.org/rainforest/text/entities/cryptocarya_triplinervis_var._pubens.htm
Cryptocarya triplinervis var. riparia,https://apps.lucidcentral.org/rainforest/text/entities/cryptocarya_triplinervis_var._riparia.htm
Cryptocarya vulgaris,https://apps.lucidcentral.org/rainforest/text/entities/cryptocarya_vulgaris.htm
Cryptocarya whiffiniana,https://apps.lucidcentral.org/rainforest/text/entities/cryptocarya_whiffiniana.htm
Cryptostegia grandiflora,https://apps.lucidcentral.org/rainforest/text/entities/cryptostegia_grandiflora.htm
Cucumis althaeoides,https://apps.lucidcentral.org/rainforest/text/entities/cucumis_althaeoides.htm
Cucumis anguria var. anguria,https://apps.lucidcentral.org/rainforest/text/entities/cucumis_anguria_var._anguria.htm
Cucumis costatus,https://apps.lucidcentral.org/rainforest/text/entities/cucumis_costatus.htm
Cucumis melo,https://apps.lucidcentral.org/rainforest/text/entities/cucumis_melo.htm
Cucumis queenslandicus,https://apps.lucidcentral.org/rainforest/text/entities/cucumis_queenslandicus.htm
Cucumis umbellatus,https://apps.lucidcentral.org/rainforest/text/entities/cucumis_umbellatus.htm
Cucurbitaceae,https://apps.lucidcentral.org/rainforest/text/entities/cucurbitaceae.htm
Cunoniaceae,https://apps.lucidcentral.org/rainforest/text/entities/cunoniaceae.htm
Cupaniopsis anacardioides,https://apps.lucidcentral.org/rainforest/text/entities/cupaniopsis_anacardioides.htm
Cupaniopsis cooperorum,https://apps.lucidcentral.org/rainforest/text/entities/cupaniopsis_cooperorum.htm
Cupaniopsis dallachyi,https://apps.lucidcentral.org/rainforest/text/entities/cupaniopsis_dallachyi.htm
Cupaniopsis diploglottoides,https://apps.lucidcentral.org/rainforest/text/entities/cupaniopsis_diploglottoides.htm
Cupaniopsis flagelliformis,https://apps.lucidcentral.org/rainforest/text/entities/cupaniopsis_flagelliformis.htm
Cupaniopsis fleckeri,https://apps.lucidcentral.org/rainforest/text/entities/cupaniopsis_fleckeri.htm
Cupaniopsis foveolata,https://apps.lucidcentral.org/rainforest/text/entities/cupaniopsis_foveolata.htm
Cupaniopsis papillosa,https://apps.lucidcentral.org/rainforest/text/entities/cupaniopsis_papillosa.htm
Cupaniopsis simulata,https://apps.lucidcentral.org/rainforest/text/entities/cupaniopsis_simulata.htm
Cupaniopsis wadsworthii,https://apps.lucidcentral.org/rainforest/text/entities/cupaniopsis_wadsworthii.htm
Cupressaceae,https://apps.lucidcentral.org/rainforest/text/entities/cupressaceae.htm
Curcuma australasica,https://apps.lucidcentral.org/rainforest/text/entities/curcuma_australasica.htm
Curcuma longa,https://apps.lucidcentral.org/rainforest/text/entities/curcuma_longa.htm
Cyanotis axillaris,https://apps.lucidcentral.org/rainforest/text/entities/cyanotis_axillaris.htm
Cyanthillium cinereum,https://apps.lucidcentral.org/rainforest/text/entities/cyanthillium_cinereum.htm
Cyanthillium patulum,https://apps.lucidcentral.org/rainforest/text/entities/cyanthillium_patulum.htm
Cyathula prostrata,https://apps.lucidcentral.org/rainforest/text/entities/cyathula_prostrata.htm
Cycadaceae,https://apps.lucidcentral.org/rainforest/text/entities/cycadaceae.htm
Cycas media,https://apps.lucidcentral.org/rainforest/text/entities/cycas_media.htm
Cycas silvestris,https://apps.lucidcentral.org/rainforest/text/entities/cycas_silvestris.htm
Cyclophyllum coprosmoides,https://apps.lucidcentral.org/rainforest/text/entities/cyclophyllum_coprosmoides.htm
Cyclophyllum costatum,https://apps.lucidcentral.org/rainforest/text/entities/cyclophyllum_costatum.htm
Cyclophyllum maritimum,https://apps.lucidcentral.org/rainforest/text/entities/cyclophyllum_maritimum.htm
Cyclophyllum multiflorum,https://apps.lucidcentral.org/rainforest/text/entities/cyclophyllum_multiflorum.htm
Cyclophyllum protractum,https://apps.lucidcentral.org/rainforest/text/entities/cyclophyllum_protractum.htm
Cyclophyllum rostellatum,https://apps.lucidcentral.org/rainforest/text/entities/cyclophyllum_rostellatum.htm
Cyclophyllum schultzii,https://apps.lucidcentral.org/rainforest/text/entities/cyclophyllum_schultzii.htm
Cymbopogon ambiguus,https://apps.lucidcentral.org/rainforest/text/entities/cymbopogon_ambiguus.htm
Cymbopogon procerus,https://apps.lucidcentral.org/rainforest/text/entities/cymbopogon_procerus.htm
Cymbopogon refractus,https://apps.lucidcentral.org/rainforest/text/entities/cymbopogon_refractus.htm
Cynanchum bowmanii,https://apps.lucidcentral.org/rainforest/text/entities/cynanchum_bowmanii.htm
Cynanchum carnosum,https://apps.lucidcentral.org/rainforest/text/entities/cynanchum_carnosum.htm
Cynanchum leptolepis,https://apps.lucidcentral.org/rainforest/text/entities/cynanchum_leptolepis.htm
Cynanchum ovalifolium,https://apps.lucidcentral.org/rainforest/text/entities/cynanchum_ovalifolium.htm
Cynanchum pedunculatum,https://apps.lucidcentral.org/rainforest/text/entities/cynanchum_pedunculatum.htm
Cynanchum viminale subsp. brunonianum,https://apps.lucidcentral.org/rainforest/text/entities/cynanchum_viminale_subsp._brunonianum.htm
Cynodon dactylon,https://apps.lucidcentral.org/rainforest/text/entities/cynodon_dactylon.htm
Cynoglossum australe,https://apps.lucidcentral.org/rainforest/text/entities/cynoglossum_australe.htm
Cynometra iripa,https://apps.lucidcentral.org/rainforest/text/entities/cynometra_iripa.htm
Cynometra ramiflora,https://apps.lucidcentral.org/rainforest/text/entities/cynometra_ramiflora.htm
Cynometra roseiflora,https://apps.lucidcentral.org/rainforest/text/entities/cynometra_roseiflora.htm
Cyperaceae,https://apps.lucidcentral.org/rainforest/text/entities/cyperaceae.htm
Cyperus aquatilis,https://apps.lucidcentral.org/rainforest/text/entities/cyperus_aquatilis.htm
Cyperus brevifolius,https://apps.lucidcentral.org/rainforest/text/entities/cyperus_brevifolius.htm
Cyperus bulbosus,https://apps.lucidcentral.org/rainforest/text/entities/cyperus_bulbosus.htm
Cyperus decompositus,https://apps.lucidcentral.org/rainforest/text/entities/cyperus_decompositus.htm
Cyperus dietrichiae,https://apps.lucidcentral.org/rainforest/text/entities/cyperus_dietrichiae.htm
Cyperus enervis,https://apps.lucidcentral.org/rainforest/text/entities/cyperus_enervis.htm
Cyperus gracilis,https://apps.lucidcentral.org/rainforest/text/entities/cyperus_gracilis.htm
Cyperus gunnii subsp. novae-hollandiae,https://apps.lucidcentral.org/rainforest/text/entities/cyperus_gunnii_subsp._novae-hollandiae.htm
Cyperus haspan subsp. juncoides,https://apps.lucidcentral.org/rainforest/text/entities/cyperus_haspan_subsp._juncoides.htm
Cyperus hyalinus,https://apps.lucidcentral.org/rainforest/text/entities/cyperus_hyalinus.htm
Cyperus involucratus,https://apps.lucidcentral.org/rainforest/text/entities/cyperus_involucratus.htm
Cyperus javanicus,https://apps.lucidcentral.org/rainforest/text/entities/cyperus_javanicus.htm
Cyperus laxus,https://apps.lucidcentral.org/rainforest/text/entities/cyperus_laxus.htm
Cyperus mirus,https://apps.lucidcentral.org/rainforest/text/entities/cyperus_mirus.htm
Cyperus multispiceus,https://apps.lucidcentral.org/rainforest/text/entities/cyperus_multispiceus.htm
Cyperus paniceus,https://apps.lucidcentral.org/rainforest/text/entities/cyperus_paniceus.htm
Cyperus pedunculosus,https://apps.lucidcentral.org/rainforest/text/entities/cyperus_pedunculosus.htm
Cyperus pilosus,https://apps.lucidcentral.org/rainforest/text/entities/cyperus_pilosus.htm
Cyperus polystachyos,https://apps.lucidcentral.org/rainforest/text/entities/cyperus_polystachyos.htm
Cyperus sulcinux,https://apps.lucidcentral.org/rainforest/text/entities/cyperus_sulcinux.htm
Cyperus tetraphyllus,https://apps.lucidcentral.org/rainforest/text/entities/cyperus_tetraphyllus.htm
Cyperus triceps,https://apps.lucidcentral.org/rainforest/text/entities/cyperus_triceps.htm
Cyperus trinervis,https://apps.lucidcentral.org/rainforest/text/entities/cyperus_trinervis.htm
Cyperus zollingeri,https://apps.lucidcentral.org/rainforest/text/entities/cyperus_zollingeri.htm
Cyrtandra baileyi,https://apps.lucidcentral.org/rainforest/text/entities/cyrtandra_baileyi.htm
Cyrtococcum accrescens,https://apps.lucidcentral.org/rainforest/text/entities/cyrtococcum_accrescens.htm
Cyrtococcum oxyphyllum,https://apps.lucidcentral.org/rainforest/text/entities/cyrtococcum_oxyphyllum.htm
Cyrtococcum patens,https://apps.lucidcentral.org/rainforest/text/entities/cyrtococcum_patens.htm
NA,https://apps.lucidcentral.org/rainforest/text/entities/NA.htm
NA,https://apps.lucidcentral.org/rainforest/text/entities/NA.htm
NA,https://apps.lucidcentral.org/rainforest/text/entities/NA.htm
D,https://apps.lucidcentral.org/rainforest/text/entities/d.htm
Dactyliophora novae-guineae,https://apps.lucidcentral.org/rainforest/text/entities/dactyliophora_novae-guineae.htm
Dactyloctenium aegyptium,https://apps.lucidcentral.org/rainforest/text/entities/dactyloctenium_aegyptium.htm
Dalbergia candenatensis,https://apps.lucidcentral.org/rainforest/text/entities/dalbergia_candenatensis.htm
Dalbergia densa,https://apps.lucidcentral.org/rainforest/text/entities/dalbergia_densa.htm
Dalbergia ferruginea,https://apps.lucidcentral.org/rainforest/text/entities/dalbergia_ferruginea.htm
Dansiea elliptica,https://apps.lucidcentral.org/rainforest/text/entities/dansiea_elliptica.htm
Daphnandra apatela,https://apps.lucidcentral.org/rainforest/text/entities/daphnandra_apatela.htm
Daphnandra repandula,https://apps.lucidcentral.org/rainforest/text/entities/daphnandra_repandula.htm
Darlingia darlingiana,https://apps.lucidcentral.org/rainforest/text/entities/darlingia_darlingiana.htm
Darlingia ferruginea,https://apps.lucidcentral.org/rainforest/text/entities/darlingia_ferruginea.htm
Datiscaceae,https://apps.lucidcentral.org/rainforest/text/entities/datiscaceae.htm
Davidsonia pruriens,https://apps.lucidcentral.org/rainforest/text/entities/davidsonia_pruriens.htm
Debregeasia australis,https://apps.lucidcentral.org/rainforest/text/entities/debregeasia_australis.htm
Decaisnina angustata,https://apps.lucidcentral.org/rainforest/text/entities/decaisnina_angustata.htm
Decaisnina brittenii subsp. brittenii,https://apps.lucidcentral.org/rainforest/text/entities/decaisnina_brittenii_subsp._brittenii.htm
Decaisnina congesta,https://apps.lucidcentral.org/rainforest/text/entities/decaisnina_congesta.htm
Decaisnina hollrungii,https://apps.lucidcentral.org/rainforest/text/entities/decaisnina_hollrungii.htm
Decaisnina signata,https://apps.lucidcentral.org/rainforest/text/entities/decaisnina_signata.htm
Decalobanthus peltatus,https://apps.lucidcentral.org/rainforest/text/entities/decalobanthus_peltatus.htm
Decaspermum humile,https://apps.lucidcentral.org/rainforest/text/entities/decaspermum_humile.htm
Deeringia amaranthoides,https://apps.lucidcentral.org/rainforest/text/entities/deeringia_amaranthoides.htm
Deeringia arborescens,https://apps.lucidcentral.org/rainforest/text/entities/deeringia_arborescens.htm
Delarbrea michieana,https://apps.lucidcentral.org/rainforest/text/entities/delarbrea_michieana.htm
Delonix regia,https://apps.lucidcentral.org/rainforest/text/entities/delonix_regia.htm
Dendrocnide corallodesme,https://apps.lucidcentral.org/rainforest/text/entities/dendrocnide_corallodesme.htm
Dendrocnide cordifolia,https://apps.lucidcentral.org/rainforest/text/entities/dendrocnide_cordifolia.htm
Dendrocnide moroides,https://apps.lucidcentral.org/rainforest/text/entities/dendrocnide_moroides.htm
Dendrocnide photinophylla,https://apps.lucidcentral.org/rainforest/text/entities/dendrocnide_photinophylla.htm
Dendrolobium arbuscula,https://apps.lucidcentral.org/rainforest/text/entities/dendrolobium_arbuscula.htm
Dendrolobium umbellatum var. umbellatum,https://apps.lucidcentral.org/rainforest/text/entities/dendrolobium_umbellatum_var._umbellatum.htm
Dendromyza reinwardtiana,https://apps.lucidcentral.org/rainforest/text/entities/dendromyza_reinwardtiana.htm
Dendrophthoe acacioides subsp. acacioides,https://apps.lucidcentral.org/rainforest/text/entities/dendrophthoe_acacioides_subsp._acacioides.htm
Dendrophthoe curvata,https://apps.lucidcentral.org/rainforest/text/entities/dendrophthoe_curvata.htm
Dendrophthoe glabrescens,https://apps.lucidcentral.org/rainforest/text/entities/dendrophthoe_glabrescens.htm
Dendrophthoe vitellina,https://apps.lucidcentral.org/rainforest/text/entities/dendrophthoe_vitellina.htm
Dendrotrophe varians,https://apps.lucidcentral.org/rainforest/text/entities/dendrotrophe_varians.htm
Denhamia bilocularis,https://apps.lucidcentral.org/rainforest/text/entities/denhamia_bilocularis.htm
Denhamia cunninghamii,https://apps.lucidcentral.org/rainforest/text/entities/denhamia_cunninghamii.htm
Denhamia disperma,https://apps.lucidcentral.org/rainforest/text/entities/denhamia_disperma.htm
Denhamia fasciculiflora,https://apps.lucidcentral.org/rainforest/text/entities/denhamia_fasciculiflora.htm
Denhamia obscura,https://apps.lucidcentral.org/rainforest/text/entities/denhamia_obscura.htm
Denhamia oleaster,https://apps.lucidcentral.org/rainforest/text/entities/denhamia_oleaster.htm
Denhamia peninsularis,https://apps.lucidcentral.org/rainforest/text/entities/denhamia_peninsularis.htm
Denhamia pittosporoides subsp. angustifolia,https://apps.lucidcentral.org/rainforest/text/entities/denhamia_pittosporoides_subsp._angustifolia.htm
Denhamia pittosporoides subsp. pittosporoides,https://apps.lucidcentral.org/rainforest/text/entities/denhamia_pittosporoides_subsp._pittosporoides.htm
Denhamia viridissima,https://apps.lucidcentral.org/rainforest/text/entities/denhamia_viridissima.htm
Deplanchea tetraphylla,https://apps.lucidcentral.org/rainforest/text/entities/deplanchea_tetraphylla.htm
Derris sp. Claudie River (L.J.Webb 8348),https://apps.lucidcentral.org/rainforest/text/entities/derris_sp__claudie_river_l_j.webb_8348.htm
Derris sp. Daintree (D.E.Boyland 469),https://apps.lucidcentral.org/rainforest/text/entities/derris_sp__daintree_d_e.boyland_469.htm
Derris sp. Wenlock River (B.Hyland 21082V),https://apps.lucidcentral.org/rainforest/text/entities/derris_sp__wenlock_river_b_hyland_21082v.htm
Derris trifoliata,https://apps.lucidcentral.org/rainforest/text/entities/derris_trifoliata.htm
Desmodium gangeticum,https://apps.lucidcentral.org/rainforest/text/entities/desmodium_gangeticum.htm
Desmodium gunnii,https://apps.lucidcentral.org/rainforest/text/entities/desmodium_gunnii.htm
Desmodium heterocarpon var. strigosum,https://apps.lucidcentral.org/rainforest/text/entities/desmodium_heterocarpon_var._strigosum.htm
Desmodium intortum,https://apps.lucidcentral.org/rainforest/text/entities/desmodium_intortum.htm
Desmodium macrocarpum,https://apps.lucidcentral.org/rainforest/text/entities/desmodium_macrocarpum.htm
Desmodium nemorosum,https://apps.lucidcentral.org/rainforest/text/entities/desmodium_nemorosum.htm
Desmodium tenax,https://apps.lucidcentral.org/rainforest/text/entities/desmodium_tenax.htm
Desmodium tortuosum,https://apps.lucidcentral.org/rainforest/text/entities/desmodium_tortuosum.htm
Desmodium trichostachyum,https://apps.lucidcentral.org/rainforest/text/entities/desmodium_trichostachyum.htm
Desmos goezeanus,https://apps.lucidcentral.org/rainforest/text/entities/desmos_goezeanus.htm
Desmos polycarpus,https://apps.lucidcentral.org/rainforest/text/entities/desmos_polycarpus.htm
Desmos wardianus,https://apps.lucidcentral.org/rainforest/text/entities/desmos_wardianus.htm
Dianella atraxis,https://apps.lucidcentral.org/rainforest/text/entities/dianella_atraxis.htm
Dianella bambusifolia,https://apps.lucidcentral.org/rainforest/text/entities/dianella_bambusifolia.htm
Dianella caerulea var. assera,https://apps.lucidcentral.org/rainforest/text/entities/dianella_caerulea_var._assera.htm
Dianella caerulea var. caerulea,https://apps.lucidcentral.org/rainforest/text/entities/dianella_caerulea_var._caerulea.htm
Dianella longifolia var. longifolia,https://apps.lucidcentral.org/rainforest/text/entities/dianella_longifolia_var._longifolia.htm
Dianella odorata,https://apps.lucidcentral.org/rainforest/text/entities/dianella_odorata.htm
Dianella pavopennacea var. major,https://apps.lucidcentral.org/rainforest/text/entities/dianella_pavopennacea_var._major.htm
Dichapetalaceae,https://apps.lucidcentral.org/rainforest/text/entities/dichapetalaceae.htm
Dichapetalum papuanum,https://apps.lucidcentral.org/rainforest/text/entities/dichapetalum_papuanum.htm
Dichapetalum timoriense,https://apps.lucidcentral.org/rainforest/text/entities/dichapetalum_timoriense.htm
Dichrocephala integrifolia,https://apps.lucidcentral.org/rainforest/text/entities/dichrocephala_integrifolia.htm
Dicliptera ciliata,https://apps.lucidcentral.org/rainforest/text/entities/dicliptera_ciliata.htm
Dicliptera spicata,https://apps.lucidcentral.org/rainforest/text/entities/dicliptera_spicata.htm
Dictyoneura obtusa,https://apps.lucidcentral.org/rainforest/text/entities/dictyoneura_obtusa.htm
Dillenia alata,https://apps.lucidcentral.org/rainforest/text/entities/dillenia_alata.htm
Dilleniaceae,https://apps.lucidcentral.org/rainforest/text/entities/dilleniaceae.htm
Dimocarpus australianus,https://apps.lucidcentral.org/rainforest/text/entities/dimocarpus_australianus.htm
Dimocarpus longan,https://apps.lucidcentral.org/rainforest/text/entities/dimocarpus_longan.htm
Dimorphocalyx australiensis,https://apps.lucidcentral.org/rainforest/text/entities/dimorphocalyx_australiensis.htm
Dinghoua globularis,https://apps.lucidcentral.org/rainforest/text/entities/dinghoua_globularis.htm
Dinosperma erythrococcum,https://apps.lucidcentral.org/rainforest/text/entities/dinosperma_erythrococcum.htm
Dinosperma longifolium,https://apps.lucidcentral.org/rainforest/text/entities/dinosperma_longifolium.htm
Dinosperma melanophloium,https://apps.lucidcentral.org/rainforest/text/entities/dinosperma_melanophloium.htm
Dinosperma stipitatum,https://apps.lucidcentral.org/rainforest/text/entities/dinosperma_stipitatum.htm
Dioclea hexandra,https://apps.lucidcentral.org/rainforest/text/entities/dioclea_hexandra.htm
Dioscorea alata,https://apps.lucidcentral.org/rainforest/text/entities/dioscorea_alata.htm
Dioscorea bulbifera var. bulbifera,https://apps.lucidcentral.org/rainforest/text/entities/dioscorea_bulbifera_var._bulbifera.htm
Dioscorea transversa,https://apps.lucidcentral.org/rainforest/text/entities/dioscorea_transversa.htm
Dioscoreaceae,https://apps.lucidcentral.org/rainforest/text/entities/dioscoreaceae.htm
Diospyros areolifolia,https://apps.lucidcentral.org/rainforest/text/entities/diospyros_areolifolia.htm
Diospyros australis,https://apps.lucidcentral.org/rainforest/text/entities/diospyros_australis.htm
Diospyros calycantha,https://apps.lucidcentral.org/rainforest/text/entities/diospyros_calycantha.htm
Diospyros compacta,https://apps.lucidcentral.org/rainforest/text/entities/diospyros_compacta.htm
Diospyros fasciculosa,https://apps.lucidcentral.org/rainforest/text/entities/diospyros_fasciculosa.htm
Diospyros geminata,https://apps.lucidcentral.org/rainforest/text/entities/diospyros_geminata.htm
Diospyros granitica,https://apps.lucidcentral.org/rainforest/text/entities/diospyros_granitica.htm
Diospyros hebecarpa,https://apps.lucidcentral.org/rainforest/text/entities/diospyros_hebecarpa.htm
Diospyros hemicycloides,https://apps.lucidcentral.org/rainforest/text/entities/diospyros_hemicycloides.htm
Diospyros humilis,https://apps.lucidcentral.org/rainforest/text/entities/diospyros_humilis.htm
Diospyros laurina,https://apps.lucidcentral.org/rainforest/text/entities/diospyros_laurina.htm
Diospyros littorea,https://apps.lucidcentral.org/rainforest/text/entities/diospyros_littorea.htm
Diospyros maritima,https://apps.lucidcentral.org/rainforest/text/entities/diospyros_maritima.htm
Diospyros peninsularis,https://apps.lucidcentral.org/rainforest/text/entities/diospyros_peninsularis.htm
Diospyros pentamera,https://apps.lucidcentral.org/rainforest/text/entities/diospyros_pentamera.htm
Diospyros pluviatilis,https://apps.lucidcentral.org/rainforest/text/entities/diospyros_pluviatilis.htm
Diospyros rheophila,https://apps.lucidcentral.org/rainforest/text/entities/diospyros_rheophila.htm
Diospyros rugosula,https://apps.lucidcentral.org/rainforest/text/entities/diospyros_rugosula.htm
Diospyros sp. Ham Hill (B.Hyland 2941RFK),https://apps.lucidcentral.org/rainforest/text/entities/diospyros_sp__ham_hill_b_hyland_2941rfk.htm
Diospyros uvida,https://apps.lucidcentral.org/rainforest/text/entities/diospyros_uvida.htm
Diplatia furcata,https://apps.lucidcentral.org/rainforest/text/entities/diplatia_furcata.htm
Diplatia tomentosa,https://apps.lucidcentral.org/rainforest/text/entities/diplatia_tomentosa.htm
Diplocyclos palmatus,https://apps.lucidcentral.org/rainforest/text/entities/diplocyclos_palmatus.htm
Diploglottis alaticarpa,https://apps.lucidcentral.org/rainforest/text/entities/diploglottis_alaticarpa.htm
Diploglottis bernieana,https://apps.lucidcentral.org/rainforest/text/entities/diploglottis_bernieana.htm
Diploglottis bracteata,https://apps.lucidcentral.org/rainforest/text/entities/diploglottis_bracteata.htm
Diploglottis diphyllostegia,https://apps.lucidcentral.org/rainforest/text/entities/diploglottis_diphyllostegia.htm
Diploglottis harpullioides,https://apps.lucidcentral.org/rainforest/text/entities/diploglottis_harpullioides.htm
Diploglottis macrantha,https://apps.lucidcentral.org/rainforest/text/entities/diploglottis_macrantha.htm
Diploglottis obovata,https://apps.lucidcentral.org/rainforest/text/entities/diploglottis_obovata.htm
Diploglottis pedleyi,https://apps.lucidcentral.org/rainforest/text/entities/diploglottis_pedleyi.htm
Diploglottis smithii,https://apps.lucidcentral.org/rainforest/text/entities/diploglottis_smithii.htm
Dipodium pictum,https://apps.lucidcentral.org/rainforest/text/entities/dipodium_pictum.htm
Dipteracanthus australasicus subsp. australasicus,https://apps.lucidcentral.org/rainforest/text/entities/dipteracanthus_australasicus_subsp._australasicus.htm
Dischidia litoralis,https://apps.lucidcentral.org/rainforest/text/entities/dischidia_litoralis.htm
Dischidia major,https://apps.lucidcentral.org/rainforest/text/entities/dischidia_major.htm
Dischidia nummularia,https://apps.lucidcentral.org/rainforest/text/entities/dischidia_nummularia.htm
Dischidia ovata,https://apps.lucidcentral.org/rainforest/text/entities/dischidia_ovata.htm
Dissiliaria baloghioides,https://apps.lucidcentral.org/rainforest/text/entities/dissiliaria_baloghioides.htm
Dissiliaria indistincta,https://apps.lucidcentral.org/rainforest/text/entities/dissiliaria_indistincta.htm
Dissiliaria laxinervis,https://apps.lucidcentral.org/rainforest/text/entities/dissiliaria_laxinervis.htm
Dissiliaria surculosa,https://apps.lucidcentral.org/rainforest/text/entities/dissiliaria_surculosa.htm
Dissiliaria tuckeri,https://apps.lucidcentral.org/rainforest/text/entities/dissiliaria_tuckeri.htm
Dissotis rotundifolia,https://apps.lucidcentral.org/rainforest/text/entities/dissotis_rotundifolia.htm
Distimake dissectus,https://apps.lucidcentral.org/rainforest/text/entities/distimake_dissectus.htm
Distimake quinquefolius,https://apps.lucidcentral.org/rainforest/text/entities/distimake_quinquefolius.htm
Distimake tuberosus,https://apps.lucidcentral.org/rainforest/text/entities/distimake_tuberosus.htm
Dodonaea lanceolata var. lanceolata,https://apps.lucidcentral.org/rainforest/text/entities/dodonaea_lanceolata_var._lanceolata.htm
Dodonaea lanceolata var. subsessilifolia,https://apps.lucidcentral.org/rainforest/text/entities/dodonaea_lanceolata_var._subsessilifolia.htm
Dodonaea platyptera,https://apps.lucidcentral.org/rainforest/text/entities/dodonaea_platyptera.htm
Dodonaea polyandra,https://apps.lucidcentral.org/rainforest/text/entities/dodonaea_polyandra.htm
Dodonaea triquetra,https://apps.lucidcentral.org/rainforest/text/entities/dodonaea_triquetra.htm
Dodonaea viscosa subsp. viscosa,https://apps.lucidcentral.org/rainforest/text/entities/dodonaea_viscosa_subsp._viscosa.htm
Dolichandrone spathacea,https://apps.lucidcentral.org/rainforest/text/entities/dolichandrone_spathacea.htm
Donella lanceolata,https://apps.lucidcentral.org/rainforest/text/entities/donella_lanceolata.htm
Doryphora aromatica,https://apps.lucidcentral.org/rainforest/text/entities/doryphora_aromatica.htm
Dracophyllum sayeri,https://apps.lucidcentral.org/rainforest/text/entities/dracophyllum_sayeri.htm
Drosera adelae,https://apps.lucidcentral.org/rainforest/text/entities/drosera_adelae.htm
Drosera lunata,https://apps.lucidcentral.org/rainforest/text/entities/drosera_lunata.htm
Drosera prolifera,https://apps.lucidcentral.org/rainforest/text/entities/drosera_prolifera.htm
Drosera schizandra,https://apps.lucidcentral.org/rainforest/text/entities/drosera_schizandra.htm
Droseraceae,https://apps.lucidcentral.org/rainforest/text/entities/droseraceae.htm
Dryadodaphne trachyphloia,https://apps.lucidcentral.org/rainforest/text/entities/dryadodaphne_trachyphloia.htm
Drymaria cordata,https://apps.lucidcentral.org/rainforest/text/entities/drymaria_cordata.htm
Drypetes acuminata,https://apps.lucidcentral.org/rainforest/text/entities/drypetes_acuminata.htm
Drypetes deplanchei,https://apps.lucidcentral.org/rainforest/text/entities/drypetes_deplanchei.htm
Drypetes iodoformis,https://apps.lucidcentral.org/rainforest/text/entities/drypetes_iodoformis.htm
Drypetes vernicosa,https://apps.lucidcentral.org/rainforest/text/entities/drypetes_vernicosa.htm
Duboisia myoporoides,https://apps.lucidcentral.org/rainforest/text/entities/duboisia_myoporoides.htm
Duranta erecta,https://apps.lucidcentral.org/rainforest/text/entities/duranta_erecta.htm
Dysoxylum acutangulum subsp. foveolatum,https://apps.lucidcentral.org/rainforest/text/entities/dysoxylum_acutangulum_subsp._foveolatum.htm
Dysoxylum alliaceum,https://apps.lucidcentral.org/rainforest/text/entities/dysoxylum_alliaceum.htm
Dysoxylum arborescens,https://apps.lucidcentral.org/rainforest/text/entities/dysoxylum_arborescens.htm
Dysoxylum gaudichaudianum,https://apps.lucidcentral.org/rainforest/text/entities/dysoxylum_gaudichaudianum.htm
Dysoxylum klanderi,https://apps.lucidcentral.org/rainforest/text/entities/dysoxylum_klanderi.htm
Dysoxylum latifolium,https://apps.lucidcentral.org/rainforest/text/entities/dysoxylum_latifolium.htm
Dysoxylum mollissimum subsp. molle,https://apps.lucidcentral.org/rainforest/text/entities/dysoxylum_mollissimum_subsp._molle.htm
Dysoxylum oppositifolium,https://apps.lucidcentral.org/rainforest/text/entities/dysoxylum_oppositifolium.htm
Dysoxylum papuanum,https://apps.lucidcentral.org/rainforest/text/entities/dysoxylum_papuanum.htm
Dysoxylum parasiticum,https://apps.lucidcentral.org/rainforest/text/entities/dysoxylum_parasiticum.htm
Dysoxylum pettigrewianum,https://apps.lucidcentral.org/rainforest/text/entities/dysoxylum_pettigrewianum.htm
Dysoxylum pumilum,https://apps.lucidcentral.org/rainforest/text/entities/dysoxylum_pumilum.htm
Dysoxylum rufum,https://apps.lucidcentral.org/rainforest/text/entities/dysoxylum_rufum.htm
Dysoxylum setosum,https://apps.lucidcentral.org/rainforest/text/entities/dysoxylum_setosum.htm
Dysphania carinata,https://apps.lucidcentral.org/rainforest/text/entities/dysphania_carinata.htm
NA,https://apps.lucidcentral.org/rainforest/text/entities/NA.htm
NA,https://apps.lucidcentral.org/rainforest/text/entities/NA.htm
NA,https://apps.lucidcentral.org/rainforest/text/entities/NA.htm
E,https://apps.lucidcentral.org/rainforest/text/entities/e.htm
Ebenaceae,https://apps.lucidcentral.org/rainforest/text/entities/ebenaceae.htm
Eclipta prostrata,https://apps.lucidcentral.org/rainforest/text/entities/eclipta_prostrata.htm
Ehretia acuminata var. pyrifolia,https://apps.lucidcentral.org/rainforest/text/entities/ehretia_acuminata_var._pyrifolia.htm
Ehretia grahamii,https://apps.lucidcentral.org/rainforest/text/entities/ehretia_grahamii.htm
Ehretia microphylla,https://apps.lucidcentral.org/rainforest/text/entities/ehretia_microphylla.htm
Ehretia saligna var. membranifolia,https://apps.lucidcentral.org/rainforest/text/entities/ehretia_saligna_var._membranifolia.htm
Ehretia saligna var. saligna,https://apps.lucidcentral.org/rainforest/text/entities/ehretia_saligna_var._saligna.htm
Ehretia sp. Whitfield Range (R.Jago 17),https://apps.lucidcentral.org/rainforest/text/entities/ehretia_sp__whitfield_range_r_jago_17.htm
Eidothea zoexylocarya,https://apps.lucidcentral.org/rainforest/text/entities/eidothea_zoexylocarya.htm
Einadia hastata,https://apps.lucidcentral.org/rainforest/text/entities/einadia_hastata.htm
Elaeagnaceae,https://apps.lucidcentral.org/rainforest/text/entities/elaeagnaceae.htm
Elaeagnus triflora,https://apps.lucidcentral.org/rainforest/text/entities/elaeagnus_triflora.htm
Elaeocarpaceae,https://apps.lucidcentral.org/rainforest/text/entities/elaeocarpaceae.htm
Elaeocarpus angustifolius,https://apps.lucidcentral.org/rainforest/text/entities/elaeocarpus_angustifolius.htm
Elaeocarpus arnhemicus,https://apps.lucidcentral.org/rainforest/text/entities/elaeocarpus_arnhemicus.htm
Elaeocarpus bancroftii,https://apps.lucidcentral.org/rainforest/text/entities/elaeocarpus_bancroftii.htm
Elaeocarpus carbinensis,https://apps.lucidcentral.org/rainforest/text/entities/elaeocarpus_carbinensis.htm
Elaeocarpus carolinae,https://apps.lucidcentral.org/rainforest/text/entities/elaeocarpus_carolinae.htm
Elaeocarpus coorangooloo,https://apps.lucidcentral.org/rainforest/text/entities/elaeocarpus_coorangooloo.htm
Elaeocarpus culminicola,https://apps.lucidcentral.org/rainforest/text/entities/elaeocarpus_culminicola.htm
Elaeocarpus elliffii,https://apps.lucidcentral.org/rainforest/text/entities/elaeocarpus_elliffii.htm
Elaeocarpus eumundi,https://apps.lucidcentral.org/rainforest/text/entities/elaeocarpus_eumundi.htm
Elaeocarpus ferruginiflorus,https://apps.lucidcentral.org/rainforest/text/entities/elaeocarpus_ferruginiflorus.htm
Elaeocarpus foveolatus,https://apps.lucidcentral.org/rainforest/text/entities/elaeocarpus_foveolatus.htm
Elaeocarpus grahamii,https://apps.lucidcentral.org/rainforest/text/entities/elaeocarpus_grahamii.htm
Elaeocarpus grandis,https://apps.lucidcentral.org/rainforest/text/entities/elaeocarpus_grandis.htm
Elaeocarpus hylobroma,https://apps.lucidcentral.org/rainforest/text/entities/elaeocarpus_hylobroma.htm
Elaeocarpus johnsonii,https://apps.lucidcentral.org/rainforest/text/entities/elaeocarpus_johnsonii.htm
Elaeocarpus kirtonii,https://apps.lucidcentral.org/rainforest/text/entities/elaeocarpus_kirtonii.htm
Elaeocarpus largiflorens subsp. largiflorens,https://apps.lucidcentral.org/rainforest/text/entities/elaeocarpus_largiflorens_subsp._largiflorens.htm
Elaeocarpus largiflorens subsp. retinervis,https://apps.lucidcentral.org/rainforest/text/entities/elaeocarpus_largiflorens_subsp._retinervis.htm
Elaeocarpus linsmithii,https://apps.lucidcentral.org/rainforest/text/entities/elaeocarpus_linsmithii.htm
Elaeocarpus miegei,https://apps.lucidcentral.org/rainforest/text/entities/elaeocarpus_miegei.htm
Elaeocarpus obovatus,https://apps.lucidcentral.org/rainforest/text/entities/elaeocarpus_obovatus.htm
Elaeocarpus ruminatus,https://apps.lucidcentral.org/rainforest/text/entities/elaeocarpus_ruminatus.htm
Elaeocarpus sericopetalus,https://apps.lucidcentral.org/rainforest/text/entities/elaeocarpus_sericopetalus.htm
Elaeocarpus sp. Mt Bellenden Ker (L.J.Brass 18336),https://apps.lucidcentral.org/rainforest/text/entities/elaeocarpus_sp__mt_bellenden_ker_l_j.brass_18336.htm
Elaeocarpus sp. Windsor Tableland (B.Hyland 5541),https://apps.lucidcentral.org/rainforest/text/entities/elaeocarpus_sp__windsor_tableland_b_hyland_5541.htm
Elaeocarpus stellaris,https://apps.lucidcentral.org/rainforest/text/entities/elaeocarpus_stellaris.htm
Elaeocarpus thelmae,https://apps.lucidcentral.org/rainforest/text/entities/elaeocarpus_thelmae.htm
Elaeodendron australe var. australe,https://apps.lucidcentral.org/rainforest/text/entities/elaeodendron_australe_var._australe.htm
Elaeodendron australe var. integrifolium,https://apps.lucidcentral.org/rainforest/text/entities/elaeodendron_australe_var._integrifolium.htm
Elaeodendron melanocarpum,https://apps.lucidcentral.org/rainforest/text/entities/elaeodendron_melanocarpum.htm
Elatostema reticulatum,https://apps.lucidcentral.org/rainforest/text/entities/elatostema_reticulatum.htm
Elattostachys megalantha,https://apps.lucidcentral.org/rainforest/text/entities/elattostachys_megalantha.htm
Elattostachys microcarpa,https://apps.lucidcentral.org/rainforest/text/entities/elattostachys_microcarpa.htm
Elattostachys xylocarpa,https://apps.lucidcentral.org/rainforest/text/entities/elattostachys_xylocarpa.htm
Eleocharis ochrostachys,https://apps.lucidcentral.org/rainforest/text/entities/eleocharis_ochrostachys.htm
Elephantopus scaber,https://apps.lucidcentral.org/rainforest/text/entities/elephantopus_scaber.htm
Eleutheranthera ruderalis,https://apps.lucidcentral.org/rainforest/text/entities/eleutheranthera_ruderalis.htm
Embelia australiana,https://apps.lucidcentral.org/rainforest/text/entities/embelia_australiana.htm
Embelia caulialata,https://apps.lucidcentral.org/rainforest/text/entities/embelia_caulialata.htm
Embelia curvinervia,https://apps.lucidcentral.org/rainforest/text/entities/embelia_curvinervia.htm
Embelia grayi,https://apps.lucidcentral.org/rainforest/text/entities/embelia_grayi.htm
Emilia sonchifolia var. sonchifolia,https://apps.lucidcentral.org/rainforest/text/entities/emilia_sonchifolia_var._sonchifolia.htm
Emmenosperma alphitonioides,https://apps.lucidcentral.org/rainforest/text/entities/emmenosperma_alphitonioides.htm
Emmenosperma cunninghamii,https://apps.lucidcentral.org/rainforest/text/entities/emmenosperma_cunninghamii.htm
Endiandra acuminata,https://apps.lucidcentral.org/rainforest/text/entities/endiandra_acuminata.htm
Endiandra anthropophagorum,https://apps.lucidcentral.org/rainforest/text/entities/endiandra_anthropophagorum.htm
Endiandra bellendenkerana,https://apps.lucidcentral.org/rainforest/text/entities/endiandra_bellendenkerana.htm
Endiandra bessaphila,https://apps.lucidcentral.org/rainforest/text/entities/endiandra_bessaphila.htm
Endiandra collinsii,https://apps.lucidcentral.org/rainforest/text/entities/endiandra_collinsii.htm
Endiandra compressa,https://apps.lucidcentral.org/rainforest/text/entities/endiandra_compressa.htm
Endiandra cooperana,https://apps.lucidcentral.org/rainforest/text/entities/endiandra_cooperana.htm
Endiandra cowleyana,https://apps.lucidcentral.org/rainforest/text/entities/endiandra_cowleyana.htm
Endiandra dichrophylla,https://apps.lucidcentral.org/rainforest/text/entities/endiandra_dichrophylla.htm
Endiandra dielsiana,https://apps.lucidcentral.org/rainforest/text/entities/endiandra_dielsiana.htm
Endiandra discolor,https://apps.lucidcentral.org/rainforest/text/entities/endiandra_discolor.htm
Endiandra glauca,https://apps.lucidcentral.org/rainforest/text/entities/endiandra_glauca.htm
Endiandra globosa,https://apps.lucidcentral.org/rainforest/text/entities/endiandra_globosa.htm
Endiandra grayi,https://apps.lucidcentral.org/rainforest/text/entities/endiandra_grayi.htm
Endiandra hypotephra,https://apps.lucidcentral.org/rainforest/text/entities/endiandra_hypotephra.htm
Endiandra impressicosta,https://apps.lucidcentral.org/rainforest/text/entities/endiandra_impressicosta.htm
Endiandra inopinata,https://apps.lucidcentral.org/rainforest/text/entities/endiandra_inopinata.htm
Endiandra insignis,https://apps.lucidcentral.org/rainforest/text/entities/endiandra_insignis.htm
Endiandra jonesii,https://apps.lucidcentral.org/rainforest/text/entities/endiandra_jonesii.htm
Endiandra leptodendron,https://apps.lucidcentral.org/rainforest/text/entities/endiandra_leptodendron.htm
Endiandra limnophila,https://apps.lucidcentral.org/rainforest/text/entities/endiandra_limnophila.htm
Endiandra longipedicellata,https://apps.lucidcentral.org/rainforest/text/entities/endiandra_longipedicellata.htm
Endiandra microneura,https://apps.lucidcentral.org/rainforest/text/entities/endiandra_microneura.htm
Endiandra monothyra subsp. monothyra,https://apps.lucidcentral.org/rainforest/text/entities/endiandra_monothyra_subsp._monothyra.htm
Endiandra monothyra subsp. trichophylla,https://apps.lucidcentral.org/rainforest/text/entities/endiandra_monothyra_subsp._trichophylla.htm
Endiandra montana,https://apps.lucidcentral.org/rainforest/text/entities/endiandra_montana.htm
Endiandra muelleri subsp. bracteata,https://apps.lucidcentral.org/rainforest/text/entities/endiandra_muelleri_subsp._bracteata.htm
Endiandra palmerstonii,https://apps.lucidcentral.org/rainforest/text/entities/endiandra_palmerstonii.htm
Endiandra phaeocarpa,https://apps.lucidcentral.org/rainforest/text/entities/endiandra_phaeocarpa.htm
Endiandra sankeyana,https://apps.lucidcentral.org/rainforest/text/entities/endiandra_sankeyana.htm
Endiandra sideroxylon,https://apps.lucidcentral.org/rainforest/text/entities/endiandra_sideroxylon.htm
Endiandra wolfei,https://apps.lucidcentral.org/rainforest/text/entities/endiandra_wolfei.htm
Endiandra xanthocarpa,https://apps.lucidcentral.org/rainforest/text/entities/endiandra_xanthocarpa.htm
Endospermum myrmecophilum,https://apps.lucidcentral.org/rainforest/text/entities/endospermum_myrmecophilum.htm
Entada phaseoloides,https://apps.lucidcentral.org/rainforest/text/entities/entada_phaseoloides.htm
Entada rheedei,https://apps.lucidcentral.org/rainforest/text/entities/entada_rheedei.htm
Epipogium roseum,https://apps.lucidcentral.org/rainforest/text/entities/epipogium_roseum.htm
Epipremnum amplissimum,https://apps.lucidcentral.org/rainforest/text/entities/epipremnum_amplissimum.htm
Epipremnum pinnatum,https://apps.lucidcentral.org/rainforest/text/entities/epipremnum_pinnatum.htm
Epipremnum pinnatum cv. Aureum,https://apps.lucidcentral.org/rainforest/text/entities/epipremnum_pinnatum_cv__aureum.htm
Eragrostis cumingii,https://apps.lucidcentral.org/rainforest/text/entities/eragrostis_cumingii.htm
Eranthemum pulchellum,https://apps.lucidcentral.org/rainforest/text/entities/eranthemum_pulchellum.htm
Erechtites valerianifolius f. valerianifolius,https://apps.lucidcentral.org/rainforest/text/entities/erechtites_valerianifolius_f__valerianifolius.htm
Eriachne pallescens,https://apps.lucidcentral.org/rainforest/text/entities/eriachne_pallescens.htm
Ericaceae,https://apps.lucidcentral.org/rainforest/text/entities/ericaceae.htm
Erigeron canadensis,https://apps.lucidcentral.org/rainforest/text/entities/erigeron_canadensis.htm
Erigeron sumatrensis,https://apps.lucidcentral.org/rainforest/text/entities/erigeron_sumatrensis.htm
Eriostemon banksii,https://apps.lucidcentral.org/rainforest/text/entities/eriostemon_banksii.htm
Erycibe coccinea,https://apps.lucidcentral.org/rainforest/text/entities/erycibe_coccinea.htm
Erythrina insularis,https://apps.lucidcentral.org/rainforest/text/entities/erythrina_insularis.htm
Erythrina variegata,https://apps.lucidcentral.org/rainforest/text/entities/erythrina_variegata.htm
Erythrina vespertilio,https://apps.lucidcentral.org/rainforest/text/entities/erythrina_vespertilio.htm
Erythrophleum chlorostachys,https://apps.lucidcentral.org/rainforest/text/entities/erythrophleum_chlorostachys.htm
Erythroxylaceae,https://apps.lucidcentral.org/rainforest/text/entities/erythroxylaceae.htm
Erythroxylum australe,https://apps.lucidcentral.org/rainforest/text/entities/erythroxylum_australe.htm
Erythroxylum sp. Brewer LA (B.Hyland 13373),https://apps.lucidcentral.org/rainforest/text/entities/erythroxylum_sp__brewer_la_b_hyland_13373.htm
Erythroxylum sp. Mosquito Point (J.R.Clarkson 9991),https://apps.lucidcentral.org/rainforest/text/entities/erythroxylum_sp__mosquito_point_j_r.clarkson_9991.htm
Escalloniaceae,https://apps.lucidcentral.org/rainforest/text/entities/escalloniaceae.htm
Eschenbachia leucantha,https://apps.lucidcentral.org/rainforest/text/entities/eschenbachia_leucantha.htm
Etlingera australasica,https://apps.lucidcentral.org/rainforest/text/entities/etlingera_australasica.htm
Eucalyptus crebra,https://apps.lucidcentral.org/rainforest/text/entities/eucalyptus_crebra.htm
Eucalyptus grandis,https://apps.lucidcentral.org/rainforest/text/entities/eucalyptus_grandis.htm
Eucalyptus houseana,https://apps.lucidcentral.org/rainforest/text/entities/eucalyptus_houseana.htm
Eucalyptus pellita,https://apps.lucidcentral.org/rainforest/text/entities/eucalyptus_pellita.htm
Eucalyptus resinifera subsp. resinifera,https://apps.lucidcentral.org/rainforest/text/entities/eucalyptus_resinifera_subsp._resinifera.htm
Eucalyptus tereticornis subsp. tereticornis,https://apps.lucidcentral.org/rainforest/text/entities/eucalyptus_tereticornis_subsp._tereticornis.htm
Eucryphia wilkiei,https://apps.lucidcentral.org/rainforest/text/entities/eucryphia_wilkiei.htm
Eugenia reinwardtiana,https://apps.lucidcentral.org/rainforest/text/entities/eugenia_reinwardtiana.htm
Eulophia zollingeri,https://apps.lucidcentral.org/rainforest/text/entities/eulophia_zollingeri.htm
Eumachia frutescens,https://apps.lucidcentral.org/rainforest/text/entities/eumachia_frutescens.htm
Euodia hylandii,https://apps.lucidcentral.org/rainforest/text/entities/euodia_hylandii.htm
Euodia pubifolia,https://apps.lucidcentral.org/rainforest/text/entities/euodia_pubifolia.htm
Euonymus australiana,https://apps.lucidcentral.org/rainforest/text/entities/euonymus_australiana.htm
Euphorbia cyathophora,https://apps.lucidcentral.org/rainforest/text/entities/euphorbia_cyathophora.htm
Euphorbia hirta,https://apps.lucidcentral.org/rainforest/text/entities/euphorbia_hirta.htm
Euphorbia hyssopifolia,https://apps.lucidcentral.org/rainforest/text/entities/euphorbia_hyssopifolia.htm
Euphorbia plumerioides,https://apps.lucidcentral.org/rainforest/text/entities/euphorbia_plumerioides.htm
Euphorbia tannensis subsp. eremophila,https://apps.lucidcentral.org/rainforest/text/entities/euphorbia_tannensis_subsp._eremophila.htm
Euphorbiaceae,https://apps.lucidcentral.org/rainforest/text/entities/euphorbiaceae.htm
Eupomatia barbata,https://apps.lucidcentral.org/rainforest/text/entities/eupomatia_barbata.htm
Eupomatia laurina,https://apps.lucidcentral.org/rainforest/text/entities/eupomatia_laurina.htm
Eupomatiaceae,https://apps.lucidcentral.org/rainforest/text/entities/eupomatiaceae.htm
Euroschinus falcatus var. falcatus,https://apps.lucidcentral.org/rainforest/text/entities/euroschinus_falcatus_var._falcatus.htm
Eustrephus latifolius,https://apps.lucidcentral.org/rainforest/text/entities/eustrephus_latifolius.htm
Everistia vacciniifolia var. vacciniifolia,https://apps.lucidcentral.org/rainforest/text/entities/everistia_vacciniifolia_var._vacciniifolia.htm
Excoecaria agallocha,https://apps.lucidcentral.org/rainforest/text/entities/excoecaria_agallocha.htm
Excoecaria dallachyana,https://apps.lucidcentral.org/rainforest/text/entities/excoecaria_dallachyana.htm
Exocarpos latifolius,https://apps.lucidcentral.org/rainforest/text/entities/exocarpos_latifolius.htm
Exocarya scleroides,https://apps.lucidcentral.org/rainforest/text/entities/exocarya_scleroides.htm
NA,https://apps.lucidcentral.org/rainforest/text/entities/NA.htm
NA,https://apps.lucidcentral.org/rainforest/text/entities/NA.htm
NA,https://apps.lucidcentral.org/rainforest/text/entities/NA.htm
F,https://apps.lucidcentral.org/rainforest/text/entities/f.htm
Fabaceae,https://apps.lucidcentral.org/rainforest/text/entities/fabaceae.htm
Fagraea berteroana,https://apps.lucidcentral.org/rainforest/text/entities/fagraea_berteroana.htm
Fagraea cambagei,https://apps.lucidcentral.org/rainforest/text/entities/fagraea_cambagei.htm
Fagraea fagraeacea,https://apps.lucidcentral.org/rainforest/text/entities/fagraea_fagraeacea.htm
Fagraea racemosa,https://apps.lucidcentral.org/rainforest/text/entities/fagraea_racemosa.htm
Falcataria toona,https://apps.lucidcentral.org/rainforest/text/entities/falcataria_toona.htm
Fatoua villosa,https://apps.lucidcentral.org/rainforest/text/entities/fatoua_villosa.htm
Ficus aculeata,https://apps.lucidcentral.org/rainforest/text/entities/ficus_aculeata.htm
Ficus adenosperma,https://apps.lucidcentral.org/rainforest/text/entities/ficus_adenosperma.htm
Ficus albipila,https://apps.lucidcentral.org/rainforest/text/entities/ficus_albipila.htm
Ficus atricha,https://apps.lucidcentral.org/rainforest/text/entities/ficus_atricha.htm
Ficus benjamina,https://apps.lucidcentral.org/rainforest/text/entities/ficus_benjamina.htm
Ficus brachypoda,https://apps.lucidcentral.org/rainforest/text/entities/ficus_brachypoda.htm
Ficus congesta var. congesta,https://apps.lucidcentral.org/rainforest/text/entities/ficus_congesta_var._congesta.htm
Ficus copiosa,https://apps.lucidcentral.org/rainforest/text/entities/ficus_copiosa.htm
Ficus coronata,https://apps.lucidcentral.org/rainforest/text/entities/ficus_coronata.htm
Ficus coronulata,https://apps.lucidcentral.org/rainforest/text/entities/ficus_coronulata.htm
Ficus crassipes,https://apps.lucidcentral.org/rainforest/text/entities/ficus_crassipes.htm
Ficus destruens,https://apps.lucidcentral.org/rainforest/text/entities/ficus_destruens.htm
Ficus drupacea,https://apps.lucidcentral.org/rainforest/text/entities/ficus_drupacea.htm
Ficus fraseri,https://apps.lucidcentral.org/rainforest/text/entities/ficus_fraseri.htm
Ficus henneana,https://apps.lucidcentral.org/rainforest/text/entities/ficus_henneana.htm
Ficus hispida,https://apps.lucidcentral.org/rainforest/text/entities/ficus_hispida.htm
Ficus leptoclada,https://apps.lucidcentral.org/rainforest/text/entities/ficus_leptoclada.htm
Ficus melinocarpa,https://apps.lucidcentral.org/rainforest/text/entities/ficus_melinocarpa.htm
Ficus microcarpa,https://apps.lucidcentral.org/rainforest/text/entities/ficus_microcarpa.htm
Ficus mollior,https://apps.lucidcentral.org/rainforest/text/entities/ficus_mollior.htm
Ficus nodosa,https://apps.lucidcentral.org/rainforest/text/entities/ficus_nodosa.htm
Ficus obliqua,https://apps.lucidcentral.org/rainforest/text/entities/ficus_obliqua.htm
Ficus opposita,https://apps.lucidcentral.org/rainforest/text/entities/ficus_opposita.htm
Ficus pantoniana,https://apps.lucidcentral.org/rainforest/text/entities/ficus_pantoniana.htm
Ficus platypoda,https://apps.lucidcentral.org/rainforest/text/entities/ficus_platypoda.htm
Ficus pleurocarpa,https://apps.lucidcentral.org/rainforest/text/entities/ficus_pleurocarpa.htm
Ficus podocarpifolia,https://apps.lucidcentral.org/rainforest/text/entities/ficus_podocarpifolia.htm
Ficus racemosa,https://apps.lucidcentral.org/rainforest/text/entities/ficus_racemosa.htm
Ficus rubiginosa f. glabrescens,https://apps.lucidcentral.org/rainforest/text/entities/ficus_rubiginosa_f__glabrescens.htm
Ficus rubiginosa f. rubiginosa,https://apps.lucidcentral.org/rainforest/text/entities/ficus_rubiginosa_f__rubiginosa.htm
Ficus scobina,https://apps.lucidcentral.org/rainforest/text/entities/ficus_scobina.htm
Ficus septica,https://apps.lucidcentral.org/rainforest/text/entities/ficus_septica.htm
Ficus subnervosa,https://apps.lucidcentral.org/rainforest/text/entities/ficus_subnervosa.htm
Ficus subpuberula,https://apps.lucidcentral.org/rainforest/text/entities/ficus_subpuberula.htm
Ficus tinctoria subsp. tinctoria,https://apps.lucidcentral.org/rainforest/text/entities/ficus_tinctoria_subsp._tinctoria.htm
Ficus triradiata,https://apps.lucidcentral.org/rainforest/text/entities/ficus_triradiata.htm
Ficus variegata,https://apps.lucidcentral.org/rainforest/text/entities/ficus_variegata.htm
Ficus virens var. virens,https://apps.lucidcentral.org/rainforest/text/entities/ficus_virens_var._virens.htm
Ficus virgata,https://apps.lucidcentral.org/rainforest/text/entities/ficus_virgata.htm
Ficus watkinsiana,https://apps.lucidcentral.org/rainforest/text/entities/ficus_watkinsiana.htm
Fimbristylis depauperata,https://apps.lucidcentral.org/rainforest/text/entities/fimbristylis_depauperata.htm
Fimbristylis dichotoma,https://apps.lucidcentral.org/rainforest/text/entities/fimbristylis_dichotoma.htm
Fimbristylis microcarya,https://apps.lucidcentral.org/rainforest/text/entities/fimbristylis_microcarya.htm
Fimbristylis pauciflora,https://apps.lucidcentral.org/rainforest/text/entities/fimbristylis_pauciflora.htm
Firmiana papuana,https://apps.lucidcentral.org/rainforest/text/entities/firmiana_papuana.htm
Flacourtia jangomas,https://apps.lucidcentral.org/rainforest/text/entities/flacourtia_jangomas.htm
Flacourtia sp. Shiptons Flat (L.W.Jessup GJ.D3200),https://apps.lucidcentral.org/rainforest/text/entities/flacourtia_sp__shiptons_flat_l_w.jessup_gj.d3200.htm
Flacourtia territorialis,https://apps.lucidcentral.org/rainforest/text/entities/flacourtia_territorialis.htm
Flagellaria indica,https://apps.lucidcentral.org/rainforest/text/entities/flagellaria_indica.htm
Flagellariaceae,https://apps.lucidcentral.org/rainforest/text/entities/flagellariaceae.htm
Flindersia acuminata,https://apps.lucidcentral.org/rainforest/text/entities/flindersia_acuminata.htm
Flindersia australis,https://apps.lucidcentral.org/rainforest/text/entities/flindersia_australis.htm
Flindersia bourjotiana,https://apps.lucidcentral.org/rainforest/text/entities/flindersia_bourjotiana.htm
Flindersia brassii,https://apps.lucidcentral.org/rainforest/text/entities/flindersia_brassii.htm
Flindersia brayleyana,https://apps.lucidcentral.org/rainforest/text/entities/flindersia_brayleyana.htm
Flindersia collina,https://apps.lucidcentral.org/rainforest/text/entities/flindersia_collina.htm
Flindersia ifflana,https://apps.lucidcentral.org/rainforest/text/entities/flindersia_ifflana.htm
Flindersia laevicarpa var. laevicarpa,https://apps.lucidcentral.org/rainforest/text/entities/flindersia_laevicarpa_var._laevicarpa.htm
Flindersia oppositifolia,https://apps.lucidcentral.org/rainforest/text/entities/flindersia_oppositifolia.htm
Flindersia pimenteliana,https://apps.lucidcentral.org/rainforest/text/entities/flindersia_pimenteliana.htm
Flindersia schottiana,https://apps.lucidcentral.org/rainforest/text/entities/flindersia_schottiana.htm
Floscopa scandens,https://apps.lucidcentral.org/rainforest/text/entities/floscopa_scandens.htm
Flueggea leucopyrus,https://apps.lucidcentral.org/rainforest/text/entities/flueggea_leucopyrus.htm
Flueggea virosa subsp. melanthesoides,https://apps.lucidcentral.org/rainforest/text/entities/flueggea_virosa_subsp._melanthesoides.htm
Fontainea picrosperma,https://apps.lucidcentral.org/rainforest/text/entities/fontainea_picrosperma.htm
Franciscodendron laurifolium,https://apps.lucidcentral.org/rainforest/text/entities/franciscodendron_laurifolium.htm
Freycinetia excelsa,https://apps.lucidcentral.org/rainforest/text/entities/freycinetia_excelsa.htm
Freycinetia marginata,https://apps.lucidcentral.org/rainforest/text/entities/freycinetia_marginata.htm
Freycinetia percostata,https://apps.lucidcentral.org/rainforest/text/entities/freycinetia_percostata.htm
Freycinetia scandens,https://apps.lucidcentral.org/rainforest/text/entities/freycinetia_scandens.htm
Freycinetia sp. Claudie River (RT 286),https://apps.lucidcentral.org/rainforest/text/entities/freycinetia_sp__claudie_river_rt_286.htm
Fuirena ciliaris,https://apps.lucidcentral.org/rainforest/text/entities/fuirena_ciliaris.htm
Fuirena umbellata,https://apps.lucidcentral.org/rainforest/text/entities/fuirena_umbellata.htm
NA,https://apps.lucidcentral.org/rainforest/text/entities/NA.htm
NA,https://apps.lucidcentral.org/rainforest/text/entities/NA.htm
NA,https://apps.lucidcentral.org/rainforest/text/entities/NA.htm
G,https://apps.lucidcentral.org/rainforest/text/entities/g.htm
Gahnia aspera,https://apps.lucidcentral.org/rainforest/text/entities/gahnia_aspera.htm
Gahnia sieberiana,https://apps.lucidcentral.org/rainforest/text/entities/gahnia_sieberiana.htm
Galactia sp. Laura (J.C.Tothill JT53A),https://apps.lucidcentral.org/rainforest/text/entities/galactia_sp__laura_j_c.tothill_jt53a.htm
Galactia tenuiflora,https://apps.lucidcentral.org/rainforest/text/entities/galactia_tenuiflora.htm
Galbulimima baccata,https://apps.lucidcentral.org/rainforest/text/entities/galbulimima_baccata.htm
Ganophyllum falcatum,https://apps.lucidcentral.org/rainforest/text/entities/ganophyllum_falcatum.htm
Garcinia brassii,https://apps.lucidcentral.org/rainforest/text/entities/garcinia_brassii.htm
Garcinia dulcis,https://apps.lucidcentral.org/rainforest/text/entities/garcinia_dulcis.htm
Garcinia gibbsiae,https://apps.lucidcentral.org/rainforest/text/entities/garcinia_gibbsiae.htm
Garcinia jensenii,https://apps.lucidcentral.org/rainforest/text/entities/garcinia_jensenii.htm
Garcinia leggeae,https://apps.lucidcentral.org/rainforest/text/entities/garcinia_leggeae.htm
Garcinia mestonii,https://apps.lucidcentral.org/rainforest/text/entities/garcinia_mestonii.htm
Garcinia russellii,https://apps.lucidcentral.org/rainforest/text/entities/garcinia_russellii.htm
Garcinia warrenii,https://apps.lucidcentral.org/rainforest/text/entities/garcinia_warrenii.htm
Garcinia xanthochymus,https://apps.lucidcentral.org/rainforest/text/entities/garcinia_xanthochymus.htm
Garcinia zichii,https://apps.lucidcentral.org/rainforest/text/entities/garcinia_zichii.htm
Gardenia actinocarpa,https://apps.lucidcentral.org/rainforest/text/entities/gardenia_actinocarpa.htm
Gardenia ovularis,https://apps.lucidcentral.org/rainforest/text/entities/gardenia_ovularis.htm
Gardenia psidioides,https://apps.lucidcentral.org/rainforest/text/entities/gardenia_psidioides.htm
Gardenia scabrella,https://apps.lucidcentral.org/rainforest/text/entities/gardenia_scabrella.htm
Gardenia vilhelmii,https://apps.lucidcentral.org/rainforest/text/entities/gardenia_vilhelmii.htm
Garnotia stricta var. longiseta,https://apps.lucidcentral.org/rainforest/text/entities/garnotia_stricta_var._longiseta.htm
Garuga floribunda var. floribunda,https://apps.lucidcentral.org/rainforest/text/entities/garuga_floribunda_var._floribunda.htm
Geijera parviflora,https://apps.lucidcentral.org/rainforest/text/entities/geijera_parviflora.htm
Geijera salicifolia,https://apps.lucidcentral.org/rainforest/text/entities/geijera_salicifolia.htm
Geitonoplesium cymosum,https://apps.lucidcentral.org/rainforest/text/entities/geitonoplesium_cymosum.htm
Gen. (AQ520454) sp. Shute Harbour (D.A.Halford Q811),https://apps.lucidcentral.org/rainforest/text/entities/gen__aq520454_sp__shute_harbour_(d.a.halford_q811).htm
Geniostoma rupestre var. australianum,https://apps.lucidcentral.org/rainforest/text/entities/geniostoma_rupestre_var._australianum.htm
Gentianaceae,https://apps.lucidcentral.org/rainforest/text/entities/gentianaceae.htm
Geophila repens,https://apps.lucidcentral.org/rainforest/text/entities/geophila_repens.htm
Geosiris australiensis,https://apps.lucidcentral.org/rainforest/text/entities/geosiris_australiensis.htm
Gesneriaceae,https://apps.lucidcentral.org/rainforest/text/entities/gesneriaceae.htm
Gillbeea adenopetala,https://apps.lucidcentral.org/rainforest/text/entities/gillbeea_adenopetala.htm
Gillbeea whypallana,https://apps.lucidcentral.org/rainforest/text/entities/gillbeea_whypallana.htm
Glochidion apodogynum,https://apps.lucidcentral.org/rainforest/text/entities/glochidion_apodogynum.htm
Glochidion benthamianum,https://apps.lucidcentral.org/rainforest/text/entities/glochidion_benthamianum.htm
Glochidion disparipes,https://apps.lucidcentral.org/rainforest/text/entities/glochidion_disparipes.htm
Glochidion ferdinandi,https://apps.lucidcentral.org/rainforest/text/entities/glochidion_ferdinandi.htm
Glochidion harveyanum var. harveyanum,https://apps.lucidcentral.org/rainforest/text/entities/glochidion_harveyanum_var._harveyanum.htm
Glochidion harveyanum var. pubescens,https://apps.lucidcentral.org/rainforest/text/entities/glochidion_harveyanum_var._pubescens.htm
Glochidion hylandii,https://apps.lucidcentral.org/rainforest/text/entities/glochidion_hylandii.htm
Glochidion lobocarpum,https://apps.lucidcentral.org/rainforest/text/entities/glochidion_lobocarpum.htm
Glochidion philippicum,https://apps.lucidcentral.org/rainforest/text/entities/glochidion_philippicum.htm
Glochidion pungens,https://apps.lucidcentral.org/rainforest/text/entities/glochidion_pungens.htm
Glochidion sessiliflorum var. pedicellatum,https://apps.lucidcentral.org/rainforest/text/entities/glochidion_sessiliflorum_var._pedicellatum.htm
Glochidion sessiliflorum var. sessiliflorum,https://apps.lucidcentral.org/rainforest/text/entities/glochidion_sessiliflorum_var._sessiliflorum.htm
Glochidion sessiliflorum var. stylosum,https://apps.lucidcentral.org/rainforest/text/entities/glochidion_sessiliflorum_var._stylosum.htm
Glochidion sumatranum,https://apps.lucidcentral.org/rainforest/text/entities/glochidion_sumatranum.htm
Glochidion xerocarpum,https://apps.lucidcentral.org/rainforest/text/entities/glochidion_xerocarpum.htm
Glossocarya calcicola,https://apps.lucidcentral.org/rainforest/text/entities/glossocarya_calcicola.htm
Glossocarya hemiderma,https://apps.lucidcentral.org/rainforest/text/entities/glossocarya_hemiderma.htm
Glycine cyrtoloba,https://apps.lucidcentral.org/rainforest/text/entities/glycine_cyrtoloba.htm
Glycosmis trifoliata,https://apps.lucidcentral.org/rainforest/text/entities/glycosmis_trifoliata.htm
Gmelina australis,https://apps.lucidcentral.org/rainforest/text/entities/gmelina_australis.htm
Gmelina dalrympleana,https://apps.lucidcentral.org/rainforest/text/entities/gmelina_dalrympleana.htm
Gmelina fasciculiflora,https://apps.lucidcentral.org/rainforest/text/entities/gmelina_fasciculiflora.htm
Gmelina leichhardtii,https://apps.lucidcentral.org/rainforest/text/entities/gmelina_leichhardtii.htm
Gomphandra australiana,https://apps.lucidcentral.org/rainforest/text/entities/gomphandra_australiana.htm
Gomphocarpus physocarpus,https://apps.lucidcentral.org/rainforest/text/entities/gomphocarpus_physocarpus.htm
Goniothalamus australis,https://apps.lucidcentral.org/rainforest/text/entities/goniothalamus_australis.htm
Gonocarpus acanthocarpus,https://apps.lucidcentral.org/rainforest/text/entities/gonocarpus_acanthocarpus.htm
Goodeniaceae,https://apps.lucidcentral.org/rainforest/text/entities/goodeniaceae.htm
Gossia bamagensis,https://apps.lucidcentral.org/rainforest/text/entities/gossia_bamagensis.htm
Gossia bidwillii,https://apps.lucidcentral.org/rainforest/text/entities/gossia_bidwillii.htm
Gossia dallachiana,https://apps.lucidcentral.org/rainforest/text/entities/gossia_dallachiana.htm
Gossia floribunda,https://apps.lucidcentral.org/rainforest/text/entities/gossia_floribunda.htm
Gossia grayi,https://apps.lucidcentral.org/rainforest/text/entities/gossia_grayi.htm
Gossia hillii,https://apps.lucidcentral.org/rainforest/text/entities/gossia_hillii.htm
Gossia lewisensis,https://apps.lucidcentral.org/rainforest/text/entities/gossia_lewisensis.htm
Gossia lucida,https://apps.lucidcentral.org/rainforest/text/entities/gossia_lucida.htm
Gossia macilwraithensis,https://apps.lucidcentral.org/rainforest/text/entities/gossia_macilwraithensis.htm
Gossia myrsinocarpa,https://apps.lucidcentral.org/rainforest/text/entities/gossia_myrsinocarpa.htm
Gossia pubiflora,https://apps.lucidcentral.org/rainforest/text/entities/gossia_pubiflora.htm
Gossia retusa,https://apps.lucidcentral.org/rainforest/text/entities/gossia_retusa.htm
Gossia sankowskyorum,https://apps.lucidcentral.org/rainforest/text/entities/gossia_sankowskyorum.htm
Gossia shepherdii,https://apps.lucidcentral.org/rainforest/text/entities/gossia_shepherdii.htm
Gossia sp. Green Bark (B.Hyland 25370RFK),https://apps.lucidcentral.org/rainforest/text/entities/gossia_sp__green_bark_b_hyland_25370rfk.htm
Gouania australiana,https://apps.lucidcentral.org/rainforest/text/entities/gouania_australiana.htm
Gouania exilis,https://apps.lucidcentral.org/rainforest/text/entities/gouania_exilis.htm
Graptophyllum excelsum,https://apps.lucidcentral.org/rainforest/text/entities/graptophyllum_excelsum.htm
Graptophyllum ilicifolium,https://apps.lucidcentral.org/rainforest/text/entities/graptophyllum_ilicifolium.htm
Graptophyllum spinigerum,https://apps.lucidcentral.org/rainforest/text/entities/graptophyllum_spinigerum.htm
Grevillea agrifolia,https://apps.lucidcentral.org/rainforest/text/entities/grevillea_agrifolia.htm
Grevillea baileyana,https://apps.lucidcentral.org/rainforest/text/entities/grevillea_baileyana.htm
Grevillea heliosperma,https://apps.lucidcentral.org/rainforest/text/entities/grevillea_heliosperma.htm
Grevillea helmsiae,https://apps.lucidcentral.org/rainforest/text/entities/grevillea_helmsiae.htm
Grevillea hilliana,https://apps.lucidcentral.org/rainforest/text/entities/grevillea_hilliana.htm
Grevillea pteridifolia,https://apps.lucidcentral.org/rainforest/text/entities/grevillea_pteridifolia.htm
Grevillea robusta,https://apps.lucidcentral.org/rainforest/text/entities/grevillea_robusta.htm
Grewia australis,https://apps.lucidcentral.org/rainforest/text/entities/grewia_australis.htm
Grewia breviflora,https://apps.lucidcentral.org/rainforest/text/entities/grewia_breviflora.htm
Grewia glabra,https://apps.lucidcentral.org/rainforest/text/entities/grewia_glabra.htm
Grewia mesomischa,https://apps.lucidcentral.org/rainforest/text/entities/grewia_mesomischa.htm
Grewia oxyphylla,https://apps.lucidcentral.org/rainforest/text/entities/grewia_oxyphylla.htm
Grewia papuana,https://apps.lucidcentral.org/rainforest/text/entities/grewia_papuana.htm
Grewia retusifolia,https://apps.lucidcentral.org/rainforest/text/entities/grewia_retusifolia.htm
Grewia scabrella,https://apps.lucidcentral.org/rainforest/text/entities/grewia_scabrella.htm
Guettarda speciosa,https://apps.lucidcentral.org/rainforest/text/entities/guettarda_speciosa.htm
Guilandina bonduc,https://apps.lucidcentral.org/rainforest/text/entities/guilandina_bonduc.htm
Guilfoylia monostylis,https://apps.lucidcentral.org/rainforest/text/entities/guilfoylia_monostylis.htm
Guioa acutifolia,https://apps.lucidcentral.org/rainforest/text/entities/guioa_acutifolia.htm
Guioa lasioneura,https://apps.lucidcentral.org/rainforest/text/entities/guioa_lasioneura.htm
Guioa montana,https://apps.lucidcentral.org/rainforest/text/entities/guioa_montana.htm
Guioa sarcopterifructa,https://apps.lucidcentral.org/rainforest/text/entities/guioa_sarcopterifructa.htm
Guioa semiglauca,https://apps.lucidcentral.org/rainforest/text/entities/guioa_semiglauca.htm
Gunnessia pepo,https://apps.lucidcentral.org/rainforest/text/entities/gunnessia_pepo.htm
Gymnanthera oblonga,https://apps.lucidcentral.org/rainforest/text/entities/gymnanthera_oblonga.htm
Gymnosporia inermis,https://apps.lucidcentral.org/rainforest/text/entities/gymnosporia_inermis.htm
Gymnostachys anceps,https://apps.lucidcentral.org/rainforest/text/entities/gymnostachys_anceps.htm
Gymnostoma australianum,https://apps.lucidcentral.org/rainforest/text/entities/gymnostoma_australianum.htm
Gynochthodes ammitia,https://apps.lucidcentral.org/rainforest/text/entities/gynochthodes_ammitia.htm
Gynochthodes australiensis,https://apps.lucidcentral.org/rainforest/text/entities/gynochthodes_australiensis.htm
Gynochthodes canthoides,https://apps.lucidcentral.org/rainforest/text/entities/gynochthodes_canthoides.htm
Gynochthodes constipata,https://apps.lucidcentral.org/rainforest/text/entities/gynochthodes_constipata.htm
Gynochthodes jasminoides,https://apps.lucidcentral.org/rainforest/text/entities/gynochthodes_jasminoides.htm
Gynochthodes oresbia,https://apps.lucidcentral.org/rainforest/text/entities/gynochthodes_oresbia.htm
Gynochthodes podistra,https://apps.lucidcentral.org/rainforest/text/entities/gynochthodes_podistra.htm
Gynochthodes retropila,https://apps.lucidcentral.org/rainforest/text/entities/gynochthodes_retropila.htm
Gynochthodes sessilis,https://apps.lucidcentral.org/rainforest/text/entities/gynochthodes_sessilis.htm
Gynochthodes sp. Iron Range (B.Hyland 11587),https://apps.lucidcentral.org/rainforest/text/entities/gynochthodes_sp__iron_range_b_hyland_11587.htm
Gynochthodes umbellata,https://apps.lucidcentral.org/rainforest/text/entities/gynochthodes_umbellata.htm
Gynura drymophila var. drymophila,https://apps.lucidcentral.org/rainforest/text/entities/gynura_drymophila_var._drymophila.htm
Gynura drymophila var. glabrifolia,https://apps.lucidcentral.org/rainforest/text/entities/gynura_drymophila_var._glabrifolia.htm
Gyrocarpus americanus,https://apps.lucidcentral.org/rainforest/text/entities/gyrocarpus_americanus.htm
Gyrostemonaceae,https://apps.lucidcentral.org/rainforest/text/entities/gyrostemonaceae.htm
NA,https://apps.lucidcentral.org/rainforest/text/entities/NA.htm
NA,https://apps.lucidcentral.org/rainforest/text/entities/NA.htm
NA,https://apps.lucidcentral.org/rainforest/text/entities/NA.htm
H,https://apps.lucidcentral.org/rainforest/text/entities/h.htm
Halfordia kendack,https://apps.lucidcentral.org/rainforest/text/entities/halfordia_kendack.htm
Haloragaceae,https://apps.lucidcentral.org/rainforest/text/entities/haloragaceae.htm
Hamamelidaceae,https://apps.lucidcentral.org/rainforest/text/entities/hamamelidaceae.htm
Hanguana malayana,https://apps.lucidcentral.org/rainforest/text/entities/hanguana_malayana.htm
Hanguanaceae,https://apps.lucidcentral.org/rainforest/text/entities/hanguanaceae.htm
Hanslia ormocarpoides,https://apps.lucidcentral.org/rainforest/text/entities/hanslia_ormocarpoides.htm
Hardenbergia violacea,https://apps.lucidcentral.org/rainforest/text/entities/hardenbergia_violacea.htm
Harnieria hygrophiloides,https://apps.lucidcentral.org/rainforest/text/entities/harnieria_hygrophiloides.htm
Harpullia arborea,https://apps.lucidcentral.org/rainforest/text/entities/harpullia_arborea.htm
Harpullia frutescens,https://apps.lucidcentral.org/rainforest/text/entities/harpullia_frutescens.htm
Harpullia hillii,https://apps.lucidcentral.org/rainforest/text/entities/harpullia_hillii.htm
Harpullia pendula,https://apps.lucidcentral.org/rainforest/text/entities/harpullia_pendula.htm
Harpullia ramiflora,https://apps.lucidcentral.org/rainforest/text/entities/harpullia_ramiflora.htm
Harpullia rhyticarpa,https://apps.lucidcentral.org/rainforest/text/entities/harpullia_rhyticarpa.htm
Harrisonia brownii,https://apps.lucidcentral.org/rainforest/text/entities/harrisonia_brownii.htm
Harungana madagascariensis,https://apps.lucidcentral.org/rainforest/text/entities/harungana_madagascariensis.htm
Hedraianthera porphyropetala,https://apps.lucidcentral.org/rainforest/text/entities/hedraianthera_porphyropetala.htm
Hedycarya loxocarya,https://apps.lucidcentral.org/rainforest/text/entities/hedycarya_loxocarya.htm
Hedychium coronarium,https://apps.lucidcentral.org/rainforest/text/entities/hedychium_coronarium.htm
Hedyotis auricularia var. melanesica,https://apps.lucidcentral.org/rainforest/text/entities/hedyotis_auricularia_var._melanesica.htm
Hedyotis novoguineensis,https://apps.lucidcentral.org/rainforest/text/entities/hedyotis_novoguineensis.htm
Hedyotis radicans,https://apps.lucidcentral.org/rainforest/text/entities/hedyotis_radicans.htm
Helicia australasica,https://apps.lucidcentral.org/rainforest/text/entities/helicia_australasica.htm
Helicia blakei,https://apps.lucidcentral.org/rainforest/text/entities/helicia_blakei.htm
Helicia grayi,https://apps.lucidcentral.org/rainforest/text/entities/helicia_grayi.htm
Helicia lamingtoniana,https://apps.lucidcentral.org/rainforest/text/entities/helicia_lamingtoniana.htm
Helicia lewisensis,https://apps.lucidcentral.org/rainforest/text/entities/helicia_lewisensis.htm
Helicia nortoniana,https://apps.lucidcentral.org/rainforest/text/entities/helicia_nortoniana.htm
Helicia recurva,https://apps.lucidcentral.org/rainforest/text/entities/helicia_recurva.htm
Helicteres hirsuta,https://apps.lucidcentral.org/rainforest/text/entities/helicteres_hirsuta.htm
Helicteres isora,https://apps.lucidcentral.org/rainforest/text/entities/helicteres_isora.htm
Helicteres semiglabra,https://apps.lucidcentral.org/rainforest/text/entities/helicteres_semiglabra.htm
Heliotropium foertherianum,https://apps.lucidcentral.org/rainforest/text/entities/heliotropium_foertherianum.htm
Heliotropium muelleri,https://apps.lucidcentral.org/rainforest/text/entities/heliotropium_muelleri.htm
Heliotropium sarmentosum,https://apps.lucidcentral.org/rainforest/text/entities/heliotropium_sarmentosum.htm
Heliotropium tenuifolium,https://apps.lucidcentral.org/rainforest/text/entities/heliotropium_tenuifolium.htm
Helmholtzia acorifolia,https://apps.lucidcentral.org/rainforest/text/entities/helmholtzia_acorifolia.htm
Hemerocallidaceae,https://apps.lucidcentral.org/rainforest/text/entities/hemerocallidaceae.htm
Hemigraphis alternata,https://apps.lucidcentral.org/rainforest/text/entities/hemigraphis_alternata.htm
Hemigraphis ciliata,https://apps.lucidcentral.org/rainforest/text/entities/hemigraphis_ciliata.htm
Hemmantia webbii,https://apps.lucidcentral.org/rainforest/text/entities/hemmantia_webbii.htm
Herissantia crispa,https://apps.lucidcentral.org/rainforest/text/entities/herissantia_crispa.htm
Heritiera littoralis,https://apps.lucidcentral.org/rainforest/text/entities/heritiera_littoralis.htm
Hernandia albiflora,https://apps.lucidcentral.org/rainforest/text/entities/hernandia_albiflora.htm
Hernandia bivalvis,https://apps.lucidcentral.org/rainforest/text/entities/hernandia_bivalvis.htm
Hernandia nymphaeifolia,https://apps.lucidcentral.org/rainforest/text/entities/hernandia_nymphaeifolia.htm
Hernandiaceae,https://apps.lucidcentral.org/rainforest/text/entities/hernandiaceae.htm
Heteropogon contortus,https://apps.lucidcentral.org/rainforest/text/entities/heteropogon_contortus.htm
Heterostemma acuminatum,https://apps.lucidcentral.org/rainforest/text/entities/heterostemma_acuminatum.htm
Hexaspora pubescens,https://apps.lucidcentral.org/rainforest/text/entities/hexaspora_pubescens.htm
Hibbertia banksii,https://apps.lucidcentral.org/rainforest/text/entities/hibbertia_banksii.htm
Hibbertia melhanioides,https://apps.lucidcentral.org/rainforest/text/entities/hibbertia_melhanioides.htm
Hibbertia scandens,https://apps.lucidcentral.org/rainforest/text/entities/hibbertia_scandens.htm
Hibiscus diversifolius subsp. rivularis,https://apps.lucidcentral.org/rainforest/text/entities/hibiscus_diversifolius_subsp._rivularis.htm
Hibiscus geranioides,https://apps.lucidcentral.org/rainforest/text/entities/hibiscus_geranioides.htm
Hibiscus heterophyllus,https://apps.lucidcentral.org/rainforest/text/entities/hibiscus_heterophyllus.htm
Hibiscus krichauffianus,https://apps.lucidcentral.org/rainforest/text/entities/hibiscus_krichauffianus.htm
Hibiscus macilwraithensis,https://apps.lucidcentral.org/rainforest/text/entities/hibiscus_macilwraithensis.htm
Hibiscus meraukensis,https://apps.lucidcentral.org/rainforest/text/entities/hibiscus_meraukensis.htm
Hibiscus normanii,https://apps.lucidcentral.org/rainforest/text/entities/hibiscus_normanii.htm
Hibiscus peralbus,https://apps.lucidcentral.org/rainforest/text/entities/hibiscus_peralbus.htm
Hibiscus propulsator,https://apps.lucidcentral.org/rainforest/text/entities/hibiscus_propulsator.htm
Hibiscus sankowskyorum,https://apps.lucidcentral.org/rainforest/text/entities/hibiscus_sankowskyorum.htm
Hibiscus tiliaceus,https://apps.lucidcentral.org/rainforest/text/entities/hibiscus_tiliaceus.htm
Hibiscus tozerensis,https://apps.lucidcentral.org/rainforest/text/entities/hibiscus_tozerensis.htm
Hibiscus vitifolius,https://apps.lucidcentral.org/rainforest/text/entities/hibiscus_vitifolius.htm
Hicksbeachia pilosa,https://apps.lucidcentral.org/rainforest/text/entities/hicksbeachia_pilosa.htm
Himantandraceae,https://apps.lucidcentral.org/rainforest/text/entities/himantandraceae.htm
Hippocratea barbata,https://apps.lucidcentral.org/rainforest/text/entities/hippocratea_barbata.htm
Hiptage benghalensis,https://apps.lucidcentral.org/rainforest/text/entities/hiptage_benghalensis.htm
Hodgkinsonia ovatiflora,https://apps.lucidcentral.org/rainforest/text/entities/hodgkinsonia_ovatiflora.htm
Hollandaea diabolica,https://apps.lucidcentral.org/rainforest/text/entities/hollandaea_diabolica.htm
Hollandaea porphyrocarpa,https://apps.lucidcentral.org/rainforest/text/entities/hollandaea_porphyrocarpa.htm
Hollandaea riparia,https://apps.lucidcentral.org/rainforest/text/entities/hollandaea_riparia.htm
Hollandaea sayeriana,https://apps.lucidcentral.org/rainforest/text/entities/hollandaea_sayeriana.htm
Homalanthus novo-guineensis,https://apps.lucidcentral.org/rainforest/text/entities/homalanthus_novo-guineensis.htm
Homalanthus populifolius,https://apps.lucidcentral.org/rainforest/text/entities/homalanthus_populifolius.htm
Homalium alnifolium,https://apps.lucidcentral.org/rainforest/text/entities/homalium_alnifolium.htm
Homalium brachybotrys,https://apps.lucidcentral.org/rainforest/text/entities/homalium_brachybotrys.htm
Homalium circumpinnatum,https://apps.lucidcentral.org/rainforest/text/entities/homalium_circumpinnatum.htm
Homalium sp. South Molle Island (J.A.Gresty AQ208995),https://apps.lucidcentral.org/rainforest/text/entities/homalium_sp__south_molle_island_j_a.gresty_aq208995.htm
Hornstedtia scottiana,https://apps.lucidcentral.org/rainforest/text/entities/hornstedtia_scottiana.htm
Horsfieldia australiana,https://apps.lucidcentral.org/rainforest/text/entities/horsfieldia_australiana.htm
Hovea longipes,https://apps.lucidcentral.org/rainforest/text/entities/hovea_longipes.htm
Hovea nitida,https://apps.lucidcentral.org/rainforest/text/entities/hovea_nitida.htm
Hoya anulata,https://apps.lucidcentral.org/rainforest/text/entities/hoya_anulata.htm
Hoya australis subsp. australis,https://apps.lucidcentral.org/rainforest/text/entities/hoya_australis_subsp._australis.htm
Hoya australis subsp. sanae,https://apps.lucidcentral.org/rainforest/text/entities/hoya_australis_subsp._sanae.htm
Hoya australis subsp. tenuipes,https://apps.lucidcentral.org/rainforest/text/entities/hoya_australis_subsp._tenuipes.htm
Hoya macgillivrayi,https://apps.lucidcentral.org/rainforest/text/entities/hoya_macgillivrayi.htm
Hoya pottsii,https://apps.lucidcentral.org/rainforest/text/entities/hoya_pottsii.htm
Hoya sussuela,https://apps.lucidcentral.org/rainforest/text/entities/hoya_sussuela.htm
Huberantha nitidissima,https://apps.lucidcentral.org/rainforest/text/entities/huberantha_nitidissima.htm
Hugonia jenkinsii,https://apps.lucidcentral.org/rainforest/text/entities/hugonia_jenkinsii.htm
Hydriastele costata,https://apps.lucidcentral.org/rainforest/text/entities/hydriastele_costata.htm
Hydriastele wendlandiana,https://apps.lucidcentral.org/rainforest/text/entities/hydriastele_wendlandiana.htm
Hydrocotyle acutiloba,https://apps.lucidcentral.org/rainforest/text/entities/hydrocotyle_acutiloba.htm
Hydrocotyle digitata,https://apps.lucidcentral.org/rainforest/text/entities/hydrocotyle_digitata.htm
Hydrocotyle miranda,https://apps.lucidcentral.org/rainforest/text/entities/hydrocotyle_miranda.htm
Hydrocotyle pedicellosa,https://apps.lucidcentral.org/rainforest/text/entities/hydrocotyle_pedicellosa.htm
Hydrocotyle peduncularis,https://apps.lucidcentral.org/rainforest/text/entities/hydrocotyle_peduncularis.htm
Hydrocotyle tripartita,https://apps.lucidcentral.org/rainforest/text/entities/hydrocotyle_tripartita.htm
Hylandia dockrillii,https://apps.lucidcentral.org/rainforest/text/entities/hylandia_dockrillii.htm
Hymenosporum flavum,https://apps.lucidcentral.org/rainforest/text/entities/hymenosporum_flavum.htm
Hypericaceae,https://apps.lucidcentral.org/rainforest/text/entities/hypericaceae.htm
Hypericum gramineum,https://apps.lucidcentral.org/rainforest/text/entities/hypericum_gramineum.htm
Hypoestes floribunda,https://apps.lucidcentral.org/rainforest/text/entities/hypoestes_floribunda.htm
Hypoestes phyllostachya,https://apps.lucidcentral.org/rainforest/text/entities/hypoestes_phyllostachya.htm
Hypolytrum compactum,https://apps.lucidcentral.org/rainforest/text/entities/hypolytrum_compactum.htm
Hypolytrum nemorum,https://apps.lucidcentral.org/rainforest/text/entities/hypolytrum_nemorum.htm
Hypolytrum proliferum,https://apps.lucidcentral.org/rainforest/text/entities/hypolytrum_proliferum.htm
Hypoxidaceae,https://apps.lucidcentral.org/rainforest/text/entities/hypoxidaceae.htm
Hypserpa decumbens,https://apps.lucidcentral.org/rainforest/text/entities/hypserpa_decumbens.htm
Hypserpa laurina,https://apps.lucidcentral.org/rainforest/text/entities/hypserpa_laurina.htm
Hypserpa polyandra,https://apps.lucidcentral.org/rainforest/text/entities/hypserpa_polyandra.htm
Hypserpa smilacifolia,https://apps.lucidcentral.org/rainforest/text/entities/hypserpa_smilacifolia.htm
Hypsophila dielsiana,https://apps.lucidcentral.org/rainforest/text/entities/hypsophila_dielsiana.htm
Hypsophila halleyana,https://apps.lucidcentral.org/rainforest/text/entities/hypsophila_halleyana.htm
Hyptis capitata,https://apps.lucidcentral.org/rainforest/text/entities/hyptis_capitata.htm
NA,https://apps.lucidcentral.org/rainforest/text/entities/NA.htm
NA,https://apps.lucidcentral.org/rainforest/text/entities/NA.htm
NA,https://apps.lucidcentral.org/rainforest/text/entities/NA.htm
I,https://apps.lucidcentral.org/rainforest/text/entities/i.htm
Ibatiria furfuracea,https://apps.lucidcentral.org/rainforest/text/entities/ibatiria_furfuracea.htm
Icacinaceae,https://apps.lucidcentral.org/rainforest/text/entities/icacinaceae.htm
Ichnocarpus frutescens,https://apps.lucidcentral.org/rainforest/text/entities/ichnocarpus_frutescens.htm
Ichnocarpus rhombifolius,https://apps.lucidcentral.org/rainforest/text/entities/ichnocarpus_rhombifolius.htm
Idiospermum australiense,https://apps.lucidcentral.org/rainforest/text/entities/idiospermum_australiense.htm
Ilex arnhemensis subsp. arnhemensis,https://apps.lucidcentral.org/rainforest/text/entities/ilex_arnhemensis_subsp._arnhemensis.htm
Ilex arnhemensis subsp. ferdinandi,https://apps.lucidcentral.org/rainforest/text/entities/ilex_arnhemensis_subsp._ferdinandi.htm
Ilex sp. Gadgarra (B.P.Hyland RFK 2011),https://apps.lucidcentral.org/rainforest/text/entities/ilex_sp__gadgarra_b_p.hyland_rfk_2011.htm
Impatiens walleriana,https://apps.lucidcentral.org/rainforest/text/entities/impatiens_walleriana.htm
Indagator fordii,https://apps.lucidcentral.org/rainforest/text/entities/indagator_fordii.htm
Indigofera colutea,https://apps.lucidcentral.org/rainforest/text/entities/indigofera_colutea.htm
Indigofera linnaei,https://apps.lucidcentral.org/rainforest/text/entities/indigofera_linnaei.htm
Indigofera suffruticosa,https://apps.lucidcentral.org/rainforest/text/entities/indigofera_suffruticosa.htm
Intsia bijuga,https://apps.lucidcentral.org/rainforest/text/entities/intsia_bijuga.htm
Ipomoea abrupta,https://apps.lucidcentral.org/rainforest/text/entities/ipomoea_abrupta.htm
Ipomoea aculeata,https://apps.lucidcentral.org/rainforest/text/entities/ipomoea_aculeata.htm
Ipomoea cairica,https://apps.lucidcentral.org/rainforest/text/entities/ipomoea_cairica.htm
Ipomoea eriocarpa,https://apps.lucidcentral.org/rainforest/text/entities/ipomoea_eriocarpa.htm
Ipomoea gracilis,https://apps.lucidcentral.org/rainforest/text/entities/ipomoea_gracilis.htm
Ipomoea hederifolia,https://apps.lucidcentral.org/rainforest/text/entities/ipomoea_hederifolia.htm
Ipomoea indica,https://apps.lucidcentral.org/rainforest/text/entities/ipomoea_indica.htm
Ipomoea littoralis,https://apps.lucidcentral.org/rainforest/text/entities/ipomoea_littoralis.htm
Ipomoea mauritiana,https://apps.lucidcentral.org/rainforest/text/entities/ipomoea_mauritiana.htm
Ipomoea muelleri,https://apps.lucidcentral.org/rainforest/text/entities/ipomoea_muelleri.htm
Ipomoea nil,https://apps.lucidcentral.org/rainforest/text/entities/ipomoea_nil.htm
Ipomoea obscura,https://apps.lucidcentral.org/rainforest/text/entities/ipomoea_obscura.htm
Ipomoea pes-caprae subsp. brasiliensis,https://apps.lucidcentral.org/rainforest/text/entities/ipomoea_pes-caprae_subsp._brasiliensis.htm
Ipomoea plebeia,https://apps.lucidcentral.org/rainforest/text/entities/ipomoea_plebeia.htm
Ipomoea quamoclit,https://apps.lucidcentral.org/rainforest/text/entities/ipomoea_quamoclit.htm
Ipomoea saintronanensis,https://apps.lucidcentral.org/rainforest/text/entities/ipomoea_saintronanensis.htm
Ipomoea sp. Merluna (B.Hyland 21374V),https://apps.lucidcentral.org/rainforest/text/entities/ipomoea_sp__merluna_b_hyland_21374v.htm
Ipomoea trichosperma,https://apps.lucidcentral.org/rainforest/text/entities/ipomoea_trichosperma.htm
Ipomoea triloba,https://apps.lucidcentral.org/rainforest/text/entities/ipomoea_triloba.htm
Ipomoea velutina,https://apps.lucidcentral.org/rainforest/text/entities/ipomoea_velutina.htm
Ipomoea violacea,https://apps.lucidcentral.org/rainforest/text/entities/ipomoea_violacea.htm
Iridaceae,https://apps.lucidcentral.org/rainforest/text/entities/iridaceae.htm
Irvingbaileya australis,https://apps.lucidcentral.org/rainforest/text/entities/irvingbaileya_australis.htm
Isachne confusa,https://apps.lucidcentral.org/rainforest/text/entities/isachne_confusa.htm
Isachne sharpii,https://apps.lucidcentral.org/rainforest/text/entities/isachne_sharpii.htm
Isolepis humillima,https://apps.lucidcentral.org/rainforest/text/entities/isolepis_humillima.htm
Ixora baileyana,https://apps.lucidcentral.org/rainforest/text/entities/ixora_baileyana.htm
Ixora biflora,https://apps.lucidcentral.org/rainforest/text/entities/ixora_biflora.htm
Ixora oreogena,https://apps.lucidcentral.org/rainforest/text/entities/ixora_oreogena.htm
Ixora queenslandica,https://apps.lucidcentral.org/rainforest/text/entities/ixora_queenslandica.htm
Ixora timorensis,https://apps.lucidcentral.org/rainforest/text/entities/ixora_timorensis.htm
NA,https://apps.lucidcentral.org/rainforest/text/entities/NA.htm
NA,https://apps.lucidcentral.org/rainforest/text/entities/NA.htm
NA,https://apps.lucidcentral.org/rainforest/text/entities/NA.htm
J,https://apps.lucidcentral.org/rainforest/text/entities/j.htm
Jacquemontia paniculata,https://apps.lucidcentral.org/rainforest/text/entities/jacquemontia_paniculata.htm
Jagera madida,https://apps.lucidcentral.org/rainforest/text/entities/jagera_madida.htm
Jagera pseudorhus var. integerrima,https://apps.lucidcentral.org/rainforest/text/entities/jagera_pseudorhus_var._integerrima.htm
Jagera pseudorhus var. pseudorhus,https://apps.lucidcentral.org/rainforest/text/entities/jagera_pseudorhus_var._pseudorhus.htm
Jasminum dallachii,https://apps.lucidcentral.org/rainforest/text/entities/jasminum_dallachii.htm
Jasminum didymum subsp. didymum,https://apps.lucidcentral.org/rainforest/text/entities/jasminum_didymum_subsp._didymum.htm
Jasminum didymum subsp. racemosum,https://apps.lucidcentral.org/rainforest/text/entities/jasminum_didymum_subsp._racemosum.htm
Jasminum elongatum,https://apps.lucidcentral.org/rainforest/text/entities/jasminum_elongatum.htm
Jasminum kajewskii,https://apps.lucidcentral.org/rainforest/text/entities/jasminum_kajewskii.htm
Jasminum longipetalum,https://apps.lucidcentral.org/rainforest/text/entities/jasminum_longipetalum.htm
Jasminum molle,https://apps.lucidcentral.org/rainforest/text/entities/jasminum_molle.htm
Jasminum simplicifolium subsp. australiense,https://apps.lucidcentral.org/rainforest/text/entities/jasminum_simplicifolium_subsp._australiense.htm
Josephinia eugeniae,https://apps.lucidcentral.org/rainforest/text/entities/josephinia_eugeniae.htm
Josephinia imperatricis,https://apps.lucidcentral.org/rainforest/text/entities/josephinia_imperatricis.htm
Juncaceae,https://apps.lucidcentral.org/rainforest/text/entities/juncaceae.htm
Juncus usitatus,https://apps.lucidcentral.org/rainforest/text/entities/juncus_usitatus.htm
Justicia sp. Marr Creek (B.Hyland 16069),https://apps.lucidcentral.org/rainforest/text/entities/justicia_sp__marr_creek_b_hyland_16069.htm
NA,https://apps.lucidcentral.org/rainforest/text/entities/NA.htm
NA,https://apps.lucidcentral.org/rainforest/text/entities/NA.htm
NA,https://apps.lucidcentral.org/rainforest/text/entities/NA.htm
K,https://apps.lucidcentral.org/rainforest/text/entities/k.htm
Karrabina biagiana,https://apps.lucidcentral.org/rainforest/text/entities/karrabina_biagiana.htm
Kennedia rubicunda,https://apps.lucidcentral.org/rainforest/text/entities/kennedia_rubicunda.htm
Kleinhovia hospita,https://apps.lucidcentral.org/rainforest/text/entities/kleinhovia_hospita.htm
Kopsia arborea,https://apps.lucidcentral.org/rainforest/text/entities/kopsia_arborea.htm
Korthalsella grayi,https://apps.lucidcentral.org/rainforest/text/entities/korthalsella_grayi.htm
Korthalsella japonica subsp. brassiana,https://apps.lucidcentral.org/rainforest/text/entities/korthalsella_japonica_subsp._brassiana.htm
Korthalsella papuana,https://apps.lucidcentral.org/rainforest/text/entities/korthalsella_papuana.htm
Korthalsella rubra subsp. rubra,https://apps.lucidcentral.org/rainforest/text/entities/korthalsella_rubra_subsp._rubra.htm
Kuntheria pedunculata,https://apps.lucidcentral.org/rainforest/text/entities/kuntheria_pedunculata.htm
NA,https://apps.lucidcentral.org/rainforest/text/entities/NA.htm
NA,https://apps.lucidcentral.org/rainforest/text/entities/NA.htm
NA,https://apps.lucidcentral.org/rainforest/text/entities/NA.htm
L,https://apps.lucidcentral.org/rainforest/text/entities/l.htm
Labichea nitida,https://apps.lucidcentral.org/rainforest/text/entities/labichea_nitida.htm
Laccospadix australasicus,https://apps.lucidcentral.org/rainforest/text/entities/laccospadix_australasicus.htm
Lagerstroemia archeriana,https://apps.lucidcentral.org/rainforest/text/entities/lagerstroemia_archeriana.htm
Lagunaria queenslandica,https://apps.lucidcentral.org/rainforest/text/entities/lagunaria_queenslandica.htm
Lamiaceae,https://apps.lucidcentral.org/rainforest/text/entities/lamiaceae.htm
Lantana camara,https://apps.lucidcentral.org/rainforest/text/entities/lantana_camara.htm
Laportea interrupta,https://apps.lucidcentral.org/rainforest/text/entities/laportea_interrupta.htm
Larsenaikia jardinei,https://apps.lucidcentral.org/rainforest/text/entities/larsenaikia_jardinei.htm
Larsenaikia ochreata,https://apps.lucidcentral.org/rainforest/text/entities/larsenaikia_ochreata.htm
Lasianthus chlorocarpus,https://apps.lucidcentral.org/rainforest/text/entities/lasianthus_chlorocarpus.htm
Lasianthus hirsutus,https://apps.lucidcentral.org/rainforest/text/entities/lasianthus_hirsutus.htm
Lasjia claudiensis,https://apps.lucidcentral.org/rainforest/text/entities/lasjia_claudiensis.htm
Lasjia grandis,https://apps.lucidcentral.org/rainforest/text/entities/lasjia_grandis.htm
Lasjia whelanii,https://apps.lucidcentral.org/rainforest/text/entities/lasjia_whelanii.htm
Lauraceae,https://apps.lucidcentral.org/rainforest/text/entities/lauraceae.htm
Lecythidaceae,https://apps.lucidcentral.org/rainforest/text/entities/lecythidaceae.htm
Leea novoguineensis,https://apps.lucidcentral.org/rainforest/text/entities/leea_novoguineensis.htm
Leea rubra,https://apps.lucidcentral.org/rainforest/text/entities/leea_rubra.htm
Legnephora moorei,https://apps.lucidcentral.org/rainforest/text/entities/legnephora_moorei.htm
Leionema ellipticum,https://apps.lucidcentral.org/rainforest/text/entities/leionema_ellipticum.htm
Lenbrassia australiana var. australiana,https://apps.lucidcentral.org/rainforest/text/entities/lenbrassia_australiana_var._australiana.htm
Lenbrassia australiana var. glabrescens,https://apps.lucidcentral.org/rainforest/text/entities/lenbrassia_australiana_var._glabrescens.htm
Lentibulariaceae,https://apps.lucidcentral.org/rainforest/text/entities/lentibulariaceae.htm
Lenwebbia lasioclada,https://apps.lucidcentral.org/rainforest/text/entities/lenwebbia_lasioclada.htm
Leonotis nepetifolia,https://apps.lucidcentral.org/rainforest/text/entities/leonotis_nepetifolia.htm
Lepidagathis royenii,https://apps.lucidcentral.org/rainforest/text/entities/lepidagathis_royenii.htm
Lepiderema hirsuta,https://apps.lucidcentral.org/rainforest/text/entities/lepiderema_hirsuta.htm
Lepiderema ixiocarpa,https://apps.lucidcentral.org/rainforest/text/entities/lepiderema_ixiocarpa.htm
Lepiderema largiflorens,https://apps.lucidcentral.org/rainforest/text/entities/lepiderema_largiflorens.htm
Lepiderema punctulata,https://apps.lucidcentral.org/rainforest/text/entities/lepiderema_punctulata.htm
Lepiderema sericolignis,https://apps.lucidcentral.org/rainforest/text/entities/lepiderema_sericolignis.htm
Lepiderema sp. Impulse Creek (A.B.Pollock 73),https://apps.lucidcentral.org/rainforest/text/entities/lepiderema_sp__impulse_creek_a_b.pollock_73.htm
Lepidopetalum fructoglabrum,https://apps.lucidcentral.org/rainforest/text/entities/lepidopetalum_fructoglabrum.htm
Lepidozamia hopei,https://apps.lucidcentral.org/rainforest/text/entities/lepidozamia_hopei.htm
Lepisanthes rubiginosa,https://apps.lucidcentral.org/rainforest/text/entities/lepisanthes_rubiginosa.htm
Lepisanthes senegalensis,https://apps.lucidcentral.org/rainforest/text/entities/lepisanthes_senegalensis.htm
Lepistemon urceolatus,https://apps.lucidcentral.org/rainforest/text/entities/lepistemon_urceolatus.htm
Leptaspis banksii,https://apps.lucidcentral.org/rainforest/text/entities/leptaspis_banksii.htm
Leptospermum wooroonooran,https://apps.lucidcentral.org/rainforest/text/entities/leptospermum_wooroonooran.htm
Lethedon setosa,https://apps.lucidcentral.org/rainforest/text/entities/lethedon_setosa.htm
Leucaena leucocephala,https://apps.lucidcentral.org/rainforest/text/entities/leucaena_leucocephala.htm
Leucas decemdentata,https://apps.lucidcentral.org/rainforest/text/entities/leucas_decemdentata.htm
Leucopogon malayanus subsp. novoguineensis,https://apps.lucidcentral.org/rainforest/text/entities/leucopogon_malayanus_subsp._novoguineensis.htm
Leucopogon ruscifolius,https://apps.lucidcentral.org/rainforest/text/entities/leucopogon_ruscifolius.htm
Leucopogon yorkensis,https://apps.lucidcentral.org/rainforest/text/entities/leucopogon_yorkensis.htm
Levieria acuminata,https://apps.lucidcentral.org/rainforest/text/entities/levieria_acuminata.htm
Licuala ramsayi var. ramsayi,https://apps.lucidcentral.org/rainforest/text/entities/licuala_ramsayi_var._ramsayi.htm
Licuala ramsayi var. tuckeri,https://apps.lucidcentral.org/rainforest/text/entities/licuala_ramsayi_var._tuckeri.htm
Ligustrum australianum,https://apps.lucidcentral.org/rainforest/text/entities/ligustrum_australianum.htm
Ligustrum lucidum,https://apps.lucidcentral.org/rainforest/text/entities/ligustrum_lucidum.htm
Ligustrum sinense,https://apps.lucidcentral.org/rainforest/text/entities/ligustrum_sinense.htm
Linaceae,https://apps.lucidcentral.org/rainforest/text/entities/linaceae.htm
Lindera queenslandica,https://apps.lucidcentral.org/rainforest/text/entities/lindera_queenslandica.htm
Lindernia crustacea,https://apps.lucidcentral.org/rainforest/text/entities/lindernia_crustacea.htm
Linderniaceae,https://apps.lucidcentral.org/rainforest/text/entities/linderniaceae.htm
Lindsayomyrtus racemoides,https://apps.lucidcentral.org/rainforest/text/entities/lindsayomyrtus_racemoides.htm
Linospadix apetiolatus,https://apps.lucidcentral.org/rainforest/text/entities/linospadix_apetiolatus.htm
Linospadix microcaryus,https://apps.lucidcentral.org/rainforest/text/entities/linospadix_microcaryus.htm
Linospadix minor,https://apps.lucidcentral.org/rainforest/text/entities/linospadix_minor.htm
Linospadix palmerianus,https://apps.lucidcentral.org/rainforest/text/entities/linospadix_palmerianus.htm
Lithomyrtus obtusa,https://apps.lucidcentral.org/rainforest/text/entities/lithomyrtus_obtusa.htm
Litsea bennettii,https://apps.lucidcentral.org/rainforest/text/entities/litsea_bennettii.htm
Litsea bindoniana,https://apps.lucidcentral.org/rainforest/text/entities/litsea_bindoniana.htm
Litsea breviumbellata,https://apps.lucidcentral.org/rainforest/text/entities/litsea_breviumbellata.htm
Litsea connorsii,https://apps.lucidcentral.org/rainforest/text/entities/litsea_connorsii.htm
Litsea fawcettiana,https://apps.lucidcentral.org/rainforest/text/entities/litsea_fawcettiana.htm
Litsea glutinosa,https://apps.lucidcentral.org/rainforest/text/entities/litsea_glutinosa.htm
Litsea granitica,https://apps.lucidcentral.org/rainforest/text/entities/litsea_granitica.htm
Litsea leefeana,https://apps.lucidcentral.org/rainforest/text/entities/litsea_leefeana.htm
Litsea macrophylla,https://apps.lucidcentral.org/rainforest/text/entities/litsea_macrophylla.htm
Livistona australis,https://apps.lucidcentral.org/rainforest/text/entities/livistona_australis.htm
Livistona benthamii,https://apps.lucidcentral.org/rainforest/text/entities/livistona_benthamii.htm
Livistona concinna,https://apps.lucidcentral.org/rainforest/text/entities/livistona_concinna.htm
Livistona decora,https://apps.lucidcentral.org/rainforest/text/entities/livistona_decora.htm
Livistona drudei,https://apps.lucidcentral.org/rainforest/text/entities/livistona_drudei.htm
Livistona muelleri,https://apps.lucidcentral.org/rainforest/text/entities/livistona_muelleri.htm
Livistona rigida,https://apps.lucidcentral.org/rainforest/text/entities/livistona_rigida.htm
Livistona victoriae,https://apps.lucidcentral.org/rainforest/text/entities/livistona_victoriae.htm
Lobelia trigonocaulis,https://apps.lucidcentral.org/rainforest/text/entities/lobelia_trigonocaulis.htm
Loganiaceae,https://apps.lucidcentral.org/rainforest/text/entities/loganiaceae.htm
Lomandra banksii,https://apps.lucidcentral.org/rainforest/text/entities/lomandra_banksii.htm
Lomandra hystrix,https://apps.lucidcentral.org/rainforest/text/entities/lomandra_hystrix.htm
Lomandra longifolia,https://apps.lucidcentral.org/rainforest/text/entities/lomandra_longifolia.htm
Lomandra tropica,https://apps.lucidcentral.org/rainforest/text/entities/lomandra_tropica.htm
Lomatia milnerae,https://apps.lucidcentral.org/rainforest/text/entities/lomatia_milnerae.htm
Lophatherum gracile,https://apps.lucidcentral.org/rainforest/text/entities/lophatherum_gracile.htm
Lophopetalum arnhemicum,https://apps.lucidcentral.org/rainforest/text/entities/lophopetalum_arnhemicum.htm
Lophospermum erubescens,https://apps.lucidcentral.org/rainforest/text/entities/lophospermum_erubescens.htm
Lophostemon confertus,https://apps.lucidcentral.org/rainforest/text/entities/lophostemon_confertus.htm
Lophostemon grandiflorus subsp. riparius,https://apps.lucidcentral.org/rainforest/text/entities/lophostemon_grandiflorus_subsp._riparius.htm
Lophostemon lactifluus,https://apps.lucidcentral.org/rainforest/text/entities/lophostemon_lactifluus.htm
Lophostemon suaveolens,https://apps.lucidcentral.org/rainforest/text/entities/lophostemon_suaveolens.htm
Loranthaceae,https://apps.lucidcentral.org/rainforest/text/entities/loranthaceae.htm
Ludwigia hyssopifolia,https://apps.lucidcentral.org/rainforest/text/entities/ludwigia_hyssopifolia.htm
Ludwigia octovalvis,https://apps.lucidcentral.org/rainforest/text/entities/ludwigia_octovalvis.htm
Luffa aegyptiaca,https://apps.lucidcentral.org/rainforest/text/entities/luffa_aegyptiaca.htm
Lunasia amara,https://apps.lucidcentral.org/rainforest/text/entities/lunasia_amara.htm
Luvunga monophylla,https://apps.lucidcentral.org/rainforest/text/entities/luvunga_monophylla.htm
Lycianthes shanesii,https://apps.lucidcentral.org/rainforest/text/entities/lycianthes_shanesii.htm
Lysiana maritima,https://apps.lucidcentral.org/rainforest/text/entities/lysiana_maritima.htm
Lysiana spathulata,https://apps.lucidcentral.org/rainforest/text/entities/lysiana_spathulata.htm
Lysiana subfalcata,https://apps.lucidcentral.org/rainforest/text/entities/lysiana_subfalcata.htm
Lythraceae,https://apps.lucidcentral.org/rainforest/text/entities/lythraceae.htm
NA,https://apps.lucidcentral.org/rainforest/text/entities/NA.htm
NA,https://apps.lucidcentral.org/rainforest/text/entities/NA.htm
NA,https://apps.lucidcentral.org/rainforest/text/entities/NA.htm
M,https://apps.lucidcentral.org/rainforest/text/entities/m.htm
Macaranga dallachyana,https://apps.lucidcentral.org/rainforest/text/entities/macaranga_dallachyana.htm
Macaranga inamoena,https://apps.lucidcentral.org/rainforest/text/entities/macaranga_inamoena.htm
Macaranga involucrata var. mallotoides,https://apps.lucidcentral.org/rainforest/text/entities/macaranga_involucrata_var._mallotoides.htm
Macaranga polyadenia,https://apps.lucidcentral.org/rainforest/text/entities/macaranga_polyadenia.htm
Macaranga subdentata,https://apps.lucidcentral.org/rainforest/text/entities/macaranga_subdentata.htm
Macaranga tanarius,https://apps.lucidcentral.org/rainforest/text/entities/macaranga_tanarius.htm
Macfadyena unguis-cati,https://apps.lucidcentral.org/rainforest/text/entities/macfadyena_unguis-cati.htm
Mackinlaya confusa,https://apps.lucidcentral.org/rainforest/text/entities/mackinlaya_confusa.htm
Mackinlaya macrosciadea,https://apps.lucidcentral.org/rainforest/text/entities/mackinlaya_macrosciadea.htm
Maclura cochinchinensis,https://apps.lucidcentral.org/rainforest/text/entities/maclura_cochinchinensis.htm
Macropteranthes fitzalanii,https://apps.lucidcentral.org/rainforest/text/entities/macropteranthes_fitzalanii.htm
Macropteranthes leiocaulis,https://apps.lucidcentral.org/rainforest/text/entities/macropteranthes_leiocaulis.htm
Macropteranthes montana,https://apps.lucidcentral.org/rainforest/text/entities/macropteranthes_montana.htm
Macroptilium atropurpureum,https://apps.lucidcentral.org/rainforest/text/entities/macroptilium_atropurpureum.htm
Macrotyloma axillare,https://apps.lucidcentral.org/rainforest/text/entities/macrotyloma_axillare.htm
Macrotyloma uniflorum,https://apps.lucidcentral.org/rainforest/text/entities/macrotyloma_uniflorum.htm
Maesa dependens,https://apps.lucidcentral.org/rainforest/text/entities/maesa_dependens.htm
Maesa haplobotrys,https://apps.lucidcentral.org/rainforest/text/entities/maesa_haplobotrys.htm
Mallotus claoxyloides,https://apps.lucidcentral.org/rainforest/text/entities/mallotus_claoxyloides.htm
Mallotus discolor,https://apps.lucidcentral.org/rainforest/text/entities/mallotus_discolor.htm
Mallotus dispersus,https://apps.lucidcentral.org/rainforest/text/entities/mallotus_dispersus.htm
Mallotus ficifolius,https://apps.lucidcentral.org/rainforest/text/entities/mallotus_ficifolius.htm
Mallotus mollissimus,https://apps.lucidcentral.org/rainforest/text/entities/mallotus_mollissimus.htm
Mallotus nesophilus,https://apps.lucidcentral.org/rainforest/text/entities/mallotus_nesophilus.htm
Mallotus paniculatus,https://apps.lucidcentral.org/rainforest/text/entities/mallotus_paniculatus.htm
Mallotus philippensis,https://apps.lucidcentral.org/rainforest/text/entities/mallotus_philippensis.htm
Mallotus polyadenos,https://apps.lucidcentral.org/rainforest/text/entities/mallotus_polyadenos.htm
Mallotus repandus,https://apps.lucidcentral.org/rainforest/text/entities/mallotus_repandus.htm
Mallotus resinosus,https://apps.lucidcentral.org/rainforest/text/entities/mallotus_resinosus.htm
Mallotus surculosus,https://apps.lucidcentral.org/rainforest/text/entities/mallotus_surculosus.htm
Malpighiaceae,https://apps.lucidcentral.org/rainforest/text/entities/malpighiaceae.htm
Malvaceae,https://apps.lucidcentral.org/rainforest/text/entities/malvaceae.htm
Malvastrum americanum,https://apps.lucidcentral.org/rainforest/text/entities/malvastrum_americanum.htm
Malvastrum chillagoense,https://apps.lucidcentral.org/rainforest/text/entities/malvastrum_chillagoense.htm
Mammea touriga,https://apps.lucidcentral.org/rainforest/text/entities/mammea_touriga.htm
Mangifera indica,https://apps.lucidcentral.org/rainforest/text/entities/mangifera_indica.htm
Manihot glaziovii,https://apps.lucidcentral.org/rainforest/text/entities/manihot_glaziovii.htm
Manilkara kauki,https://apps.lucidcentral.org/rainforest/text/entities/manilkara_kauki.htm
Maniltoa lenticellata,https://apps.lucidcentral.org/rainforest/text/entities/maniltoa_lenticellata.htm
Maranthes corymbosa,https://apps.lucidcentral.org/rainforest/text/entities/maranthes_corymbosa.htm
Margaritaria dubium-traceyi,https://apps.lucidcentral.org/rainforest/text/entities/margaritaria_dubium-traceyi.htm
Margaritaria indica,https://apps.lucidcentral.org/rainforest/text/entities/margaritaria_indica.htm
Marsdenia connivens,https://apps.lucidcentral.org/rainforest/text/entities/marsdenia_connivens.htm
Marsdenia cymulosa,https://apps.lucidcentral.org/rainforest/text/entities/marsdenia_cymulosa.htm
Marsdenia geminata,https://apps.lucidcentral.org/rainforest/text/entities/marsdenia_geminata.htm
Marsdenia glandulifera,https://apps.lucidcentral.org/rainforest/text/entities/marsdenia_glandulifera.htm
Marsdenia hemiptera,https://apps.lucidcentral.org/rainforest/text/entities/marsdenia_hemiptera.htm
Marsdenia jensenii,https://apps.lucidcentral.org/rainforest/text/entities/marsdenia_jensenii.htm
Marsdenia longipedicellata,https://apps.lucidcentral.org/rainforest/text/entities/marsdenia_longipedicellata.htm
Marsdenia micradenia,https://apps.lucidcentral.org/rainforest/text/entities/marsdenia_micradenia.htm
Marsdenia microlepis,https://apps.lucidcentral.org/rainforest/text/entities/marsdenia_microlepis.htm
Marsdenia paludicola,https://apps.lucidcentral.org/rainforest/text/entities/marsdenia_paludicola.htm
Marsdenia pleiadenia,https://apps.lucidcentral.org/rainforest/text/entities/marsdenia_pleiadenia.htm
Marsdenia rostrata,https://apps.lucidcentral.org/rainforest/text/entities/marsdenia_rostrata.htm
Marsdenia straminea,https://apps.lucidcentral.org/rainforest/text/entities/marsdenia_straminea.htm
Marsdenia tricholepis,https://apps.lucidcentral.org/rainforest/text/entities/marsdenia_tricholepis.htm
Marsdenia velutina,https://apps.lucidcentral.org/rainforest/text/entities/marsdenia_velutina.htm
Marsdenia viridiflora,https://apps.lucidcentral.org/rainforest/text/entities/marsdenia_viridiflora.htm
Martynia annua,https://apps.lucidcentral.org/rainforest/text/entities/martynia_annua.htm
Martyniaceae,https://apps.lucidcentral.org/rainforest/text/entities/martyniaceae.htm
Mecardonia procumbens,https://apps.lucidcentral.org/rainforest/text/entities/mecardonia_procumbens.htm
Medicosma fareana,https://apps.lucidcentral.org/rainforest/text/entities/medicosma_fareana.htm
Medicosma glandulosa,https://apps.lucidcentral.org/rainforest/text/entities/medicosma_glandulosa.htm
Medicosma heterophylla,https://apps.lucidcentral.org/rainforest/text/entities/medicosma_heterophylla.htm
Medicosma mulgraveana,https://apps.lucidcentral.org/rainforest/text/entities/medicosma_mulgraveana.htm
Medicosma obovata,https://apps.lucidcentral.org/rainforest/text/entities/medicosma_obovata.htm
Medicosma riparia,https://apps.lucidcentral.org/rainforest/text/entities/medicosma_riparia.htm
Medicosma sessiliflora,https://apps.lucidcentral.org/rainforest/text/entities/medicosma_sessiliflora.htm
Medinilla balls-headleyi,https://apps.lucidcentral.org/rainforest/text/entities/medinilla_balls-headleyi.htm
Megahertzia amplexicaulis,https://apps.lucidcentral.org/rainforest/text/entities/megahertzia_amplexicaulis.htm
Meiogyne bidwillii,https://apps.lucidcentral.org/rainforest/text/entities/meiogyne_bidwillii.htm
Meiogyne cylindrocarpa,https://apps.lucidcentral.org/rainforest/text/entities/meiogyne_cylindrocarpa.htm
Meiogyne heteropetala,https://apps.lucidcentral.org/rainforest/text/entities/meiogyne_heteropetala.htm
Meiogyne hirsuta,https://apps.lucidcentral.org/rainforest/text/entities/meiogyne_hirsuta.htm
Meiogyne trichocarpa,https://apps.lucidcentral.org/rainforest/text/entities/meiogyne_trichocarpa.htm
Meiogyne verrucosa,https://apps.lucidcentral.org/rainforest/text/entities/meiogyne_verrucosa.htm
Meistera dallachyi,https://apps.lucidcentral.org/rainforest/text/entities/meistera_dallachyi.htm
Melaleuca argentea,https://apps.lucidcentral.org/rainforest/text/entities/melaleuca_argentea.htm
Melaleuca bracteata,https://apps.lucidcentral.org/rainforest/text/entities/melaleuca_bracteata.htm
Melaleuca dealbata,https://apps.lucidcentral.org/rainforest/text/entities/melaleuca_dealbata.htm
Melaleuca leucadendra,https://apps.lucidcentral.org/rainforest/text/entities/melaleuca_leucadendra.htm
Melaleuca recurva,https://apps.lucidcentral.org/rainforest/text/entities/melaleuca_recurva.htm
Melaleuca viminalis,https://apps.lucidcentral.org/rainforest/text/entities/melaleuca_viminalis.htm
Melaleuca viridiflora,https://apps.lucidcentral.org/rainforest/text/entities/melaleuca_viridiflora.htm
Melastoma cyanoides,https://apps.lucidcentral.org/rainforest/text/entities/melastoma_cyanoides.htm
Melastoma malabathricum subsp. malabathricum,https://apps.lucidcentral.org/rainforest/text/entities/melastoma_malabathricum_subsp._malabathricum.htm
Melastomataceae,https://apps.lucidcentral.org/rainforest/text/entities/melastomataceae.htm
Melhania brachycarpa,https://apps.lucidcentral.org/rainforest/text/entities/melhania_brachycarpa.htm
Melhania oblongifolia,https://apps.lucidcentral.org/rainforest/text/entities/melhania_oblongifolia.htm
Melia azedarach,https://apps.lucidcentral.org/rainforest/text/entities/melia_azedarach.htm
Meliaceae,https://apps.lucidcentral.org/rainforest/text/entities/meliaceae.htm
Melicope affinis,https://apps.lucidcentral.org/rainforest/text/entities/melicope_affinis.htm
Melicope bonwickii,https://apps.lucidcentral.org/rainforest/text/entities/melicope_bonwickii.htm
Melicope broadbentiana,https://apps.lucidcentral.org/rainforest/text/entities/melicope_broadbentiana.htm
Melicope elleryana,https://apps.lucidcentral.org/rainforest/text/entities/melicope_elleryana.htm
Melicope fellii,https://apps.lucidcentral.org/rainforest/text/entities/melicope_fellii.htm
Melicope jonesii,https://apps.lucidcentral.org/rainforest/text/entities/melicope_jonesii.htm
Melicope peninsularis,https://apps.lucidcentral.org/rainforest/text/entities/melicope_peninsularis.htm
Melicope rubra,https://apps.lucidcentral.org/rainforest/text/entities/melicope_rubra.htm
Melicope vitiflora,https://apps.lucidcentral.org/rainforest/text/entities/melicope_vitiflora.htm
Melicope xanthoxyloides,https://apps.lucidcentral.org/rainforest/text/entities/melicope_xanthoxyloides.htm
Melochia umbellata,https://apps.lucidcentral.org/rainforest/text/entities/melochia_umbellata.htm
Melodinus acutiflorus,https://apps.lucidcentral.org/rainforest/text/entities/melodinus_acutiflorus.htm
Melodinus australis,https://apps.lucidcentral.org/rainforest/text/entities/melodinus_australis.htm
Melodinus baccellianus,https://apps.lucidcentral.org/rainforest/text/entities/melodinus_baccellianus.htm
Melodinus forbesii,https://apps.lucidcentral.org/rainforest/text/entities/melodinus_forbesii.htm
Memecylon hylandii,https://apps.lucidcentral.org/rainforest/text/entities/memecylon_hylandii.htm
Memecylon pauciflorum,https://apps.lucidcentral.org/rainforest/text/entities/memecylon_pauciflorum.htm
Menispermaceae,https://apps.lucidcentral.org/rainforest/text/entities/menispermaceae.htm
Merremia gemella,https://apps.lucidcentral.org/rainforest/text/entities/merremia_gemella.htm
Merremia hederacea,https://apps.lucidcentral.org/rainforest/text/entities/merremia_hederacea.htm
Mesosphaerum pectinatum,https://apps.lucidcentral.org/rainforest/text/entities/mesosphaerum_pectinatum.htm
Mesosphaerum suaveolens,https://apps.lucidcentral.org/rainforest/text/entities/mesosphaerum_suaveolens.htm
Mesua larnachiana,https://apps.lucidcentral.org/rainforest/text/entities/mesua_larnachiana.htm
Mesua sp. Boonjee (A.K.Irvine 1218),https://apps.lucidcentral.org/rainforest/text/entities/mesua_sp__boonjee_a_k.irvine_1218.htm
Mezoneuron erythrocarpum,https://apps.lucidcentral.org/rainforest/text/entities/mezoneuron_erythrocarpum.htm
Mezoneuron hymenocarpum,https://apps.lucidcentral.org/rainforest/text/entities/mezoneuron_hymenocarpum.htm
Mezoneuron nitens,https://apps.lucidcentral.org/rainforest/text/entities/mezoneuron_nitens.htm
Mezoneuron scortechinii,https://apps.lucidcentral.org/rainforest/text/entities/mezoneuron_scortechinii.htm
Miconia calvescens,https://apps.lucidcentral.org/rainforest/text/entities/miconia_calvescens.htm
Miconia nervosa,https://apps.lucidcentral.org/rainforest/text/entities/miconia_nervosa.htm
Micromelum minutum,https://apps.lucidcentral.org/rainforest/text/entities/micromelum_minutum.htm
Microstachys chamaelea,https://apps.lucidcentral.org/rainforest/text/entities/microstachys_chamaelea.htm
Mikania micrantha,https://apps.lucidcentral.org/rainforest/text/entities/mikania_micrantha.htm
Miliusa brahei,https://apps.lucidcentral.org/rainforest/text/entities/miliusa_brahei.htm
Miliusa horsfieldii,https://apps.lucidcentral.org/rainforest/text/entities/miliusa_horsfieldii.htm
Miliusa traceyi,https://apps.lucidcentral.org/rainforest/text/entities/miliusa_traceyi.htm
Mimosa pudica,https://apps.lucidcentral.org/rainforest/text/entities/mimosa_pudica.htm
Mimusops elengi,https://apps.lucidcentral.org/rainforest/text/entities/mimusops_elengi.htm
Mirabilis jalapa,https://apps.lucidcentral.org/rainforest/text/entities/mirabilis_jalapa.htm
Mischarytera lautereriana,https://apps.lucidcentral.org/rainforest/text/entities/mischarytera_lautereriana.htm
Mischarytera macrobotrys,https://apps.lucidcentral.org/rainforest/text/entities/mischarytera_macrobotrys.htm
Mischarytera megaphylla,https://apps.lucidcentral.org/rainforest/text/entities/mischarytera_megaphylla.htm
Mischocarpus anodontus,https://apps.lucidcentral.org/rainforest/text/entities/mischocarpus_anodontus.htm
Mischocarpus exangulatus,https://apps.lucidcentral.org/rainforest/text/entities/mischocarpus_exangulatus.htm
Mischocarpus grandissimus,https://apps.lucidcentral.org/rainforest/text/entities/mischocarpus_grandissimus.htm
Mischocarpus lachnocarpus,https://apps.lucidcentral.org/rainforest/text/entities/mischocarpus_lachnocarpus.htm
Mischocarpus macrocarpus,https://apps.lucidcentral.org/rainforest/text/entities/mischocarpus_macrocarpus.htm
Mischocarpus montanus,https://apps.lucidcentral.org/rainforest/text/entities/mischocarpus_montanus.htm
Mischocarpus pyriformis subsp. pyriformis,https://apps.lucidcentral.org/rainforest/text/entities/mischocarpus_pyriformis_subsp._pyriformis.htm
Mischocarpus stipitatus,https://apps.lucidcentral.org/rainforest/text/entities/mischocarpus_stipitatus.htm
Mitracarpus hirtus,https://apps.lucidcentral.org/rainforest/text/entities/mitracarpus_hirtus.htm
Mitrantia bilocularis,https://apps.lucidcentral.org/rainforest/text/entities/mitrantia_bilocularis.htm
Mitrasacme oasena,https://apps.lucidcentral.org/rainforest/text/entities/mitrasacme_oasena.htm
Mitrasacme paludosa,https://apps.lucidcentral.org/rainforest/text/entities/mitrasacme_paludosa.htm
Mitrasacme polymorpha,https://apps.lucidcentral.org/rainforest/text/entities/mitrasacme_polymorpha.htm
Mitrasacme pygmaea,https://apps.lucidcentral.org/rainforest/text/entities/mitrasacme_pygmaea.htm
Mitrella tiwiensis,https://apps.lucidcentral.org/rainforest/text/entities/mitrella_tiwiensis.htm
Mitrephora diversifolia,https://apps.lucidcentral.org/rainforest/text/entities/mitrephora_diversifolia.htm
Molineria capitulata,https://apps.lucidcentral.org/rainforest/text/entities/molineria_capitulata.htm
Momordica charantia,https://apps.lucidcentral.org/rainforest/text/entities/momordica_charantia.htm
Momordica cochinchinensis,https://apps.lucidcentral.org/rainforest/text/entities/momordica_cochinchinensis.htm
Monimiaceae,https://apps.lucidcentral.org/rainforest/text/entities/monimiaceae.htm
Monococcus echinophorus,https://apps.lucidcentral.org/rainforest/text/entities/monococcus_echinophorus.htm
Monoon australe,https://apps.lucidcentral.org/rainforest/text/entities/monoon_australe.htm
Monoon michaelii,https://apps.lucidcentral.org/rainforest/text/entities/monoon_michaelii.htm
Monoon patinatum,https://apps.lucidcentral.org/rainforest/text/entities/monoon_patinatum.htm
Montanoa hibiscifolia,https://apps.lucidcentral.org/rainforest/text/entities/montanoa_hibiscifolia.htm
Moraceae,https://apps.lucidcentral.org/rainforest/text/entities/moraceae.htm
Morinda bracteata var. celebica,https://apps.lucidcentral.org/rainforest/text/entities/morinda_bracteata_var._celebica.htm
Morinda citrifolia,https://apps.lucidcentral.org/rainforest/text/entities/morinda_citrifolia.htm
Moringa oleifera,https://apps.lucidcentral.org/rainforest/text/entities/moringa_oleifera.htm
Moringaceae,https://apps.lucidcentral.org/rainforest/text/entities/moringaceae.htm
Motherwellia haplosciadea,https://apps.lucidcentral.org/rainforest/text/entities/motherwellia_haplosciadea.htm
Mucuna diabolica subsp. kenneallyi,https://apps.lucidcentral.org/rainforest/text/entities/mucuna_diabolica_subsp._kenneallyi.htm
Mucuna gigantea subsp. gigantea,https://apps.lucidcentral.org/rainforest/text/entities/mucuna_gigantea_subsp._gigantea.htm
Muehlenbeckia zippelii,https://apps.lucidcentral.org/rainforest/text/entities/muehlenbeckia_zippelii.htm
Muellerargia timorensis,https://apps.lucidcentral.org/rainforest/text/entities/muellerargia_timorensis.htm
Mullerochloa moreheadiana,https://apps.lucidcentral.org/rainforest/text/entities/mullerochloa_moreheadiana.htm
Murraya paniculata,https://apps.lucidcentral.org/rainforest/text/entities/murraya_paniculata.htm
Musa banksii,https://apps.lucidcentral.org/rainforest/text/entities/musa_banksii.htm
Musa jackeyi,https://apps.lucidcentral.org/rainforest/text/entities/musa_jackeyi.htm
Musaceae,https://apps.lucidcentral.org/rainforest/text/entities/musaceae.htm
Musgravea heterophylla,https://apps.lucidcentral.org/rainforest/text/entities/musgravea_heterophylla.htm
Musgravea stenostachya,https://apps.lucidcentral.org/rainforest/text/entities/musgravea_stenostachya.htm
Myodocarpaceae,https://apps.lucidcentral.org/rainforest/text/entities/myodocarpaceae.htm
Myoporum montanum,https://apps.lucidcentral.org/rainforest/text/entities/myoporum_montanum.htm
Myristica globosa subsp. muelleri,https://apps.lucidcentral.org/rainforest/text/entities/myristica_globosa_subsp._muelleri.htm
Myristica insipida,https://apps.lucidcentral.org/rainforest/text/entities/myristica_insipida.htm
Myristica lancifolia subsp. australiana,https://apps.lucidcentral.org/rainforest/text/entities/myristica_lancifolia_subsp._australiana.htm
Myristicaceae,https://apps.lucidcentral.org/rainforest/text/entities/myristicaceae.htm
Myrsine achradifolia,https://apps.lucidcentral.org/rainforest/text/entities/myrsine_achradifolia.htm
Myrsine benthamiana,https://apps.lucidcentral.org/rainforest/text/entities/myrsine_benthamiana.htm
Myrsine crassifolia,https://apps.lucidcentral.org/rainforest/text/entities/myrsine_crassifolia.htm
Myrsine ireneae subsp. ireneae,https://apps.lucidcentral.org/rainforest/text/entities/myrsine_ireneae_subsp._ireneae.htm
Myrsine kimberleyensis,https://apps.lucidcentral.org/rainforest/text/entities/myrsine_kimberleyensis.htm
Myrsine maculata,https://apps.lucidcentral.org/rainforest/text/entities/myrsine_maculata.htm
Myrsine oreophila,https://apps.lucidcentral.org/rainforest/text/entities/myrsine_oreophila.htm
Myrsine porosa,https://apps.lucidcentral.org/rainforest/text/entities/myrsine_porosa.htm
Myrsine rubiginosa,https://apps.lucidcentral.org/rainforest/text/entities/myrsine_rubiginosa.htm
Myrsine serpenticola,https://apps.lucidcentral.org/rainforest/text/entities/myrsine_serpenticola.htm
Myrsine smithii,https://apps.lucidcentral.org/rainforest/text/entities/myrsine_smithii.htm
Myrsine subsessilis subsp. cryptostemon,https://apps.lucidcentral.org/rainforest/text/entities/myrsine_subsessilis_subsp._cryptostemon.htm
Myrsine urceolata,https://apps.lucidcentral.org/rainforest/text/entities/myrsine_urceolata.htm
Myrsine variabilis,https://apps.lucidcentral.org/rainforest/text/entities/myrsine_variabilis.htm
Myrtaceae,https://apps.lucidcentral.org/rainforest/text/entities/myrtaceae.htm
NA,https://apps.lucidcentral.org/rainforest/text/entities/NA.htm
NA,https://apps.lucidcentral.org/rainforest/text/entities/NA.htm
NA,https://apps.lucidcentral.org/rainforest/text/entities/NA.htm
N,https://apps.lucidcentral.org/rainforest/text/entities/n.htm
Nauclea orientalis,https://apps.lucidcentral.org/rainforest/text/entities/nauclea_orientalis.htm
Neisosperma kilneri,https://apps.lucidcentral.org/rainforest/text/entities/neisosperma_kilneri.htm
Neisosperma poweri,https://apps.lucidcentral.org/rainforest/text/entities/neisosperma_poweri.htm
Neoalsomitra capricornica,https://apps.lucidcentral.org/rainforest/text/entities/neoalsomitra_capricornica.htm
Neoalsomitra clavigera,https://apps.lucidcentral.org/rainforest/text/entities/neoalsomitra_clavigera.htm
Neofabricia myrtifolia,https://apps.lucidcentral.org/rainforest/text/entities/neofabricia_myrtifolia.htm
Neolamarckia cadamba,https://apps.lucidcentral.org/rainforest/text/entities/neolamarckia_cadamba.htm
Neolitsea brassii,https://apps.lucidcentral.org/rainforest/text/entities/neolitsea_brassii.htm
Neolitsea dealbata,https://apps.lucidcentral.org/rainforest/text/entities/neolitsea_dealbata.htm
Neololeba atra,https://apps.lucidcentral.org/rainforest/text/entities/neololeba_atra.htm
Neonauclea glabra,https://apps.lucidcentral.org/rainforest/text/entities/neonauclea_glabra.htm
Neonotonia wightii,https://apps.lucidcentral.org/rainforest/text/entities/neonotonia_wightii.htm
Neorites kevedianus,https://apps.lucidcentral.org/rainforest/text/entities/neorites_kevedianus.htm
Neoroepera banksii,https://apps.lucidcentral.org/rainforest/text/entities/neoroepera_banksii.htm
Neoroepera buxifolia,https://apps.lucidcentral.org/rainforest/text/entities/neoroepera_buxifolia.htm
Neosepicaea jucunda,https://apps.lucidcentral.org/rainforest/text/entities/neosepicaea_jucunda.htm
Neosepicaea viticoides,https://apps.lucidcentral.org/rainforest/text/entities/neosepicaea_viticoides.htm
Neostrearia fleckeri,https://apps.lucidcentral.org/rainforest/text/entities/neostrearia_fleckeri.htm
Nepenthaceae,https://apps.lucidcentral.org/rainforest/text/entities/nepenthaceae.htm
Nepenthes mirabilis,https://apps.lucidcentral.org/rainforest/text/entities/nepenthes_mirabilis.htm
Nicandra physalodes,https://apps.lucidcentral.org/rainforest/text/entities/nicandra_physalodes.htm
Nicotiana forsteri,https://apps.lucidcentral.org/rainforest/text/entities/nicotiana_forsteri.htm
Nicotiana tabacum,https://apps.lucidcentral.org/rainforest/text/entities/nicotiana_tabacum.htm
Nicotiana wuttkei,https://apps.lucidcentral.org/rainforest/text/entities/nicotiana_wuttkei.htm
Niemeyera discolor,https://apps.lucidcentral.org/rainforest/text/entities/niemeyera_discolor.htm
Niemeyera prunifera,https://apps.lucidcentral.org/rainforest/text/entities/niemeyera_prunifera.htm
Noahdendron nicholasii,https://apps.lucidcentral.org/rainforest/text/entities/noahdendron_nicholasii.htm
Normanbya normanbyi,https://apps.lucidcentral.org/rainforest/text/entities/normanbya_normanbyi.htm
Notelaea microcarpa,https://apps.lucidcentral.org/rainforest/text/entities/notelaea_microcarpa.htm
Notelaea sp. Elcho Island (C.R.Dunlop 7597),https://apps.lucidcentral.org/rainforest/text/entities/notelaea_sp__elcho_island_c_r.dunlop_7597.htm
Nothocnide repanda,https://apps.lucidcentral.org/rainforest/text/entities/nothocnide_repanda.htm
Nothorites megacarpus,https://apps.lucidcentral.org/rainforest/text/entities/nothorites_megacarpus.htm
Notothixos cornifolius,https://apps.lucidcentral.org/rainforest/text/entities/notothixos_cornifolius.htm
Notothixos leiophyllus,https://apps.lucidcentral.org/rainforest/text/entities/notothixos_leiophyllus.htm
Notothixos subaureus,https://apps.lucidcentral.org/rainforest/text/entities/notothixos_subaureus.htm
Nyctaginaceae,https://apps.lucidcentral.org/rainforest/text/entities/nyctaginaceae.htm
NA,https://apps.lucidcentral.org/rainforest/text/entities/NA.htm
NA,https://apps.lucidcentral.org/rainforest/text/entities/NA.htm
NA,https://apps.lucidcentral.org/rainforest/text/entities/NA.htm
O,https://apps.lucidcentral.org/rainforest/text/entities/o.htm
Ochna serrulata,https://apps.lucidcentral.org/rainforest/text/entities/ochna_serrulata.htm
Ochnaceae,https://apps.lucidcentral.org/rainforest/text/entities/ochnaceae.htm
Ochrosia elliptica,https://apps.lucidcentral.org/rainforest/text/entities/ochrosia_elliptica.htm
Ochrosia minima,https://apps.lucidcentral.org/rainforest/text/entities/ochrosia_minima.htm
Odontonema tubaeforme,https://apps.lucidcentral.org/rainforest/text/entities/odontonema_tubaeforme.htm
Olacaceae,https://apps.lucidcentral.org/rainforest/text/entities/olacaceae.htm
Olax imbricata,https://apps.lucidcentral.org/rainforest/text/entities/olax_imbricata.htm
Olax pendula,https://apps.lucidcentral.org/rainforest/text/entities/olax_pendula.htm
Oldenlandia biflora,https://apps.lucidcentral.org/rainforest/text/entities/oldenlandia_biflora.htm
Oldenlandia galioides,https://apps.lucidcentral.org/rainforest/text/entities/oldenlandia_galioides.htm
Oldenlandia polyclada,https://apps.lucidcentral.org/rainforest/text/entities/oldenlandia_polyclada.htm
Olea paniculata,https://apps.lucidcentral.org/rainforest/text/entities/olea_paniculata.htm
Oleaceae,https://apps.lucidcentral.org/rainforest/text/entities/oleaceae.htm
Olearia canescens,https://apps.lucidcentral.org/rainforest/text/entities/olearia_canescens.htm
Omphalea celata,https://apps.lucidcentral.org/rainforest/text/entities/omphalea_celata.htm
Omphalea papuana,https://apps.lucidcentral.org/rainforest/text/entities/omphalea_papuana.htm
Omphalea queenslandiae,https://apps.lucidcentral.org/rainforest/text/entities/omphalea_queenslandiae.htm
Onagraceae,https://apps.lucidcentral.org/rainforest/text/entities/onagraceae.htm
Operculina riedeliana,https://apps.lucidcentral.org/rainforest/text/entities/operculina_riedeliana.htm
Ophiorrhiza australiana subsp. australiana,https://apps.lucidcentral.org/rainforest/text/entities/ophiorrhiza_australiana_subsp._australiana.htm
Ophiorrhiza australiana subsp. heterostyla,https://apps.lucidcentral.org/rainforest/text/entities/ophiorrhiza_australiana_subsp._heterostyla.htm
Opilia amentacea,https://apps.lucidcentral.org/rainforest/text/entities/opilia_amentacea.htm
Opiliaceae,https://apps.lucidcentral.org/rainforest/text/entities/opiliaceae.htm
Opisthiolepis heterophylla,https://apps.lucidcentral.org/rainforest/text/entities/opisthiolepis_heterophylla.htm
Oplismenus burmanni,https://apps.lucidcentral.org/rainforest/text/entities/oplismenus_burmanni.htm
Oplismenus compositus,https://apps.lucidcentral.org/rainforest/text/entities/oplismenus_compositus.htm
Oplismenus hirtellus,https://apps.lucidcentral.org/rainforest/text/entities/oplismenus_hirtellus.htm
Oplismenus mollis,https://apps.lucidcentral.org/rainforest/text/entities/oplismenus_mollis.htm
Opuntia stricta,https://apps.lucidcentral.org/rainforest/text/entities/opuntia_stricta.htm
Opuntia tomentosa,https://apps.lucidcentral.org/rainforest/text/entities/opuntia_tomentosa.htm
Oraniopsis appendiculata,https://apps.lucidcentral.org/rainforest/text/entities/oraniopsis_appendiculata.htm
Orchidaceae,https://apps.lucidcentral.org/rainforest/text/entities/orchidaceae.htm
Orites excelsus,https://apps.lucidcentral.org/rainforest/text/entities/orites_excelsus.htm
Ormosia ormondii,https://apps.lucidcentral.org/rainforest/text/entities/ormosia_ormondii.htm
Orthosiphon aristatus,https://apps.lucidcentral.org/rainforest/text/entities/orthosiphon_aristatus.htm
Osbeckia australiana,https://apps.lucidcentral.org/rainforest/text/entities/osbeckia_australiana.htm
Ostrearia australiana,https://apps.lucidcentral.org/rainforest/text/entities/ostrearia_australiana.htm
Ottochloa nodosa,https://apps.lucidcentral.org/rainforest/text/entities/ottochloa_nodosa.htm
Owenia venosa,https://apps.lucidcentral.org/rainforest/text/entities/owenia_venosa.htm
Oxalidaceae,https://apps.lucidcentral.org/rainforest/text/entities/oxalidaceae.htm
Oxalis chnoodes,https://apps.lucidcentral.org/rainforest/text/entities/oxalis_chnoodes.htm
Oxalis corniculata,https://apps.lucidcentral.org/rainforest/text/entities/oxalis_corniculata.htm
Oxera splendida,https://apps.lucidcentral.org/rainforest/text/entities/oxera_splendida.htm
Ozothamnus cassinioides,https://apps.lucidcentral.org/rainforest/text/entities/ozothamnus_cassinioides.htm
Ozothamnus diosmifolius,https://apps.lucidcentral.org/rainforest/text/entities/ozothamnus_diosmifolius.htm
NA,https://apps.lucidcentral.org/rainforest/text/entities/NA.htm
NA,https://apps.lucidcentral.org/rainforest/text/entities/NA.htm
NA,https://apps.lucidcentral.org/rainforest/text/entities/NA.htm
P,https://apps.lucidcentral.org/rainforest/text/entities/p.htm
Pachygone ovata,https://apps.lucidcentral.org/rainforest/text/entities/pachygone_ovata.htm
Pachyrhizus erosus,https://apps.lucidcentral.org/rainforest/text/entities/pachyrhizus_erosus.htm
Palaquium galactoxylon,https://apps.lucidcentral.org/rainforest/text/entities/palaquium_galactoxylon.htm
Palmeria coriacea,https://apps.lucidcentral.org/rainforest/text/entities/palmeria_coriacea.htm
Palmeria hypotephra,https://apps.lucidcentral.org/rainforest/text/entities/palmeria_hypotephra.htm
Palmeria scandens,https://apps.lucidcentral.org/rainforest/text/entities/palmeria_scandens.htm
Pandanaceae,https://apps.lucidcentral.org/rainforest/text/entities/pandanaceae.htm
Pandanus conicus,https://apps.lucidcentral.org/rainforest/text/entities/pandanus_conicus.htm
Pandanus cookii,https://apps.lucidcentral.org/rainforest/text/entities/pandanus_cookii.htm
Pandanus dammannii,https://apps.lucidcentral.org/rainforest/text/entities/pandanus_dammannii.htm
Pandanus gemmifer,https://apps.lucidcentral.org/rainforest/text/entities/pandanus_gemmifer.htm
Pandanus oblatus,https://apps.lucidcentral.org/rainforest/text/entities/pandanus_oblatus.htm
Pandanus solmslaubachii,https://apps.lucidcentral.org/rainforest/text/entities/pandanus_solmslaubachii.htm
Pandanus sp. Russell River,https://apps.lucidcentral.org/rainforest/text/entities/pandanus_sp__russell_river.htm
Pandanus tectorius,https://apps.lucidcentral.org/rainforest/text/entities/pandanus_tectorius.htm
Pandanus zea,https://apps.lucidcentral.org/rainforest/text/entities/pandanus_zea.htm
Pandorea jasminoides,https://apps.lucidcentral.org/rainforest/text/entities/pandorea_jasminoides.htm
Pandorea nervosa,https://apps.lucidcentral.org/rainforest/text/entities/pandorea_nervosa.htm
Pandorea pandorana,https://apps.lucidcentral.org/rainforest/text/entities/pandorea_pandorana.htm
Panicum chillagoanum,https://apps.lucidcentral.org/rainforest/text/entities/panicum_chillagoanum.htm
Panicum incomtum,https://apps.lucidcentral.org/rainforest/text/entities/panicum_incomtum.htm
Panicum mindanaense,https://apps.lucidcentral.org/rainforest/text/entities/panicum_mindanaense.htm
Panicum trichoides,https://apps.lucidcentral.org/rainforest/text/entities/panicum_trichoides.htm
Paphia meiniana,https://apps.lucidcentral.org/rainforest/text/entities/paphia_meiniana.htm
Paracryphiaceae,https://apps.lucidcentral.org/rainforest/text/entities/paracryphiaceae.htm
Parapachygone longifolia,https://apps.lucidcentral.org/rainforest/text/entities/parapachygone_longifolia.htm
Pararchidendron pruinosum,https://apps.lucidcentral.org/rainforest/text/entities/pararchidendron_pruinosum.htm
Parinari nonda,https://apps.lucidcentral.org/rainforest/text/entities/parinari_nonda.htm
Parkinsonia aculeata,https://apps.lucidcentral.org/rainforest/text/entities/parkinsonia_aculeata.htm
Parmentiera aculeata,https://apps.lucidcentral.org/rainforest/text/entities/parmentiera_aculeata.htm
Parsonsia alboflavescens,https://apps.lucidcentral.org/rainforest/text/entities/parsonsia_alboflavescens.htm
Parsonsia bartlensis,https://apps.lucidcentral.org/rainforest/text/entities/parsonsia_bartlensis.htm
Parsonsia blakeana,https://apps.lucidcentral.org/rainforest/text/entities/parsonsia_blakeana.htm
Parsonsia densivestita,https://apps.lucidcentral.org/rainforest/text/entities/parsonsia_densivestita.htm
Parsonsia eucalyptophylla,https://apps.lucidcentral.org/rainforest/text/entities/parsonsia_eucalyptophylla.htm
Parsonsia ferruginea,https://apps.lucidcentral.org/rainforest/text/entities/parsonsia_ferruginea.htm
Parsonsia grayana,https://apps.lucidcentral.org/rainforest/text/entities/parsonsia_grayana.htm
Parsonsia lanceolata,https://apps.lucidcentral.org/rainforest/text/entities/parsonsia_lanceolata.htm
Parsonsia langiana,https://apps.lucidcentral.org/rainforest/text/entities/parsonsia_langiana.htm
Parsonsia larcomensis,https://apps.lucidcentral.org/rainforest/text/entities/parsonsia_larcomensis.htm
Parsonsia latifolia,https://apps.lucidcentral.org/rainforest/text/entities/parsonsia_latifolia.htm
Parsonsia lenticellata,https://apps.lucidcentral.org/rainforest/text/entities/parsonsia_lenticellata.htm
Parsonsia longipetiolata,https://apps.lucidcentral.org/rainforest/text/entities/parsonsia_longipetiolata.htm
Parsonsia plaesiophylla,https://apps.lucidcentral.org/rainforest/text/entities/parsonsia_plaesiophylla.htm
Parsonsia rotata,https://apps.lucidcentral.org/rainforest/text/entities/parsonsia_rotata.htm
Parsonsia straminea,https://apps.lucidcentral.org/rainforest/text/entities/parsonsia_straminea.htm
Parsonsia velutina,https://apps.lucidcentral.org/rainforest/text/entities/parsonsia_velutina.htm
Parsonsia ventricosa,https://apps.lucidcentral.org/rainforest/text/entities/parsonsia_ventricosa.htm
Parsonsia wildensis,https://apps.lucidcentral.org/rainforest/text/entities/parsonsia_wildensis.htm
Parsonsia wongabelensis,https://apps.lucidcentral.org/rainforest/text/entities/parsonsia_wongabelensis.htm
Paspalum conjugatum,https://apps.lucidcentral.org/rainforest/text/entities/paspalum_conjugatum.htm
Paspalum dilatatum,https://apps.lucidcentral.org/rainforest/text/entities/paspalum_dilatatum.htm
Paspalum paniculatum,https://apps.lucidcentral.org/rainforest/text/entities/paspalum_paniculatum.htm
Paspalum scrobiculatum,https://apps.lucidcentral.org/rainforest/text/entities/paspalum_scrobiculatum.htm
Passiflora aurantia var. aurantia,https://apps.lucidcentral.org/rainforest/text/entities/passiflora_aurantia_var._aurantia.htm
Passiflora aurantioides,https://apps.lucidcentral.org/rainforest/text/entities/passiflora_aurantioides.htm
Passiflora edulis,https://apps.lucidcentral.org/rainforest/text/entities/passiflora_edulis.htm
Passiflora foetida,https://apps.lucidcentral.org/rainforest/text/entities/passiflora_foetida.htm
Passiflora herbertiana,https://apps.lucidcentral.org/rainforest/text/entities/passiflora_herbertiana.htm
Passiflora kuranda,https://apps.lucidcentral.org/rainforest/text/entities/passiflora_kuranda.htm
Passiflora suberosa,https://apps.lucidcentral.org/rainforest/text/entities/passiflora_suberosa.htm
Passiflora subpeltata,https://apps.lucidcentral.org/rainforest/text/entities/passiflora_subpeltata.htm
Passifloraceae,https://apps.lucidcentral.org/rainforest/text/entities/passifloraceae.htm
Pavetta australiensis,https://apps.lucidcentral.org/rainforest/text/entities/pavetta_australiensis.htm
Pavetta brownii var. brownii,https://apps.lucidcentral.org/rainforest/text/entities/pavetta_brownii_var._brownii.htm
Pavetta granitica,https://apps.lucidcentral.org/rainforest/text/entities/pavetta_granitica.htm
Pavetta kimberleyana,https://apps.lucidcentral.org/rainforest/text/entities/pavetta_kimberleyana.htm
Pavetta muelleri,https://apps.lucidcentral.org/rainforest/text/entities/pavetta_muelleri.htm
Pavonia calycina,https://apps.lucidcentral.org/rainforest/text/entities/pavonia_calycina.htm
Pedaliaceae,https://apps.lucidcentral.org/rainforest/text/entities/pedaliaceae.htm
Peltophorum pterocarpum,https://apps.lucidcentral.org/rainforest/text/entities/peltophorum_pterocarpum.htm
Pemphis acidula,https://apps.lucidcentral.org/rainforest/text/entities/pemphis_acidula.htm
Pendressia wardellii,https://apps.lucidcentral.org/rainforest/text/entities/pendressia_wardellii.htm
Pennantia cunninghamii,https://apps.lucidcentral.org/rainforest/text/entities/pennantia_cunninghamii.htm
Pennantiaceae,https://apps.lucidcentral.org/rainforest/text/entities/pennantiaceae.htm
Pentaphylacaceae,https://apps.lucidcentral.org/rainforest/text/entities/pentaphylacaceae.htm
Peperomia bellendenkerensis,https://apps.lucidcentral.org/rainforest/text/entities/peperomia_bellendenkerensis.htm
Peperomia blanda var. floribunda,https://apps.lucidcentral.org/rainforest/text/entities/peperomia_blanda_var._floribunda.htm
Peperomia enervis,https://apps.lucidcentral.org/rainforest/text/entities/peperomia_enervis.htm
Peperomia hunteriana,https://apps.lucidcentral.org/rainforest/text/entities/peperomia_hunteriana.htm
Peperomia pellucida,https://apps.lucidcentral.org/rainforest/text/entities/peperomia_pellucida.htm
Peperomia tetraphylla,https://apps.lucidcentral.org/rainforest/text/entities/peperomia_tetraphylla.htm
Peripentadenia mearsii,https://apps.lucidcentral.org/rainforest/text/entities/peripentadenia_mearsii.htm
Peripentadenia phelpsii,https://apps.lucidcentral.org/rainforest/text/entities/peripentadenia_phelpsii.htm
Peristrophe brassii,https://apps.lucidcentral.org/rainforest/text/entities/peristrophe_brassii.htm
Perotis rara,https://apps.lucidcentral.org/rainforest/text/entities/perotis_rara.htm
Perrottetia arborescens,https://apps.lucidcentral.org/rainforest/text/entities/perrottetia_arborescens.htm
Persea americana,https://apps.lucidcentral.org/rainforest/text/entities/persea_americana.htm
Persicaria hydropiper,https://apps.lucidcentral.org/rainforest/text/entities/persicaria_hydropiper.htm
Persicaria orientalis,https://apps.lucidcentral.org/rainforest/text/entities/persicaria_orientalis.htm
Persoonia amaliae,https://apps.lucidcentral.org/rainforest/text/entities/persoonia_amaliae.htm
Petalostigma banksii,https://apps.lucidcentral.org/rainforest/text/entities/petalostigma_banksii.htm
Petraeovitex multiflora,https://apps.lucidcentral.org/rainforest/text/entities/petraeovitex_multiflora.htm
Phacellothrix cladochaeta,https://apps.lucidcentral.org/rainforest/text/entities/phacellothrix_cladochaeta.htm
Phaius australis,https://apps.lucidcentral.org/rainforest/text/entities/phaius_australis.htm
Phaleria biflora,https://apps.lucidcentral.org/rainforest/text/entities/phaleria_biflora.htm
Phaleria chermsideana,https://apps.lucidcentral.org/rainforest/text/entities/phaleria_chermsideana.htm
Phaleria clerodendron,https://apps.lucidcentral.org/rainforest/text/entities/phaleria_clerodendron.htm
Phaleria octandra,https://apps.lucidcentral.org/rainforest/text/entities/phaleria_octandra.htm
Phebalium longifolium,https://apps.lucidcentral.org/rainforest/text/entities/phebalium_longifolium.htm
Philydraceae,https://apps.lucidcentral.org/rainforest/text/entities/philydraceae.htm
Philydrum lanuginosum,https://apps.lucidcentral.org/rainforest/text/entities/philydrum_lanuginosum.htm
Phragmites karka,https://apps.lucidcentral.org/rainforest/text/entities/phragmites_karka.htm
Phylacium bracteosum,https://apps.lucidcentral.org/rainforest/text/entities/phylacium_bracteosum.htm
Phyllanthaceae,https://apps.lucidcentral.org/rainforest/text/entities/phyllanthaceae.htm
Phyllanthera grayi,https://apps.lucidcentral.org/rainforest/text/entities/phyllanthera_grayi.htm
Phyllanthus brassii,https://apps.lucidcentral.org/rainforest/text/entities/phyllanthus_brassii.htm
Phyllanthus clamboides,https://apps.lucidcentral.org/rainforest/text/entities/phyllanthus_clamboides.htm
Phyllanthus cuscutiflorus,https://apps.lucidcentral.org/rainforest/text/entities/phyllanthus_cuscutiflorus.htm
Phyllanthus gunnii,https://apps.lucidcentral.org/rainforest/text/entities/phyllanthus_gunnii.htm
Phyllanthus hypospodius,https://apps.lucidcentral.org/rainforest/text/entities/phyllanthus_hypospodius.htm
Phyllanthus lamprophyllus,https://apps.lucidcentral.org/rainforest/text/entities/phyllanthus_lamprophyllus.htm
Phyllanthus microcladus,https://apps.lucidcentral.org/rainforest/text/entities/phyllanthus_microcladus.htm
Phyllanthus novae-hollandiae,https://apps.lucidcentral.org/rainforest/text/entities/phyllanthus_novae-hollandiae.htm
Phyllanthus praelongipes,https://apps.lucidcentral.org/rainforest/text/entities/phyllanthus_praelongipes.htm
Phyllanthus subcrenulatus,https://apps.lucidcentral.org/rainforest/text/entities/phyllanthus_subcrenulatus.htm
Phyllanthus tenellus,https://apps.lucidcentral.org/rainforest/text/entities/phyllanthus_tenellus.htm
Physalis angulata,https://apps.lucidcentral.org/rainforest/text/entities/physalis_angulata.htm
Physalis peruviana,https://apps.lucidcentral.org/rainforest/text/entities/physalis_peruviana.htm
Phytolacca octandra,https://apps.lucidcentral.org/rainforest/text/entities/phytolacca_octandra.htm
Phytolaccaceae,https://apps.lucidcentral.org/rainforest/text/entities/phytolaccaceae.htm
Picrodendraceae,https://apps.lucidcentral.org/rainforest/text/entities/picrodendraceae.htm
Pilidiostigma papuanum,https://apps.lucidcentral.org/rainforest/text/entities/pilidiostigma_papuanum.htm
Pilidiostigma tetramerum,https://apps.lucidcentral.org/rainforest/text/entities/pilidiostigma_tetramerum.htm
Pilidiostigma tropicum,https://apps.lucidcentral.org/rainforest/text/entities/pilidiostigma_tropicum.htm
Pimelea aquilonia,https://apps.lucidcentral.org/rainforest/text/entities/pimelea_aquilonia.htm
Pimelea chlorina,https://apps.lucidcentral.org/rainforest/text/entities/pimelea_chlorina.htm
Pimelea latifolia subsp. altior,https://apps.lucidcentral.org/rainforest/text/entities/pimelea_latifolia_subsp._altior.htm
Pimelea latifolia subsp. latifolia,https://apps.lucidcentral.org/rainforest/text/entities/pimelea_latifolia_subsp._latifolia.htm
Pimelea linifolia,https://apps.lucidcentral.org/rainforest/text/entities/pimelea_linifolia.htm
Pimelea sericostachya,https://apps.lucidcentral.org/rainforest/text/entities/pimelea_sericostachya.htm
Pimelodendron amboinicum,https://apps.lucidcentral.org/rainforest/text/entities/pimelodendron_amboinicum.htm
Piper caninum,https://apps.lucidcentral.org/rainforest/text/entities/piper_caninum.htm
Piper fungiforme,https://apps.lucidcentral.org/rainforest/text/entities/piper_fungiforme.htm
Piper hederaceum var. hederaceum,https://apps.lucidcentral.org/rainforest/text/entities/piper_hederaceum_var._hederaceum.htm
Piper hederaceum var. longiorispicum,https://apps.lucidcentral.org/rainforest/text/entities/piper_hederaceum_var._longiorispicum.htm
Piper interruptum,https://apps.lucidcentral.org/rainforest/text/entities/piper_interruptum.htm
Piper macropiper,https://apps.lucidcentral.org/rainforest/text/entities/piper_macropiper.htm
Piper mestonii,https://apps.lucidcentral.org/rainforest/text/entities/piper_mestonii.htm
Piper umbellatum,https://apps.lucidcentral.org/rainforest/text/entities/piper_umbellatum.htm
Piperaceae,https://apps.lucidcentral.org/rainforest/text/entities/piperaceae.htm
Pipturus argenteus,https://apps.lucidcentral.org/rainforest/text/entities/pipturus_argenteus.htm
Pisonia aculeata,https://apps.lucidcentral.org/rainforest/text/entities/pisonia_aculeata.htm
Pisonia grandis,https://apps.lucidcentral.org/rainforest/text/entities/pisonia_grandis.htm
Pisonia umbellifera,https://apps.lucidcentral.org/rainforest/text/entities/pisonia_umbellifera.htm
Pitaviaster haplophyllus,https://apps.lucidcentral.org/rainforest/text/entities/pitaviaster_haplophyllus.htm
Pittosporaceae,https://apps.lucidcentral.org/rainforest/text/entities/pittosporaceae.htm
Pittosporum angustifolium,https://apps.lucidcentral.org/rainforest/text/entities/pittosporum_angustifolium.htm
Pittosporum ferrugineum,https://apps.lucidcentral.org/rainforest/text/entities/pittosporum_ferrugineum.htm
Pittosporum moluccanum,https://apps.lucidcentral.org/rainforest/text/entities/pittosporum_moluccanum.htm
Pittosporum revolutum,https://apps.lucidcentral.org/rainforest/text/entities/pittosporum_revolutum.htm
Pittosporum rubiginosum,https://apps.lucidcentral.org/rainforest/text/entities/pittosporum_rubiginosum.htm
Pittosporum spinescens,https://apps.lucidcentral.org/rainforest/text/entities/pittosporum_spinescens.htm
Pittosporum trilobum,https://apps.lucidcentral.org/rainforest/text/entities/pittosporum_trilobum.htm
Pittosporum venulosum,https://apps.lucidcentral.org/rainforest/text/entities/pittosporum_venulosum.htm
Pittosporum wingii,https://apps.lucidcentral.org/rainforest/text/entities/pittosporum_wingii.htm
Pityrodia salviifolia,https://apps.lucidcentral.org/rainforest/text/entities/pityrodia_salviifolia.htm
Placospermum coriaceum,https://apps.lucidcentral.org/rainforest/text/entities/placospermum_coriaceum.htm
Planchonella asterocarpon,https://apps.lucidcentral.org/rainforest/text/entities/planchonella_asterocarpon.htm
Planchonella chartacea,https://apps.lucidcentral.org/rainforest/text/entities/planchonella_chartacea.htm
Planchonella cotinifolia var. cotinifolia,https://apps.lucidcentral.org/rainforest/text/entities/planchonella_cotinifolia_var._cotinifolia.htm
Planchonella cotinifolia var. pubescens,https://apps.lucidcentral.org/rainforest/text/entities/planchonella_cotinifolia_var._pubescens.htm
Planchonella euphlebia,https://apps.lucidcentral.org/rainforest/text/entities/planchonella_euphlebia.htm
Planchonella myrsinifolia subsp. myrsinifolia,https://apps.lucidcentral.org/rainforest/text/entities/planchonella_myrsinifolia_subsp._myrsinifolia.htm
Planchonella myrsinodendron,https://apps.lucidcentral.org/rainforest/text/entities/planchonella_myrsinodendron.htm
Planchonella obovata,https://apps.lucidcentral.org/rainforest/text/entities/planchonella_obovata.htm
Planchonella pohlmaniana var. pohlmaniana,https://apps.lucidcentral.org/rainforest/text/entities/planchonella_pohlmaniana_var._pohlmaniana.htm
Planchonella xylocarpa,https://apps.lucidcentral.org/rainforest/text/entities/planchonella_xylocarpa.htm
Planchonia careya,https://apps.lucidcentral.org/rainforest/text/entities/planchonia_careya.htm
Planchonia rupestris,https://apps.lucidcentral.org/rainforest/text/entities/planchonia_rupestris.htm
Plantaginaceae,https://apps.lucidcentral.org/rainforest/text/entities/plantaginaceae.htm
Plantago lanceolata,https://apps.lucidcentral.org/rainforest/text/entities/plantago_lanceolata.htm
Plantago major,https://apps.lucidcentral.org/rainforest/text/entities/plantago_major.htm
Platostoma longicorne,https://apps.lucidcentral.org/rainforest/text/entities/platostoma_longicorne.htm
Pleiogynium timoriense,https://apps.lucidcentral.org/rainforest/text/entities/pleiogynium_timoriense.htm
Pleioluma brownlessiana,https://apps.lucidcentral.org/rainforest/text/entities/pleioluma_brownlessiana.htm
Pleioluma ferruginea,https://apps.lucidcentral.org/rainforest/text/entities/pleioluma_ferruginea.htm
Pleioluma laurifolia,https://apps.lucidcentral.org/rainforest/text/entities/pleioluma_laurifolia.htm
Pleioluma macrocarpa,https://apps.lucidcentral.org/rainforest/text/entities/pleioluma_macrocarpa.htm
Pleioluma papyracea,https://apps.lucidcentral.org/rainforest/text/entities/pleioluma_papyracea.htm
Pleioluma pilosa,https://apps.lucidcentral.org/rainforest/text/entities/pleioluma_pilosa.htm
Pleioluma queenslandica,https://apps.lucidcentral.org/rainforest/text/entities/pleioluma_queenslandica.htm
Pleioluma singuliflora,https://apps.lucidcentral.org/rainforest/text/entities/pleioluma_singuliflora.htm
Pleioluma xerocarpa,https://apps.lucidcentral.org/rainforest/text/entities/pleioluma_xerocarpa.htm
Pleogyne australis,https://apps.lucidcentral.org/rainforest/text/entities/pleogyne_australis.htm
Pleomele angustifolia,https://apps.lucidcentral.org/rainforest/text/entities/pleomele_angustifolia.htm
Pleuranthodium racemigerum,https://apps.lucidcentral.org/rainforest/text/entities/pleuranthodium_racemigerum.htm
Pleurostylia opposita,https://apps.lucidcentral.org/rainforest/text/entities/pleurostylia_opposita.htm
Plumbaginaceae,https://apps.lucidcentral.org/rainforest/text/entities/plumbaginaceae.htm
Plumbago zeylanica,https://apps.lucidcentral.org/rainforest/text/entities/plumbago_zeylanica.htm
Poaceae,https://apps.lucidcentral.org/rainforest/text/entities/poaceae.htm
Podocarpaceae,https://apps.lucidcentral.org/rainforest/text/entities/podocarpaceae.htm
Podocarpus dispermus,https://apps.lucidcentral.org/rainforest/text/entities/podocarpus_dispermus.htm
Podocarpus elatus,https://apps.lucidcentral.org/rainforest/text/entities/podocarpus_elatus.htm
Podocarpus grayae,https://apps.lucidcentral.org/rainforest/text/entities/podocarpus_grayae.htm
Podocarpus smithii,https://apps.lucidcentral.org/rainforest/text/entities/podocarpus_smithii.htm
Pogonatherum crinitum,https://apps.lucidcentral.org/rainforest/text/entities/pogonatherum_crinitum.htm
Pollia crispata,https://apps.lucidcentral.org/rainforest/text/entities/pollia_crispata.htm
Pollia macrophylla,https://apps.lucidcentral.org/rainforest/text/entities/pollia_macrophylla.htm
Polyalthia fruticosa,https://apps.lucidcentral.org/rainforest/text/entities/polyalthia_fruticosa.htm
Polyalthia hispida,https://apps.lucidcentral.org/rainforest/text/entities/polyalthia_hispida.htm
Polyalthia johnsonii,https://apps.lucidcentral.org/rainforest/text/entities/polyalthia_johnsonii.htm
Polyalthia submontana subsp. sessiliflora,https://apps.lucidcentral.org/rainforest/text/entities/polyalthia_submontana_subsp._sessiliflora.htm
Polyalthia submontana subsp. submontana,https://apps.lucidcentral.org/rainforest/text/entities/polyalthia_submontana_subsp._submontana.htm
Polyalthia xanthocarpa,https://apps.lucidcentral.org/rainforest/text/entities/polyalthia_xanthocarpa.htm
Polygala paniculata,https://apps.lucidcentral.org/rainforest/text/entities/polygala_paniculata.htm
Polygalaceae,https://apps.lucidcentral.org/rainforest/text/entities/polygalaceae.htm
Polygonaceae,https://apps.lucidcentral.org/rainforest/text/entities/polygonaceae.htm
Polyosma alangiacea,https://apps.lucidcentral.org/rainforest/text/entities/polyosma_alangiacea.htm
Polyosma hirsuta,https://apps.lucidcentral.org/rainforest/text/entities/polyosma_hirsuta.htm
Polyosma reducta,https://apps.lucidcentral.org/rainforest/text/entities/polyosma_reducta.htm
Polyosma rhytophloia,https://apps.lucidcentral.org/rainforest/text/entities/polyosma_rhytophloia.htm
Polyosma rigidiuscula,https://apps.lucidcentral.org/rainforest/text/entities/polyosma_rigidiuscula.htm
Polyosma sp. Mt Bellenden Ker (B.Hyland 2524RFK),https://apps.lucidcentral.org/rainforest/text/entities/polyosma_sp__mt_bellenden_ker_b_hyland_2524rfk.htm
Polyosma sp. Mt Lewis (B.Hyland 25241RFK),https://apps.lucidcentral.org/rainforest/text/entities/polyosma_sp__mt_lewis_b_hyland_25241rfk.htm
Polyscias australiana,https://apps.lucidcentral.org/rainforest/text/entities/polyscias_australiana.htm
Polyscias bellendenkerensis,https://apps.lucidcentral.org/rainforest/text/entities/polyscias_bellendenkerensis.htm
Polyscias elegans,https://apps.lucidcentral.org/rainforest/text/entities/polyscias_elegans.htm
Polyscias macgillivrayi,https://apps.lucidcentral.org/rainforest/text/entities/polyscias_macgillivrayi.htm
Polyscias mollis,https://apps.lucidcentral.org/rainforest/text/entities/polyscias_mollis.htm
Polyscias murrayi,https://apps.lucidcentral.org/rainforest/text/entities/polyscias_murrayi.htm
Polyscias nodosa,https://apps.lucidcentral.org/rainforest/text/entities/polyscias_nodosa.htm
Polyscias purpurea,https://apps.lucidcentral.org/rainforest/text/entities/polyscias_purpurea.htm
Polyscias spectabilis,https://apps.lucidcentral.org/rainforest/text/entities/polyscias_spectabilis.htm
Polyscias willmottii,https://apps.lucidcentral.org/rainforest/text/entities/polyscias_willmottii.htm
Polyscias zippeliana,https://apps.lucidcentral.org/rainforest/text/entities/polyscias_zippeliana.htm
Pomaderris argyrophylla,https://apps.lucidcentral.org/rainforest/text/entities/pomaderris_argyrophylla.htm
Pongamia pinnata var. minor,https://apps.lucidcentral.org/rainforest/text/entities/pongamia_pinnata_var._minor.htm
Pongamia pinnata var. pinnata,https://apps.lucidcentral.org/rainforest/text/entities/pongamia_pinnata_var._pinnata.htm
Poranthera microphylla,https://apps.lucidcentral.org/rainforest/text/entities/poranthera_microphylla.htm
Portulaca pilosa,https://apps.lucidcentral.org/rainforest/text/entities/portulaca_pilosa.htm
Portulacaceae,https://apps.lucidcentral.org/rainforest/text/entities/portulacaceae.htm
Pothos brassii,https://apps.lucidcentral.org/rainforest/text/entities/pothos_brassii.htm
Pothos longipes,https://apps.lucidcentral.org/rainforest/text/entities/pothos_longipes.htm
Pouzolzia zeylanica,https://apps.lucidcentral.org/rainforest/text/entities/pouzolzia_zeylanica.htm
Praxelis clematidea,https://apps.lucidcentral.org/rainforest/text/entities/praxelis_clematidea.htm
Premna acuminata,https://apps.lucidcentral.org/rainforest/text/entities/premna_acuminata.htm
Premna dallachyana,https://apps.lucidcentral.org/rainforest/text/entities/premna_dallachyana.htm
Premna hylandiana,https://apps.lucidcentral.org/rainforest/text/entities/premna_hylandiana.htm
Premna limbata,https://apps.lucidcentral.org/rainforest/text/entities/premna_limbata.htm
Premna odorata,https://apps.lucidcentral.org/rainforest/text/entities/premna_odorata.htm
Premna serratifolia,https://apps.lucidcentral.org/rainforest/text/entities/premna_serratifolia.htm
Primulaceae,https://apps.lucidcentral.org/rainforest/text/entities/primulaceae.htm
Procris pedunculata,https://apps.lucidcentral.org/rainforest/text/entities/procris_pedunculata.htm
Proiphys amboinensis,https://apps.lucidcentral.org/rainforest/text/entities/proiphys_amboinensis.htm
Proiphys infundibularis,https://apps.lucidcentral.org/rainforest/text/entities/proiphys_infundibularis.htm
Proteaceae,https://apps.lucidcentral.org/rainforest/text/entities/proteaceae.htm
Prumnopitys amara,https://apps.lucidcentral.org/rainforest/text/entities/prumnopitys_amara.htm
Prumnopitys ladei,https://apps.lucidcentral.org/rainforest/text/entities/prumnopitys_ladei.htm
Prunus brachystachya,https://apps.lucidcentral.org/rainforest/text/entities/prunus_brachystachya.htm
Prunus turneriana,https://apps.lucidcentral.org/rainforest/text/entities/prunus_turneriana.htm
Pseudelephantopus spicatus,https://apps.lucidcentral.org/rainforest/text/entities/pseudelephantopus_spicatus.htm
Pseuderanthemum variabile,https://apps.lucidcentral.org/rainforest/text/entities/pseuderanthemum_variabile.htm
Pseudovanilla foliata,https://apps.lucidcentral.org/rainforest/text/entities/pseudovanilla_foliata.htm
Pseudoweinmannia apetala,https://apps.lucidcentral.org/rainforest/text/entities/pseudoweinmannia_apetala.htm
Pseuduvaria froggattii,https://apps.lucidcentral.org/rainforest/text/entities/pseuduvaria_froggattii.htm
Pseuduvaria hylandii,https://apps.lucidcentral.org/rainforest/text/entities/pseuduvaria_hylandii.htm
Pseuduvaria mulgraveana var. glabrescens,https://apps.lucidcentral.org/rainforest/text/entities/pseuduvaria_mulgraveana_var._glabrescens.htm
Pseuduvaria mulgraveana var. mulgraveana,https://apps.lucidcentral.org/rainforest/text/entities/pseuduvaria_mulgraveana_var._mulgraveana.htm
Pseuduvaria villosa,https://apps.lucidcentral.org/rainforest/text/entities/pseuduvaria_villosa.htm
Psidium cattleyanum,https://apps.lucidcentral.org/rainforest/text/entities/psidium_cattleyanum.htm
Psidium guajava,https://apps.lucidcentral.org/rainforest/text/entities/psidium_guajava.htm
Psychotria coelosperma,https://apps.lucidcentral.org/rainforest/text/entities/psychotria_coelosperma.htm
Psychotria dallachiana,https://apps.lucidcentral.org/rainforest/text/entities/psychotria_dallachiana.htm
Psychotria daphnoides var. angustifolia,https://apps.lucidcentral.org/rainforest/text/entities/psychotria_daphnoides_var._angustifolia.htm
Psychotria fitzalanii,https://apps.lucidcentral.org/rainforest/text/entities/psychotria_fitzalanii.htm
Psychotria hebecarpa,https://apps.lucidcentral.org/rainforest/text/entities/psychotria_hebecarpa.htm
Psychotria loniceroides,https://apps.lucidcentral.org/rainforest/text/entities/psychotria_loniceroides.htm
Psychotria nesophila,https://apps.lucidcentral.org/rainforest/text/entities/psychotria_nesophila.htm
Psychotria poliostemma,https://apps.lucidcentral.org/rainforest/text/entities/psychotria_poliostemma.htm
Psychotria sp. Danbulla (S.T.Blake 15262),https://apps.lucidcentral.org/rainforest/text/entities/psychotria_sp__danbulla_s_t.blake_15262.htm
Psychotria sp. Mt Lewis (V.K.Moriarty 2445),https://apps.lucidcentral.org/rainforest/text/entities/psychotria_sp__mt_lewis_v_k.moriarty_2445.htm
Psychotria sp. Pinnacle Rock (B.Gray 6555),https://apps.lucidcentral.org/rainforest/text/entities/psychotria_sp__pinnacle_rock_b_gray_6555.htm
Psychotria sp. Shute Harbour (L.J.Webb 7916),https://apps.lucidcentral.org/rainforest/text/entities/psychotria_sp__shute_harbour_l_j.webb_7916.htm
Psychotria sp. Utchee Creek (H.Flecker NGNC5313),https://apps.lucidcentral.org/rainforest/text/entities/psychotria_sp__utchee_creek_h_flecker_ngnc5313.htm
Psychotria submontana,https://apps.lucidcentral.org/rainforest/text/entities/psychotria_submontana.htm
Psydrax attenuata,https://apps.lucidcentral.org/rainforest/text/entities/psydrax_attenuata.htm
Psydrax banksii,https://apps.lucidcentral.org/rainforest/text/entities/psydrax_banksii.htm
Psydrax graciliflora,https://apps.lucidcentral.org/rainforest/text/entities/psydrax_graciliflora.htm
Psydrax johnsonii,https://apps.lucidcentral.org/rainforest/text/entities/psydrax_johnsonii.htm
Psydrax lamprophylla f. latissima,https://apps.lucidcentral.org/rainforest/text/entities/psydrax_lamprophylla_f__latissima.htm
Psydrax laxiflorens,https://apps.lucidcentral.org/rainforest/text/entities/psydrax_laxiflorens.htm
Psydrax montigena,https://apps.lucidcentral.org/rainforest/text/entities/psydrax_montigena.htm
Psydrax odorata f. australiana,https://apps.lucidcentral.org/rainforest/text/entities/psydrax_odorata_f__australiana.htm
Psydrax odorata f. foveolata,https://apps.lucidcentral.org/rainforest/text/entities/psydrax_odorata_f__foveolata.htm
Psydrax odorata f. subnitida,https://apps.lucidcentral.org/rainforest/text/entities/psydrax_odorata_f__subnitida.htm
Psydrax odorata subsp. arnhemica,https://apps.lucidcentral.org/rainforest/text/entities/psydrax_odorata_subsp._arnhemica.htm
Psydrax tropica,https://apps.lucidcentral.org/rainforest/text/entities/psydrax_tropica.htm
Pternandra coerulescens,https://apps.lucidcentral.org/rainforest/text/entities/pternandra_coerulescens.htm
Ptychosperma elegans,https://apps.lucidcentral.org/rainforest/text/entities/ptychosperma_elegans.htm
Ptychosperma macarthurii,https://apps.lucidcentral.org/rainforest/text/entities/ptychosperma_macarthurii.htm
Pueraria lobata,https://apps.lucidcentral.org/rainforest/text/entities/pueraria_lobata.htm
Pueraria phaseoloides,https://apps.lucidcentral.org/rainforest/text/entities/pueraria_phaseoloides.htm
Pullea stutzeri,https://apps.lucidcentral.org/rainforest/text/entities/pullea_stutzeri.htm
Pupalia micrantha,https://apps.lucidcentral.org/rainforest/text/entities/pupalia_micrantha.htm
Putranjivaceae,https://apps.lucidcentral.org/rainforest/text/entities/putranjivaceae.htm
Pycnarrhena novoguineensis,https://apps.lucidcentral.org/rainforest/text/entities/pycnarrhena_novoguineensis.htm
Pycnarrhena ozantha,https://apps.lucidcentral.org/rainforest/text/entities/pycnarrhena_ozantha.htm
NA,https://apps.lucidcentral.org/rainforest/text/entities/NA.htm
NA,https://apps.lucidcentral.org/rainforest/text/entities/NA.htm
NA,https://apps.lucidcentral.org/rainforest/text/entities/NA.htm
Q,https://apps.lucidcentral.org/rainforest/text/entities/q.htm
Quassia amara,https://apps.lucidcentral.org/rainforest/text/entities/quassia_amara.htm
Quintinia fawkneri,https://apps.lucidcentral.org/rainforest/text/entities/quintinia_fawkneri.htm
Quintinia quatrefagesii,https://apps.lucidcentral.org/rainforest/text/entities/quintinia_quatrefagesii.htm
Quisqualis indica,https://apps.lucidcentral.org/rainforest/text/entities/quisqualis_indica.htm
NA,https://apps.lucidcentral.org/rainforest/text/entities/NA.htm
NA,https://apps.lucidcentral.org/rainforest/text/entities/NA.htm
NA,https://apps.lucidcentral.org/rainforest/text/entities/NA.htm
R,https://apps.lucidcentral.org/rainforest/text/entities/r.htm
Randia audasii,https://apps.lucidcentral.org/rainforest/text/entities/randia_audasii.htm
Randia sp. Peninsula (G.Stocker 1321),https://apps.lucidcentral.org/rainforest/text/entities/randia_sp__peninsula_g_stocker_1321.htm
Randia tuberculosa,https://apps.lucidcentral.org/rainforest/text/entities/randia_tuberculosa.htm
Ranunculaceae,https://apps.lucidcentral.org/rainforest/text/entities/ranunculaceae.htm
Remusatia vivipara,https://apps.lucidcentral.org/rainforest/text/entities/remusatia_vivipara.htm
Rhamnaceae,https://apps.lucidcentral.org/rainforest/text/entities/rhamnaceae.htm
Rhamnella vitiensis,https://apps.lucidcentral.org/rainforest/text/entities/rhamnella_vitiensis.htm
Rhamnus napalensis,https://apps.lucidcentral.org/rainforest/text/entities/rhamnus_napalensis.htm
Rhaphidophora australasica,https://apps.lucidcentral.org/rainforest/text/entities/rhaphidophora_australasica.htm
Rhaphidophora hayi,https://apps.lucidcentral.org/rainforest/text/entities/rhaphidophora_hayi.htm
Rhaphidophora petrieana,https://apps.lucidcentral.org/rainforest/text/entities/rhaphidophora_petrieana.htm
Rhaphidospora cavernarum,https://apps.lucidcentral.org/rainforest/text/entities/rhaphidospora_cavernarum.htm
Rhaphidospora platyphylla,https://apps.lucidcentral.org/rainforest/text/entities/rhaphidospora_platyphylla.htm
Rhizophoraceae,https://apps.lucidcentral.org/rainforest/text/entities/rhizophoraceae.htm
Rhodamnia acuminata,https://apps.lucidcentral.org/rainforest/text/entities/rhodamnia_acuminata.htm
Rhodamnia arenaria,https://apps.lucidcentral.org/rainforest/text/entities/rhodamnia_arenaria.htm
Rhodamnia australis,https://apps.lucidcentral.org/rainforest/text/entities/rhodamnia_australis.htm
Rhodamnia blairiana,https://apps.lucidcentral.org/rainforest/text/entities/rhodamnia_blairiana.htm
Rhodamnia costata,https://apps.lucidcentral.org/rainforest/text/entities/rhodamnia_costata.htm
Rhodamnia fordii,https://apps.lucidcentral.org/rainforest/text/entities/rhodamnia_fordii.htm
Rhodamnia glabrescens,https://apps.lucidcentral.org/rainforest/text/entities/rhodamnia_glabrescens.htm
Rhodamnia hylandii,https://apps.lucidcentral.org/rainforest/text/entities/rhodamnia_hylandii.htm
Rhodamnia longisepala,https://apps.lucidcentral.org/rainforest/text/entities/rhodamnia_longisepala.htm
Rhodamnia pauciovulata,https://apps.lucidcentral.org/rainforest/text/entities/rhodamnia_pauciovulata.htm
Rhodamnia sessiliflora,https://apps.lucidcentral.org/rainforest/text/entities/rhodamnia_sessiliflora.htm
Rhodamnia sharpeana,https://apps.lucidcentral.org/rainforest/text/entities/rhodamnia_sharpeana.htm
Rhodamnia spongiosa,https://apps.lucidcentral.org/rainforest/text/entities/rhodamnia_spongiosa.htm
Rhododendron lochiae,https://apps.lucidcentral.org/rainforest/text/entities/rhododendron_lochiae.htm
Rhododendron viriosum,https://apps.lucidcentral.org/rainforest/text/entities/rhododendron_viriosum.htm
Rhodomyrtus canescens,https://apps.lucidcentral.org/rainforest/text/entities/rhodomyrtus_canescens.htm
Rhodomyrtus effusa,https://apps.lucidcentral.org/rainforest/text/entities/rhodomyrtus_effusa.htm
Rhodomyrtus macrocarpa,https://apps.lucidcentral.org/rainforest/text/entities/rhodomyrtus_macrocarpa.htm
Rhodomyrtus pervagata,https://apps.lucidcentral.org/rainforest/text/entities/rhodomyrtus_pervagata.htm
Rhodomyrtus sericea,https://apps.lucidcentral.org/rainforest/text/entities/rhodomyrtus_sericea.htm
Rhodomyrtus trineura subsp. capensis,https://apps.lucidcentral.org/rainforest/text/entities/rhodomyrtus_trineura_subsp._capensis.htm
Rhodomyrtus trineura subsp. trineura,https://apps.lucidcentral.org/rainforest/text/entities/rhodomyrtus_trineura_subsp._trineura.htm
Rhus taitensis,https://apps.lucidcentral.org/rainforest/text/entities/rhus_taitensis.htm
Rhynchosia acuminatissima,https://apps.lucidcentral.org/rainforest/text/entities/rhynchosia_acuminatissima.htm
Rhynchosia minima,https://apps.lucidcentral.org/rainforest/text/entities/rhynchosia_minima.htm
Rhynchospora corymbosa,https://apps.lucidcentral.org/rainforest/text/entities/rhynchospora_corymbosa.htm
Rhynchospora leae,https://apps.lucidcentral.org/rainforest/text/entities/rhynchospora_leae.htm
Rhysotoechia bifoliolata subsp. nitida,https://apps.lucidcentral.org/rainforest/text/entities/rhysotoechia_bifoliolata_subsp._nitida.htm
Rhysotoechia flavescens,https://apps.lucidcentral.org/rainforest/text/entities/rhysotoechia_flavescens.htm
Rhysotoechia florulenta,https://apps.lucidcentral.org/rainforest/text/entities/rhysotoechia_florulenta.htm
Rhysotoechia mortoniana,https://apps.lucidcentral.org/rainforest/text/entities/rhysotoechia_mortoniana.htm
Rhysotoechia robertsonii,https://apps.lucidcentral.org/rainforest/text/entities/rhysotoechia_robertsonii.htm
Richardia brasiliensis,https://apps.lucidcentral.org/rainforest/text/entities/richardia_brasiliensis.htm
Ricinocarpos ledifolius,https://apps.lucidcentral.org/rainforest/text/entities/ricinocarpos_ledifolius.htm
Ricinus communis,https://apps.lucidcentral.org/rainforest/text/entities/ricinus_communis.htm
Rinorea bengalensis,https://apps.lucidcentral.org/rainforest/text/entities/rinorea_bengalensis.htm
Ripogonaceae,https://apps.lucidcentral.org/rainforest/text/entities/ripogonaceae.htm
Ripogonum album,https://apps.lucidcentral.org/rainforest/text/entities/ripogonum_album.htm
Ripogonum brevifolium,https://apps.lucidcentral.org/rainforest/text/entities/ripogonum_brevifolium.htm
Ripogonum discolor,https://apps.lucidcentral.org/rainforest/text/entities/ripogonum_discolor.htm
Ripogonum elseyanum,https://apps.lucidcentral.org/rainforest/text/entities/ripogonum_elseyanum.htm
Ristantia gouldii,https://apps.lucidcentral.org/rainforest/text/entities/ristantia_gouldii.htm
Ristantia pachysperma,https://apps.lucidcentral.org/rainforest/text/entities/ristantia_pachysperma.htm
Ristantia waterhousei,https://apps.lucidcentral.org/rainforest/text/entities/ristantia_waterhousei.htm
Rivina humilis,https://apps.lucidcentral.org/rainforest/text/entities/rivina_humilis.htm
Rockinghamia angustifolia,https://apps.lucidcentral.org/rainforest/text/entities/rockinghamia_angustifolia.htm
Rockinghamia brevipes,https://apps.lucidcentral.org/rainforest/text/entities/rockinghamia_brevipes.htm
Romnalda grallata,https://apps.lucidcentral.org/rainforest/text/entities/romnalda_grallata.htm
Romnalda ophiopogonoides,https://apps.lucidcentral.org/rainforest/text/entities/romnalda_ophiopogonoides.htm
Rosaceae,https://apps.lucidcentral.org/rainforest/text/entities/rosaceae.htm
Rostellularia adscendens,https://apps.lucidcentral.org/rainforest/text/entities/rostellularia_adscendens.htm
Rostellularia adscendens var. latifolia,https://apps.lucidcentral.org/rainforest/text/entities/rostellularia_adscendens_var._latifolia.htm
Rourea brachyandra,https://apps.lucidcentral.org/rainforest/text/entities/rourea_brachyandra.htm
Rousseaceae,https://apps.lucidcentral.org/rainforest/text/entities/rousseaceae.htm
Rubiaceae,https://apps.lucidcentral.org/rainforest/text/entities/rubiaceae.htm
Rubus alceifolius,https://apps.lucidcentral.org/rainforest/text/entities/rubus_alceifolius.htm
Rubus moluccanus var. moluccanus,https://apps.lucidcentral.org/rainforest/text/entities/rubus_moluccanus_var._moluccanus.htm
Rubus moluccanus var. trilobus,https://apps.lucidcentral.org/rainforest/text/entities/rubus_moluccanus_var._trilobus.htm
Rubus parvifolius,https://apps.lucidcentral.org/rainforest/text/entities/rubus_parvifolius.htm
Rubus probus,https://apps.lucidcentral.org/rainforest/text/entities/rubus_probus.htm
Rubus queenslandicus,https://apps.lucidcentral.org/rainforest/text/entities/rubus_queenslandicus.htm
Ruellia tuberosa,https://apps.lucidcentral.org/rainforest/text/entities/ruellia_tuberosa.htm
Rutaceae,https://apps.lucidcentral.org/rainforest/text/entities/rutaceae.htm
Ryparosa kurrangii,https://apps.lucidcentral.org/rainforest/text/entities/ryparosa_kurrangii.htm
Ryticaryum longifolium,https://apps.lucidcentral.org/rainforest/text/entities/ryticaryum_longifolium.htm
NA,https://apps.lucidcentral.org/rainforest/text/entities/NA.htm
NA,https://apps.lucidcentral.org/rainforest/text/entities/NA.htm
NA,https://apps.lucidcentral.org/rainforest/text/entities/NA.htm
S,https://apps.lucidcentral.org/rainforest/text/entities/s.htm
Sageretia hamosa,https://apps.lucidcentral.org/rainforest/text/entities/sageretia_hamosa.htm
Salacia chinensis,https://apps.lucidcentral.org/rainforest/text/entities/salacia_chinensis.htm
Salacia disepala,https://apps.lucidcentral.org/rainforest/text/entities/salacia_disepala.htm
Salacia erythrocarpa,https://apps.lucidcentral.org/rainforest/text/entities/salacia_erythrocarpa.htm
Salicaceae,https://apps.lucidcentral.org/rainforest/text/entities/salicaceae.htm
Salvia plebeia,https://apps.lucidcentral.org/rainforest/text/entities/salvia_plebeia.htm
Salvia reflexa,https://apps.lucidcentral.org/rainforest/text/entities/salvia_reflexa.htm
Samadera baileyana,https://apps.lucidcentral.org/rainforest/text/entities/samadera_baileyana.htm
Samadera bidwillii,https://apps.lucidcentral.org/rainforest/text/entities/samadera_bidwillii.htm
Samadera sp. Barong (B.Gray 742),https://apps.lucidcentral.org/rainforest/text/entities/samadera_sp__barong_b_gray_742.htm
Samadera sp. Tozer Range (L.J.Brass 19393),https://apps.lucidcentral.org/rainforest/text/entities/samadera_sp__tozer_range_l_j.brass_19393.htm
Samanea saman,https://apps.lucidcentral.org/rainforest/text/entities/samanea_saman.htm
Sambucus australasica,https://apps.lucidcentral.org/rainforest/text/entities/sambucus_australasica.htm
Sambucus canadensis,https://apps.lucidcentral.org/rainforest/text/entities/sambucus_canadensis.htm
Sanchezia parvibracteata,https://apps.lucidcentral.org/rainforest/text/entities/sanchezia_parvibracteata.htm
Sankowskya stipularis,https://apps.lucidcentral.org/rainforest/text/entities/sankowskya_stipularis.htm
Santalaceae,https://apps.lucidcentral.org/rainforest/text/entities/santalaceae.htm
Santalum lanceolatum,https://apps.lucidcentral.org/rainforest/text/entities/santalum_lanceolatum.htm
Sapindaceae,https://apps.lucidcentral.org/rainforest/text/entities/sapindaceae.htm
Sapotaceae,https://apps.lucidcentral.org/rainforest/text/entities/sapotaceae.htm
Sarcolobus hullsii,https://apps.lucidcentral.org/rainforest/text/entities/sarcolobus_hullsii.htm
Sarcolobus vittatus,https://apps.lucidcentral.org/rainforest/text/entities/sarcolobus_vittatus.htm
Sarcomelicope simplicifolia subsp. simplicifolia,https://apps.lucidcentral.org/rainforest/text/entities/sarcomelicope_simplicifolia_subsp._simplicifolia.htm
Sarcopetalum harveyanum,https://apps.lucidcentral.org/rainforest/text/entities/sarcopetalum_harveyanum.htm
Sarcopteryx acuminata,https://apps.lucidcentral.org/rainforest/text/entities/sarcopteryx_acuminata.htm
Sarcopteryx martyana,https://apps.lucidcentral.org/rainforest/text/entities/sarcopteryx_martyana.htm
Sarcopteryx montana,https://apps.lucidcentral.org/rainforest/text/entities/sarcopteryx_montana.htm
Sarcopteryx reticulata,https://apps.lucidcentral.org/rainforest/text/entities/sarcopteryx_reticulata.htm
Sarcopteryx sp. McIlwraith Range (B.Hyland 3261RFK),https://apps.lucidcentral.org/rainforest/text/entities/sarcopteryx_sp__mcilwraith_range_b_hyland_3261rfk.htm
Sarcotoechia cuneata,https://apps.lucidcentral.org/rainforest/text/entities/sarcotoechia_cuneata.htm
Sarcotoechia heterophylla,https://apps.lucidcentral.org/rainforest/text/entities/sarcotoechia_heterophylla.htm
Sarcotoechia lanceolata,https://apps.lucidcentral.org/rainforest/text/entities/sarcotoechia_lanceolata.htm
Sarcotoechia protracta,https://apps.lucidcentral.org/rainforest/text/entities/sarcotoechia_protracta.htm
Sarcotoechia serrata,https://apps.lucidcentral.org/rainforest/text/entities/sarcotoechia_serrata.htm
Sarcotoechia villosa,https://apps.lucidcentral.org/rainforest/text/entities/sarcotoechia_villosa.htm
Saurauia andreana,https://apps.lucidcentral.org/rainforest/text/entities/saurauia_andreana.htm
Scaevola enantophylla,https://apps.lucidcentral.org/rainforest/text/entities/scaevola_enantophylla.htm
Scaevola taccada,https://apps.lucidcentral.org/rainforest/text/entities/scaevola_taccada.htm
Schefflera actinophylla,https://apps.lucidcentral.org/rainforest/text/entities/schefflera_actinophylla.htm
Schefflera bractescens,https://apps.lucidcentral.org/rainforest/text/entities/schefflera_bractescens.htm
Schefflera elliptica,https://apps.lucidcentral.org/rainforest/text/entities/schefflera_elliptica.htm
Schelhammera multiflora,https://apps.lucidcentral.org/rainforest/text/entities/schelhammera_multiflora.htm
Schinus terebinthifolius,https://apps.lucidcentral.org/rainforest/text/entities/schinus_terebinthifolius.htm
Schistocarpaea johnsonii,https://apps.lucidcentral.org/rainforest/text/entities/schistocarpaea_johnsonii.htm
Schizomeria ovata,https://apps.lucidcentral.org/rainforest/text/entities/schizomeria_ovata.htm
Schizomeria whitei,https://apps.lucidcentral.org/rainforest/text/entities/schizomeria_whitei.htm
Schoutenia ovata,https://apps.lucidcentral.org/rainforest/text/entities/schoutenia_ovata.htm
Sciaphila arfakiana,https://apps.lucidcentral.org/rainforest/text/entities/sciaphila_arfakiana.htm
Sciaphila tenella,https://apps.lucidcentral.org/rainforest/text/entities/sciaphila_tenella.htm
Scindapsus altissimus,https://apps.lucidcentral.org/rainforest/text/entities/scindapsus_altissimus.htm
Scirpodendron ghaeri,https://apps.lucidcentral.org/rainforest/text/entities/scirpodendron_ghaeri.htm
Scleria brownii,https://apps.lucidcentral.org/rainforest/text/entities/scleria_brownii.htm
Scleria ciliaris,https://apps.lucidcentral.org/rainforest/text/entities/scleria_ciliaris.htm
Scleria levis,https://apps.lucidcentral.org/rainforest/text/entities/scleria_levis.htm
Scleria lingulata,https://apps.lucidcentral.org/rainforest/text/entities/scleria_lingulata.htm
Scleria lithosperma var. linearis,https://apps.lucidcentral.org/rainforest/text/entities/scleria_lithosperma_var._linearis.htm
Scleria lithosperma var. lithosperma,https://apps.lucidcentral.org/rainforest/text/entities/scleria_lithosperma_var._lithosperma.htm
Scleria novae-hollandiae,https://apps.lucidcentral.org/rainforest/text/entities/scleria_novae-hollandiae.htm
Scleria polycarpa,https://apps.lucidcentral.org/rainforest/text/entities/scleria_polycarpa.htm
Scleria rugosa,https://apps.lucidcentral.org/rainforest/text/entities/scleria_rugosa.htm
Scleria sphacelata,https://apps.lucidcentral.org/rainforest/text/entities/scleria_sphacelata.htm
Scleria sumatrensis,https://apps.lucidcentral.org/rainforest/text/entities/scleria_sumatrensis.htm
Scleria terrestris,https://apps.lucidcentral.org/rainforest/text/entities/scleria_terrestris.htm
Scolopia braunii,https://apps.lucidcentral.org/rainforest/text/entities/scolopia_braunii.htm
Scoparia dulcis,https://apps.lucidcentral.org/rainforest/text/entities/scoparia_dulcis.htm
Scrophulariaceae,https://apps.lucidcentral.org/rainforest/text/entities/scrophulariaceae.htm
Scrotochloa tararaensis,https://apps.lucidcentral.org/rainforest/text/entities/scrotochloa_tararaensis.htm
Scrotochloa urceolata,https://apps.lucidcentral.org/rainforest/text/entities/scrotochloa_urceolata.htm
Secamone elliptica,https://apps.lucidcentral.org/rainforest/text/entities/secamone_elliptica.htm
Secamone lineata,https://apps.lucidcentral.org/rainforest/text/entities/secamone_lineata.htm
Secamone timorensis,https://apps.lucidcentral.org/rainforest/text/entities/secamone_timorensis.htm
Semecarpus australiensis,https://apps.lucidcentral.org/rainforest/text/entities/semecarpus_australiensis.htm
Senecio bipinnatisectus,https://apps.lucidcentral.org/rainforest/text/entities/senecio_bipinnatisectus.htm
Senecio tamoides,https://apps.lucidcentral.org/rainforest/text/entities/senecio_tamoides.htm
Senegalia albizioides,https://apps.lucidcentral.org/rainforest/text/entities/senegalia_albizioides.htm
Senegalia pennata subsp. kerrii,https://apps.lucidcentral.org/rainforest/text/entities/senegalia_pennata_subsp._kerrii.htm
Senna clavigera,https://apps.lucidcentral.org/rainforest/text/entities/senna_clavigera.htm
Senna coronilloides,https://apps.lucidcentral.org/rainforest/text/entities/senna_coronilloides.htm
Senna gaudichaudii,https://apps.lucidcentral.org/rainforest/text/entities/senna_gaudichaudii.htm
Senna hirsuta,https://apps.lucidcentral.org/rainforest/text/entities/senna_hirsuta.htm
Senna obtusifolia,https://apps.lucidcentral.org/rainforest/text/entities/senna_obtusifolia.htm
Senna occidentalis,https://apps.lucidcentral.org/rainforest/text/entities/senna_occidentalis.htm
Senna pendula var. glabrata,https://apps.lucidcentral.org/rainforest/text/entities/senna_pendula_var._glabrata.htm
Senna septemtrionalis,https://apps.lucidcentral.org/rainforest/text/entities/senna_septemtrionalis.htm
Senna siamea,https://apps.lucidcentral.org/rainforest/text/entities/senna_siamea.htm
Senna sophera,https://apps.lucidcentral.org/rainforest/text/entities/senna_sophera.htm
Senna surattensis,https://apps.lucidcentral.org/rainforest/text/entities/senna_surattensis.htm
Senna timoriensis,https://apps.lucidcentral.org/rainforest/text/entities/senna_timoriensis.htm
Senna tora,https://apps.lucidcentral.org/rainforest/text/entities/senna_tora.htm
Sersalisia obpyriformis,https://apps.lucidcentral.org/rainforest/text/entities/sersalisia_obpyriformis.htm
Sersalisia sericea,https://apps.lucidcentral.org/rainforest/text/entities/sersalisia_sericea.htm
Sersalisia sessiliflora,https://apps.lucidcentral.org/rainforest/text/entities/sersalisia_sessiliflora.htm
Sersalisia unmackiana,https://apps.lucidcentral.org/rainforest/text/entities/sersalisia_unmackiana.htm
Sesbania cannabina,https://apps.lucidcentral.org/rainforest/text/entities/sesbania_cannabina.htm
Sesbania formosa,https://apps.lucidcentral.org/rainforest/text/entities/sesbania_formosa.htm
Setaria apiculata,https://apps.lucidcentral.org/rainforest/text/entities/setaria_apiculata.htm
Setaria oplismenoides,https://apps.lucidcentral.org/rainforest/text/entities/setaria_oplismenoides.htm
Setaria palmifolia,https://apps.lucidcentral.org/rainforest/text/entities/setaria_palmifolia.htm
Shonia tristigma subsp. borealis,https://apps.lucidcentral.org/rainforest/text/entities/shonia_tristigma_subsp._borealis.htm
Sicyos australis,https://apps.lucidcentral.org/rainforest/text/entities/sicyos_australis.htm
Sicyos undara,https://apps.lucidcentral.org/rainforest/text/entities/sicyos_undara.htm
Sida acuta,https://apps.lucidcentral.org/rainforest/text/entities/sida_acuta.htm
Sida atherophora,https://apps.lucidcentral.org/rainforest/text/entities/sida_atherophora.htm
Sida cordifolia,https://apps.lucidcentral.org/rainforest/text/entities/sida_cordifolia.htm
Sida hackettiana,https://apps.lucidcentral.org/rainforest/text/entities/sida_hackettiana.htm
Sida rhombifolia,https://apps.lucidcentral.org/rainforest/text/entities/sida_rhombifolia.htm
Sida rohlenae subsp. rohlenae,https://apps.lucidcentral.org/rainforest/text/entities/sida_rohlenae_subsp._rohlenae.htm
Sida sp. Small Flower (B.Gray 5657),https://apps.lucidcentral.org/rainforest/text/entities/sida_sp__small_flower_b_gray_5657.htm
Sida spinosa,https://apps.lucidcentral.org/rainforest/text/entities/sida_spinosa.htm
Sigesbeckia orientalis,https://apps.lucidcentral.org/rainforest/text/entities/sigesbeckia_orientalis.htm
Simaroubaceae,https://apps.lucidcentral.org/rainforest/text/entities/simaroubaceae.htm
Siphonodon australis,https://apps.lucidcentral.org/rainforest/text/entities/siphonodon_australis.htm
Siphonodon membranaceus,https://apps.lucidcentral.org/rainforest/text/entities/siphonodon_membranaceus.htm
Sisyrinchium micranthum,https://apps.lucidcentral.org/rainforest/text/entities/sisyrinchium_micranthum.htm
Sloanea australis subsp. parviflora,https://apps.lucidcentral.org/rainforest/text/entities/sloanea_australis_subsp._parviflora.htm
Sloanea langii,https://apps.lucidcentral.org/rainforest/text/entities/sloanea_langii.htm
Sloanea macbrydei,https://apps.lucidcentral.org/rainforest/text/entities/sloanea_macbrydei.htm
Smilacaceae,https://apps.lucidcentral.org/rainforest/text/entities/smilacaceae.htm
Smilax aculeatissima,https://apps.lucidcentral.org/rainforest/text/entities/smilax_aculeatissima.htm
Smilax australis,https://apps.lucidcentral.org/rainforest/text/entities/smilax_australis.htm
Smilax blumei,https://apps.lucidcentral.org/rainforest/text/entities/smilax_blumei.htm
Smilax calophylla,https://apps.lucidcentral.org/rainforest/text/entities/smilax_calophylla.htm
Smilax glyciphylla,https://apps.lucidcentral.org/rainforest/text/entities/smilax_glyciphylla.htm
Smilax kaniensis,https://apps.lucidcentral.org/rainforest/text/entities/smilax_kaniensis.htm
Smilax sp. aff. S. elliptica,https://apps.lucidcentral.org/rainforest/text/entities/smilax_sp__aff__s._elliptica.htm
Solanaceae,https://apps.lucidcentral.org/rainforest/text/entities/solanaceae.htm
Solanum aviculare,https://apps.lucidcentral.org/rainforest/text/entities/solanum_aviculare.htm
Solanum betaceum,https://apps.lucidcentral.org/rainforest/text/entities/solanum_betaceum.htm
Solanum capsicoides,https://apps.lucidcentral.org/rainforest/text/entities/solanum_capsicoides.htm
Solanum cookii,https://apps.lucidcentral.org/rainforest/text/entities/solanum_cookii.htm
Solanum defensum,https://apps.lucidcentral.org/rainforest/text/entities/solanum_defensum.htm
Solanum dimorphispinum,https://apps.lucidcentral.org/rainforest/text/entities/solanum_dimorphispinum.htm
Solanum discolor,https://apps.lucidcentral.org/rainforest/text/entities/solanum_discolor.htm
Solanum dunalianum,https://apps.lucidcentral.org/rainforest/text/entities/solanum_dunalianum.htm
Solanum ellipticum,https://apps.lucidcentral.org/rainforest/text/entities/solanum_ellipticum.htm
Solanum eminens,https://apps.lucidcentral.org/rainforest/text/entities/solanum_eminens.htm
Solanum erianthum,https://apps.lucidcentral.org/rainforest/text/entities/solanum_erianthum.htm
Solanum fervens,https://apps.lucidcentral.org/rainforest/text/entities/solanum_fervens.htm
Solanum francisii,https://apps.lucidcentral.org/rainforest/text/entities/solanum_francisii.htm
Solanum furfuraceum,https://apps.lucidcentral.org/rainforest/text/entities/solanum_furfuraceum.htm
Solanum hamulosum,https://apps.lucidcentral.org/rainforest/text/entities/solanum_hamulosum.htm
Solanum intonsum,https://apps.lucidcentral.org/rainforest/text/entities/solanum_intonsum.htm
Solanum lasiocarpum,https://apps.lucidcentral.org/rainforest/text/entities/solanum_lasiocarpum.htm
Solanum macoorai,https://apps.lucidcentral.org/rainforest/text/entities/solanum_macoorai.htm
Solanum magnifolium,https://apps.lucidcentral.org/rainforest/text/entities/solanum_magnifolium.htm
Solanum mauritianum,https://apps.lucidcentral.org/rainforest/text/entities/solanum_mauritianum.htm
Solanum nigrum,https://apps.lucidcentral.org/rainforest/text/entities/solanum_nigrum.htm
Solanum nodiflorum,https://apps.lucidcentral.org/rainforest/text/entities/solanum_nodiflorum.htm
Solanum parvifolium subsp. parvifolium,https://apps.lucidcentral.org/rainforest/text/entities/solanum_parvifolium_subsp._parvifolium.htm
Solanum parvifolium subsp. tropicum,https://apps.lucidcentral.org/rainforest/text/entities/solanum_parvifolium_subsp._tropicum.htm
Solanum pseudocapsicum,https://apps.lucidcentral.org/rainforest/text/entities/solanum_pseudocapsicum.htm
Solanum seaforthianum,https://apps.lucidcentral.org/rainforest/text/entities/solanum_seaforthianum.htm
Solanum sporadotrichum,https://apps.lucidcentral.org/rainforest/text/entities/solanum_sporadotrichum.htm
Solanum tetrandrum,https://apps.lucidcentral.org/rainforest/text/entities/solanum_tetrandrum.htm
Solanum torvum,https://apps.lucidcentral.org/rainforest/text/entities/solanum_torvum.htm
Solanum viridifolium,https://apps.lucidcentral.org/rainforest/text/entities/solanum_viridifolium.htm
Solori involuta,https://apps.lucidcentral.org/rainforest/text/entities/solori_involuta.htm
Solori koolgibberah,https://apps.lucidcentral.org/rainforest/text/entities/solori_koolgibberah.htm
Sophora tomentosa subsp. australis,https://apps.lucidcentral.org/rainforest/text/entities/sophora_tomentosa_subsp._australis.htm
Spartothamnella juncea,https://apps.lucidcentral.org/rainforest/text/entities/spartothamnella_juncea.htm
Spathodea campanulata,https://apps.lucidcentral.org/rainforest/text/entities/spathodea_campanulata.htm
Spermacoce brachystema,https://apps.lucidcentral.org/rainforest/text/entities/spermacoce_brachystema.htm
Spermacoce exilis,https://apps.lucidcentral.org/rainforest/text/entities/spermacoce_exilis.htm
Spermacoce latifolia,https://apps.lucidcentral.org/rainforest/text/entities/spermacoce_latifolia.htm
Spermacoce membranacea,https://apps.lucidcentral.org/rainforest/text/entities/spermacoce_membranacea.htm
Spermacoce ocymifolia,https://apps.lucidcentral.org/rainforest/text/entities/spermacoce_ocymifolia.htm
Spermacoce prostrata,https://apps.lucidcentral.org/rainforest/text/entities/spermacoce_prostrata.htm
Spermacoce remota,https://apps.lucidcentral.org/rainforest/text/entities/spermacoce_remota.htm
Sphaerantia chartacea,https://apps.lucidcentral.org/rainforest/text/entities/sphaerantia_chartacea.htm
Sphaerantia discolor,https://apps.lucidcentral.org/rainforest/text/entities/sphaerantia_discolor.htm
Sphagneticola trilobata,https://apps.lucidcentral.org/rainforest/text/entities/sphagneticola_trilobata.htm
Sphalmium racemosum,https://apps.lucidcentral.org/rainforest/text/entities/sphalmium_racemosum.htm
Sphenostemon lobosporus,https://apps.lucidcentral.org/rainforest/text/entities/sphenostemon_lobosporus.htm
Spiraeanthemum davidsonii,https://apps.lucidcentral.org/rainforest/text/entities/spiraeanthemum_davidsonii.htm
Stachytarpheta cayennensis,https://apps.lucidcentral.org/rainforest/text/entities/stachytarpheta_cayennensis.htm
Stachytarpheta jamaicensis,https://apps.lucidcentral.org/rainforest/text/entities/stachytarpheta_jamaicensis.htm
Stachytarpheta mutabilis,https://apps.lucidcentral.org/rainforest/text/entities/stachytarpheta_mutabilis.htm
Steganthera australiana,https://apps.lucidcentral.org/rainforest/text/entities/steganthera_australiana.htm
Steganthera cooperorum,https://apps.lucidcentral.org/rainforest/text/entities/steganthera_cooperorum.htm
Steganthera laxiflora subsp. laxiflora,https://apps.lucidcentral.org/rainforest/text/entities/steganthera_laxiflora_subsp._laxiflora.htm
Steganthera laxiflora subsp. lewisensis,https://apps.lucidcentral.org/rainforest/text/entities/steganthera_laxiflora_subsp._lewisensis.htm
Steganthera macooraia,https://apps.lucidcentral.org/rainforest/text/entities/steganthera_macooraia.htm
Stemodia lythrifolia,https://apps.lucidcentral.org/rainforest/text/entities/stemodia_lythrifolia.htm
Stemona australiana,https://apps.lucidcentral.org/rainforest/text/entities/stemona_australiana.htm
Stemona lucida,https://apps.lucidcentral.org/rainforest/text/entities/stemona_lucida.htm
Stemonaceae,https://apps.lucidcentral.org/rainforest/text/entities/stemonaceae.htm
Stenocarpus cryptocarpus,https://apps.lucidcentral.org/rainforest/text/entities/stenocarpus_cryptocarpus.htm
Stenocarpus cunninghamii,https://apps.lucidcentral.org/rainforest/text/entities/stenocarpus_cunninghamii.htm
Stenocarpus davallioides,https://apps.lucidcentral.org/rainforest/text/entities/stenocarpus_davallioides.htm
Stenocarpus reticulatus,https://apps.lucidcentral.org/rainforest/text/entities/stenocarpus_reticulatus.htm
Stenocarpus sinuatus,https://apps.lucidcentral.org/rainforest/text/entities/stenocarpus_sinuatus.htm
Stenocarpus sp. Hinchinbrook Is. (F.D.Hocking AQ229860),https://apps.lucidcentral.org/rainforest/text/entities/stenocarpus_sp__hinchinbrook_is__f.d.hocking_aq229860.htm
Stenocarpus verticis,https://apps.lucidcentral.org/rainforest/text/entities/stenocarpus_verticis.htm
Stephania bancroftii,https://apps.lucidcentral.org/rainforest/text/entities/stephania_bancroftii.htm
Stephania japonica var. discolor,https://apps.lucidcentral.org/rainforest/text/entities/stephania_japonica_var._discolor.htm
Stephania japonica var. japonica,https://apps.lucidcentral.org/rainforest/text/entities/stephania_japonica_var._japonica.htm
Stephania japonica var. timoriensis,https://apps.lucidcentral.org/rainforest/text/entities/stephania_japonica_var._timoriensis.htm
Stephania tuberosa,https://apps.lucidcentral.org/rainforest/text/entities/stephania_tuberosa.htm
Stephanophysum longifolium,https://apps.lucidcentral.org/rainforest/text/entities/stephanophysum_longifolium.htm
Sterculia holtzei,https://apps.lucidcentral.org/rainforest/text/entities/sterculia_holtzei.htm
Sterculia quadrifida,https://apps.lucidcentral.org/rainforest/text/entities/sterculia_quadrifida.htm
Sterculia shillinglawii,https://apps.lucidcentral.org/rainforest/text/entities/sterculia_shillinglawii.htm
Stictocardia queenslandica,https://apps.lucidcentral.org/rainforest/text/entities/stictocardia_queenslandica.htm
Stigmaphyllon australiense,https://apps.lucidcentral.org/rainforest/text/entities/stigmaphyllon_australiense.htm
Stigmaphyllon timoriense,https://apps.lucidcentral.org/rainforest/text/entities/stigmaphyllon_timoriense.htm
Stockwellia quadrifida,https://apps.lucidcentral.org/rainforest/text/entities/stockwellia_quadrifida.htm
Storckiella australiensis,https://apps.lucidcentral.org/rainforest/text/entities/storckiella_australiensis.htm
Streblus brunonianus,https://apps.lucidcentral.org/rainforest/text/entities/streblus_brunonianus.htm
Streblus glaber subsp. australianus,https://apps.lucidcentral.org/rainforest/text/entities/streblus_glaber_subsp._australianus.htm
Strongylodon lucidus,https://apps.lucidcentral.org/rainforest/text/entities/strongylodon_lucidus.htm
Strychnos lucida,https://apps.lucidcentral.org/rainforest/text/entities/strychnos_lucida.htm
Strychnos minor,https://apps.lucidcentral.org/rainforest/text/entities/strychnos_minor.htm
Strychnos psilosperma,https://apps.lucidcentral.org/rainforest/text/entities/strychnos_psilosperma.htm
Stylosanthes scabra,https://apps.lucidcentral.org/rainforest/text/entities/stylosanthes_scabra.htm
Suregada glomerulata,https://apps.lucidcentral.org/rainforest/text/entities/suregada_glomerulata.htm
Suriana maritima,https://apps.lucidcentral.org/rainforest/text/entities/suriana_maritima.htm
Surianaceae,https://apps.lucidcentral.org/rainforest/text/entities/surianaceae.htm
Symplocaceae,https://apps.lucidcentral.org/rainforest/text/entities/symplocaceae.htm
Symplocos ampulliformis,https://apps.lucidcentral.org/rainforest/text/entities/symplocos_ampulliformis.htm
Symplocos boonjee,https://apps.lucidcentral.org/rainforest/text/entities/symplocos_boonjee.htm
Symplocos bullata,https://apps.lucidcentral.org/rainforest/text/entities/symplocos_bullata.htm
Symplocos crassiramifera,https://apps.lucidcentral.org/rainforest/text/entities/symplocos_crassiramifera.htm
Symplocos cyanocarpa var. cyanocarpa,https://apps.lucidcentral.org/rainforest/text/entities/symplocos_cyanocarpa_var._cyanocarpa.htm
Symplocos cyanocarpa var. pilosa,https://apps.lucidcentral.org/rainforest/text/entities/symplocos_cyanocarpa_var._pilosa.htm
Symplocos gittinsii,https://apps.lucidcentral.org/rainforest/text/entities/symplocos_gittinsii.htm
Symplocos glabra,https://apps.lucidcentral.org/rainforest/text/entities/symplocos_glabra.htm
Symplocos graniticola,https://apps.lucidcentral.org/rainforest/text/entities/symplocos_graniticola.htm
Symplocos hayesii,https://apps.lucidcentral.org/rainforest/text/entities/symplocos_hayesii.htm
Symplocos hylandii,https://apps.lucidcentral.org/rainforest/text/entities/symplocos_hylandii.htm
Symplocos oresbia,https://apps.lucidcentral.org/rainforest/text/entities/symplocos_oresbia.htm
Symplocos paucistaminea,https://apps.lucidcentral.org/rainforest/text/entities/symplocos_paucistaminea.htm
Symplocos puberula,https://apps.lucidcentral.org/rainforest/text/entities/symplocos_puberula.htm
Symplocos stawellii,https://apps.lucidcentral.org/rainforest/text/entities/symplocos_stawellii.htm
Symplocos thwaitesii,https://apps.lucidcentral.org/rainforest/text/entities/symplocos_thwaitesii.htm
Symplocos wooroonooran,https://apps.lucidcentral.org/rainforest/text/entities/symplocos_wooroonooran.htm
Syncarpia glomulifera subsp. glomulifera,https://apps.lucidcentral.org/rainforest/text/entities/syncarpia_glomulifera_subsp._glomulifera.htm
Synedrella nodiflora,https://apps.lucidcentral.org/rainforest/text/entities/synedrella_nodiflora.htm
Syngonium podophyllum,https://apps.lucidcentral.org/rainforest/text/entities/syngonium_podophyllum.htm
Synima cordierorum,https://apps.lucidcentral.org/rainforest/text/entities/synima_cordierorum.htm
Synima macrophylla,https://apps.lucidcentral.org/rainforest/text/entities/synima_macrophylla.htm
Synima reynoldsiae,https://apps.lucidcentral.org/rainforest/text/entities/synima_reynoldsiae.htm
Synostemon albiflorus,https://apps.lucidcentral.org/rainforest/text/entities/synostemon_albiflorus.htm
Synostemon sphenophyllus,https://apps.lucidcentral.org/rainforest/text/entities/synostemon_sphenophyllus.htm
Synoum glandulosum subsp. glandulosum,https://apps.lucidcentral.org/rainforest/text/entities/synoum_glandulosum_subsp._glandulosum.htm
Synoum glandulosum subsp. paniculosum,https://apps.lucidcentral.org/rainforest/text/entities/synoum_glandulosum_subsp._paniculosum.htm
Syzygium alatoramulum,https://apps.lucidcentral.org/rainforest/text/entities/syzygium_alatoramulum.htm
Syzygium alliiligneum,https://apps.lucidcentral.org/rainforest/text/entities/syzygium_alliiligneum.htm
Syzygium angophoroides,https://apps.lucidcentral.org/rainforest/text/entities/syzygium_angophoroides.htm
Syzygium apodophyllum,https://apps.lucidcentral.org/rainforest/text/entities/syzygium_apodophyllum.htm
Syzygium aqueum,https://apps.lucidcentral.org/rainforest/text/entities/syzygium_aqueum.htm
Syzygium argyropedicum,https://apps.lucidcentral.org/rainforest/text/entities/syzygium_argyropedicum.htm
Syzygium armstrongii,https://apps.lucidcentral.org/rainforest/text/entities/syzygium_armstrongii.htm
Syzygium australe,https://apps.lucidcentral.org/rainforest/text/entities/syzygium_australe.htm
Syzygium bamagense,https://apps.lucidcentral.org/rainforest/text/entities/syzygium_bamagense.htm
Syzygium banksii,https://apps.lucidcentral.org/rainforest/text/entities/syzygium_banksii.htm
Syzygium boonjee,https://apps.lucidcentral.org/rainforest/text/entities/syzygium_boonjee.htm
Syzygium branderhorstii,https://apps.lucidcentral.org/rainforest/text/entities/syzygium_branderhorstii.htm
Syzygium buettnerianum,https://apps.lucidcentral.org/rainforest/text/entities/syzygium_buettnerianum.htm
Syzygium bungadinnia,https://apps.lucidcentral.org/rainforest/text/entities/syzygium_bungadinnia.htm
Syzygium canicortex,https://apps.lucidcentral.org/rainforest/text/entities/syzygium_canicortex.htm
Syzygium claviflorum,https://apps.lucidcentral.org/rainforest/text/entities/syzygium_claviflorum.htm
Syzygium cormiflorum,https://apps.lucidcentral.org/rainforest/text/entities/syzygium_cormiflorum.htm
Syzygium corynanthum,https://apps.lucidcentral.org/rainforest/text/entities/syzygium_corynanthum.htm
Syzygium cryptophlebium,https://apps.lucidcentral.org/rainforest/text/entities/syzygium_cryptophlebium.htm
Syzygium dansiei,https://apps.lucidcentral.org/rainforest/text/entities/syzygium_dansiei.htm
Syzygium divaricatum,https://apps.lucidcentral.org/rainforest/text/entities/syzygium_divaricatum.htm
Syzygium endophloium,https://apps.lucidcentral.org/rainforest/text/entities/syzygium_endophloium.htm
Syzygium erythrocalyx,https://apps.lucidcentral.org/rainforest/text/entities/syzygium_erythrocalyx.htm
Syzygium erythrodoxum,https://apps.lucidcentral.org/rainforest/text/entities/syzygium_erythrodoxum.htm
Syzygium fibrosum,https://apps.lucidcentral.org/rainforest/text/entities/syzygium_fibrosum.htm
Syzygium floribundum,https://apps.lucidcentral.org/rainforest/text/entities/syzygium_floribundum.htm
Syzygium forte subsp. forte,https://apps.lucidcentral.org/rainforest/text/entities/syzygium_forte_subsp._forte.htm
Syzygium forte subsp. potamophilum,https://apps.lucidcentral.org/rainforest/text/entities/syzygium_forte_subsp._potamophilum.htm
Syzygium fratris,https://apps.lucidcentral.org/rainforest/text/entities/syzygium_fratris.htm
Syzygium glenum,https://apps.lucidcentral.org/rainforest/text/entities/syzygium_glenum.htm
Syzygium graveolens,https://apps.lucidcentral.org/rainforest/text/entities/syzygium_graveolens.htm
Syzygium gustavioides,https://apps.lucidcentral.org/rainforest/text/entities/syzygium_gustavioides.htm
Syzygium hedraiophyllum,https://apps.lucidcentral.org/rainforest/text/entities/syzygium_hedraiophyllum.htm
Syzygium hemilamprum subsp. hemilamprum,https://apps.lucidcentral.org/rainforest/text/entities/syzygium_hemilamprum_subsp._hemilamprum.htm
Syzygium hemilamprum subsp. orophilum,https://apps.lucidcentral.org/rainforest/text/entities/syzygium_hemilamprum_subsp._orophilum.htm
Syzygium johnsonii,https://apps.lucidcentral.org/rainforest/text/entities/syzygium_johnsonii.htm
Syzygium kuranda,https://apps.lucidcentral.org/rainforest/text/entities/syzygium_kuranda.htm
Syzygium luehmannii,https://apps.lucidcentral.org/rainforest/text/entities/syzygium_luehmannii.htm
Syzygium macilwraithianum,https://apps.lucidcentral.org/rainforest/text/entities/syzygium_macilwraithianum.htm
Syzygium mackinnonianum,https://apps.lucidcentral.org/rainforest/text/entities/syzygium_mackinnonianum.htm
Syzygium malaccense,https://apps.lucidcentral.org/rainforest/text/entities/syzygium_malaccense.htm
Syzygium maraca,https://apps.lucidcentral.org/rainforest/text/entities/syzygium_maraca.htm
Syzygium minutuliflorum,https://apps.lucidcentral.org/rainforest/text/entities/syzygium_minutuliflorum.htm
Syzygium monimioides,https://apps.lucidcentral.org/rainforest/text/entities/syzygium_monimioides.htm
Syzygium monospermum,https://apps.lucidcentral.org/rainforest/text/entities/syzygium_monospermum.htm
Syzygium mulgraveanum,https://apps.lucidcentral.org/rainforest/text/entities/syzygium_mulgraveanum.htm
Syzygium nervosum,https://apps.lucidcentral.org/rainforest/text/entities/syzygium_nervosum.htm
Syzygium oleosum,https://apps.lucidcentral.org/rainforest/text/entities/syzygium_oleosum.htm
Syzygium papyraceum,https://apps.lucidcentral.org/rainforest/text/entities/syzygium_papyraceum.htm
Syzygium pringlei,https://apps.lucidcentral.org/rainforest/text/entities/syzygium_pringlei.htm
Syzygium pseudofastigiatum,https://apps.lucidcentral.org/rainforest/text/entities/syzygium_pseudofastigiatum.htm
Syzygium puberulum,https://apps.lucidcentral.org/rainforest/text/entities/syzygium_puberulum.htm
Syzygium resa,https://apps.lucidcentral.org/rainforest/text/entities/syzygium_resa.htm
Syzygium sayeri,https://apps.lucidcentral.org/rainforest/text/entities/syzygium_sayeri.htm
Syzygium sharoniae,https://apps.lucidcentral.org/rainforest/text/entities/syzygium_sharoniae.htm
Syzygium smithii,https://apps.lucidcentral.org/rainforest/text/entities/syzygium_smithii.htm
Syzygium suborbiculare,https://apps.lucidcentral.org/rainforest/text/entities/syzygium_suborbiculare.htm
Syzygium tierneyanum,https://apps.lucidcentral.org/rainforest/text/entities/syzygium_tierneyanum.htm
Syzygium trachyphloium,https://apps.lucidcentral.org/rainforest/text/entities/syzygium_trachyphloium.htm
Syzygium unipunctatum,https://apps.lucidcentral.org/rainforest/text/entities/syzygium_unipunctatum.htm
Syzygium velarum,https://apps.lucidcentral.org/rainforest/text/entities/syzygium_velarum.htm
Syzygium wesa,https://apps.lucidcentral.org/rainforest/text/entities/syzygium_wesa.htm
Syzygium wilsonii subsp. epigaeum,https://apps.lucidcentral.org/rainforest/text/entities/syzygium_wilsonii_subsp._epigaeum.htm
Syzygium wilsonii subsp. wilsonii,https://apps.lucidcentral.org/rainforest/text/entities/syzygium_wilsonii_subsp._wilsonii.htm
Syzygium xerampelinum,https://apps.lucidcentral.org/rainforest/text/entities/syzygium_xerampelinum.htm
NA,https://apps.lucidcentral.org/rainforest/text/entities/NA.htm
NA,https://apps.lucidcentral.org/rainforest/text/entities/NA.htm
NA,https://apps.lucidcentral.org/rainforest/text/entities/NA.htm
T,https://apps.lucidcentral.org/rainforest/text/entities/t.htm
Tabernaemontana orientalis,https://apps.lucidcentral.org/rainforest/text/entities/tabernaemontana_orientalis.htm
Tabernaemontana pandacaqui,https://apps.lucidcentral.org/rainforest/text/entities/tabernaemontana_pandacaqui.htm
Tacca leontopetaloides,https://apps.lucidcentral.org/rainforest/text/entities/tacca_leontopetaloides.htm
Taccaceae,https://apps.lucidcentral.org/rainforest/text/entities/taccaceae.htm
Tagetes minuta,https://apps.lucidcentral.org/rainforest/text/entities/tagetes_minuta.htm
Tamarindus indica,https://apps.lucidcentral.org/rainforest/text/entities/tamarindus_indica.htm
Tapeinochilos ananassae,https://apps.lucidcentral.org/rainforest/text/entities/tapeinochilos_ananassae.htm
Tapeinosperma pallidum,https://apps.lucidcentral.org/rainforest/text/entities/tapeinosperma_pallidum.htm
Tapeinosperma pseudojambosa,https://apps.lucidcentral.org/rainforest/text/entities/tapeinosperma_pseudojambosa.htm
Tarenna dallachiana subsp. dallachiana,https://apps.lucidcentral.org/rainforest/text/entities/tarenna_dallachiana_subsp._dallachiana.htm
Tarenna dallachiana subsp. expandens,https://apps.lucidcentral.org/rainforest/text/entities/tarenna_dallachiana_subsp._expandens.htm
Tarenna monticola,https://apps.lucidcentral.org/rainforest/text/entities/tarenna_monticola.htm
Tarenna pentamera,https://apps.lucidcentral.org/rainforest/text/entities/tarenna_pentamera.htm
Tarennoidea wallichii,https://apps.lucidcentral.org/rainforest/text/entities/tarennoidea_wallichii.htm
Tasmannia insipida,https://apps.lucidcentral.org/rainforest/text/entities/tasmannia_insipida.htm
Tasmannia membranea,https://apps.lucidcentral.org/rainforest/text/entities/tasmannia_membranea.htm
Tasmannia sp. Mt Bellenden Ker (J.R.Clarkson 6571),https://apps.lucidcentral.org/rainforest/text/entities/tasmannia_sp__mt_bellenden_ker_j_r.clarkson_6571.htm
Tecomanthe burungu,https://apps.lucidcentral.org/rainforest/text/entities/tecomanthe_burungu.htm
Tephrosia brachyodon,https://apps.lucidcentral.org/rainforest/text/entities/tephrosia_brachyodon.htm
Tephrosia dietrichiae,https://apps.lucidcentral.org/rainforest/text/entities/tephrosia_dietrichiae.htm
Tephrosia oblongata,https://apps.lucidcentral.org/rainforest/text/entities/tephrosia_oblongata.htm
Tephrosia purpurea,https://apps.lucidcentral.org/rainforest/text/entities/tephrosia_purpurea.htm
Tephrosia rosea,https://apps.lucidcentral.org/rainforest/text/entities/tephrosia_rosea.htm
Terminalia arenicola,https://apps.lucidcentral.org/rainforest/text/entities/terminalia_arenicola.htm
Terminalia aridicola subsp. chillagoensis,https://apps.lucidcentral.org/rainforest/text/entities/terminalia_aridicola_subsp._chillagoensis.htm
Terminalia catappa,https://apps.lucidcentral.org/rainforest/text/entities/terminalia_catappa.htm
Terminalia complanata,https://apps.lucidcentral.org/rainforest/text/entities/terminalia_complanata.htm
Terminalia erythrocarpa,https://apps.lucidcentral.org/rainforest/text/entities/terminalia_erythrocarpa.htm
Terminalia melanocarpa,https://apps.lucidcentral.org/rainforest/text/entities/terminalia_melanocarpa.htm
Terminalia microcarpa,https://apps.lucidcentral.org/rainforest/text/entities/terminalia_microcarpa.htm
Terminalia muelleri,https://apps.lucidcentral.org/rainforest/text/entities/terminalia_muelleri.htm
Terminalia oblongata,https://apps.lucidcentral.org/rainforest/text/entities/terminalia_oblongata.htm
Terminalia petiolaris,https://apps.lucidcentral.org/rainforest/text/entities/terminalia_petiolaris.htm
Terminalia platyphylla,https://apps.lucidcentral.org/rainforest/text/entities/terminalia_platyphylla.htm
Terminalia porphyrocarpa,https://apps.lucidcentral.org/rainforest/text/entities/terminalia_porphyrocarpa.htm
Terminalia subacroptera,https://apps.lucidcentral.org/rainforest/text/entities/terminalia_subacroptera.htm
Terminalia volucris,https://apps.lucidcentral.org/rainforest/text/entities/terminalia_volucris.htm
Ternstroemia cherryi,https://apps.lucidcentral.org/rainforest/text/entities/ternstroemia_cherryi.htm
Tetracera daemeliana,https://apps.lucidcentral.org/rainforest/text/entities/tetracera_daemeliana.htm
Tetracera nordtiana,https://apps.lucidcentral.org/rainforest/text/entities/tetracera_nordtiana.htm
Tetrameles nudiflora,https://apps.lucidcentral.org/rainforest/text/entities/tetrameles_nudiflora.htm
Tetrardisia bifaria,https://apps.lucidcentral.org/rainforest/text/entities/tetrardisia_bifaria.htm
Tetrastigma crenatum,https://apps.lucidcentral.org/rainforest/text/entities/tetrastigma_crenatum.htm
Tetrastigma nitens,https://apps.lucidcentral.org/rainforest/text/entities/tetrastigma_nitens.htm
Tetrastigma petraeum,https://apps.lucidcentral.org/rainforest/text/entities/tetrastigma_petraeum.htm
Tetrastigma pisicarpum,https://apps.lucidcentral.org/rainforest/text/entities/tetrastigma_pisicarpum.htm
Tetrastigma thorsborneorum,https://apps.lucidcentral.org/rainforest/text/entities/tetrastigma_thorsborneorum.htm
Thaleropia queenslandica,https://apps.lucidcentral.org/rainforest/text/entities/thaleropia_queenslandica.htm
Theaceae,https://apps.lucidcentral.org/rainforest/text/entities/theaceae.htm
Thespesia populnea,https://apps.lucidcentral.org/rainforest/text/entities/thespesia_populnea.htm
Thespesia populneoides,https://apps.lucidcentral.org/rainforest/text/entities/thespesia_populneoides.htm
Thismia hawkesii,https://apps.lucidcentral.org/rainforest/text/entities/thismia_hawkesii.htm
Thismia lanternata,https://apps.lucidcentral.org/rainforest/text/entities/thismia_lanternata.htm
Thismia tectipora,https://apps.lucidcentral.org/rainforest/text/entities/thismia_tectipora.htm
Thismia yorkensis,https://apps.lucidcentral.org/rainforest/text/entities/thismia_yorkensis.htm
Thismiaceae,https://apps.lucidcentral.org/rainforest/text/entities/thismiaceae.htm
Thoracostachyum sumatranum,https://apps.lucidcentral.org/rainforest/text/entities/thoracostachyum_sumatranum.htm
Thryptomene oligandra,https://apps.lucidcentral.org/rainforest/text/entities/thryptomene_oligandra.htm
Thunbergia alata,https://apps.lucidcentral.org/rainforest/text/entities/thunbergia_alata.htm
Thunbergia arnhemica,https://apps.lucidcentral.org/rainforest/text/entities/thunbergia_arnhemica.htm
Thunbergia grandiflora,https://apps.lucidcentral.org/rainforest/text/entities/thunbergia_grandiflora.htm
Thunbergia laurifolia,https://apps.lucidcentral.org/rainforest/text/entities/thunbergia_laurifolia.htm
Thunbergia mysorensis,https://apps.lucidcentral.org/rainforest/text/entities/thunbergia_mysorensis.htm
Thymelaeaceae,https://apps.lucidcentral.org/rainforest/text/entities/thymelaeaceae.htm
Tiliacora australiana,https://apps.lucidcentral.org/rainforest/text/entities/tiliacora_australiana.htm
Timonius singularis,https://apps.lucidcentral.org/rainforest/text/entities/timonius_singularis.htm
Timonius sp. Claudie River (B.Hyland 21096V),https://apps.lucidcentral.org/rainforest/text/entities/timonius_sp__claudie_river_b_hyland_21096v.htm
Timonius timon var. timon,https://apps.lucidcentral.org/rainforest/text/entities/timonius_timon_var._timon.htm
Tinospora esiangkara,https://apps.lucidcentral.org/rainforest/text/entities/tinospora_esiangkara.htm
Tinospora smilacina,https://apps.lucidcentral.org/rainforest/text/entities/tinospora_smilacina.htm
Tithonia diversifolia,https://apps.lucidcentral.org/rainforest/text/entities/tithonia_diversifolia.htm
Toechima daemelianum,https://apps.lucidcentral.org/rainforest/text/entities/toechima_daemelianum.htm
Toechima erythrocarpum,https://apps.lucidcentral.org/rainforest/text/entities/toechima_erythrocarpum.htm
Toechima monticola,https://apps.lucidcentral.org/rainforest/text/entities/toechima_monticola.htm
Toechima pterocarpum,https://apps.lucidcentral.org/rainforest/text/entities/toechima_pterocarpum.htm
Toona ciliata,https://apps.lucidcentral.org/rainforest/text/entities/toona_ciliata.htm
Trachymene geraniifolia,https://apps.lucidcentral.org/rainforest/text/entities/trachymene_geraniifolia.htm
Trachymene tenuifolia,https://apps.lucidcentral.org/rainforest/text/entities/trachymene_tenuifolia.htm
Tradescantia zebrina,https://apps.lucidcentral.org/rainforest/text/entities/tradescantia_zebrina.htm
Tragia finalis,https://apps.lucidcentral.org/rainforest/text/entities/tragia_finalis.htm
Tragia novae-hollandiae,https://apps.lucidcentral.org/rainforest/text/entities/tragia_novae-hollandiae.htm
Trema cannabina,https://apps.lucidcentral.org/rainforest/text/entities/trema_cannabina.htm
Trema orientalis,https://apps.lucidcentral.org/rainforest/text/entities/trema_orientalis.htm
Trema tomentosa var. aspera,https://apps.lucidcentral.org/rainforest/text/entities/trema_tomentosa_var._aspera.htm
Trema tomentosa var. tomentosa,https://apps.lucidcentral.org/rainforest/text/entities/trema_tomentosa_var._tomentosa.htm
Tribulopis homalococca var. alifer,https://apps.lucidcentral.org/rainforest/text/entities/tribulopis_homalococca_var._alifer.htm
Tribulopis solandri,https://apps.lucidcentral.org/rainforest/text/entities/tribulopis_solandri.htm
Trichodesma zeylanicum,https://apps.lucidcentral.org/rainforest/text/entities/trichodesma_zeylanicum.htm
Trichosanthes cucumerina var. cucumerina,https://apps.lucidcentral.org/rainforest/text/entities/trichosanthes_cucumerina_var._cucumerina.htm
Trichosanthes morrisii,https://apps.lucidcentral.org/rainforest/text/entities/trichosanthes_morrisii.htm
Trichosanthes odontosperma,https://apps.lucidcentral.org/rainforest/text/entities/trichosanthes_odontosperma.htm
Trichosanthes pentaphylla,https://apps.lucidcentral.org/rainforest/text/entities/trichosanthes_pentaphylla.htm
Trichosanthes pilosa,https://apps.lucidcentral.org/rainforest/text/entities/trichosanthes_pilosa.htm
Trichospermum pleiostigma,https://apps.lucidcentral.org/rainforest/text/entities/trichospermum_pleiostigma.htm
Tridax procumbens,https://apps.lucidcentral.org/rainforest/text/entities/tridax_procumbens.htm
Triflorensia australis,https://apps.lucidcentral.org/rainforest/text/entities/triflorensia_australis.htm
Triflorensia ixoroides,https://apps.lucidcentral.org/rainforest/text/entities/triflorensia_ixoroides.htm
Trigonostemon inopinatus,https://apps.lucidcentral.org/rainforest/text/entities/trigonostemon_inopinatus.htm
Triodia procera,https://apps.lucidcentral.org/rainforest/text/entities/triodia_procera.htm
Triplaris americana,https://apps.lucidcentral.org/rainforest/text/entities/triplaris_americana.htm
Tristaniopsis exiliflora,https://apps.lucidcentral.org/rainforest/text/entities/tristaniopsis_exiliflora.htm
Tristellateia australasiae,https://apps.lucidcentral.org/rainforest/text/entities/tristellateia_australasiae.htm
Tristemma mauritianum,https://apps.lucidcentral.org/rainforest/text/entities/tristemma_mauritianum.htm
Tristiropsis acutangula,https://apps.lucidcentral.org/rainforest/text/entities/tristiropsis_acutangula.htm
Triumfetta bradshawii,https://apps.lucidcentral.org/rainforest/text/entities/triumfetta_bradshawii.htm
Triumfetta micracantha,https://apps.lucidcentral.org/rainforest/text/entities/triumfetta_micracantha.htm
Triumfetta pilosa,https://apps.lucidcentral.org/rainforest/text/entities/triumfetta_pilosa.htm
Triumfetta rhomboidea,https://apps.lucidcentral.org/rainforest/text/entities/triumfetta_rhomboidea.htm
Triunia erythrocarpa,https://apps.lucidcentral.org/rainforest/text/entities/triunia_erythrocarpa.htm
Triunia montana,https://apps.lucidcentral.org/rainforest/text/entities/triunia_montana.htm
Triuridaceae,https://apps.lucidcentral.org/rainforest/text/entities/triuridaceae.htm
Trochocarpa bellendenkerensis,https://apps.lucidcentral.org/rainforest/text/entities/trochocarpa_bellendenkerensis.htm
Trophis scandens subsp. scandens,https://apps.lucidcentral.org/rainforest/text/entities/trophis_scandens_subsp._scandens.htm
Turbina corymbosa,https://apps.lucidcentral.org/rainforest/text/entities/turbina_corymbosa.htm
Turraea pubescens,https://apps.lucidcentral.org/rainforest/text/entities/turraea_pubescens.htm
Tylophora benthamii,https://apps.lucidcentral.org/rainforest/text/entities/tylophora_benthamii.htm
Tylophora cinerascens,https://apps.lucidcentral.org/rainforest/text/entities/tylophora_cinerascens.htm
Tylophora colorata,https://apps.lucidcentral.org/rainforest/text/entities/tylophora_colorata.htm
Tylophora flexuosa,https://apps.lucidcentral.org/rainforest/text/entities/tylophora_flexuosa.htm
Tylophora grandiflora,https://apps.lucidcentral.org/rainforest/text/entities/tylophora_grandiflora.htm
Tylophora williamsii,https://apps.lucidcentral.org/rainforest/text/entities/tylophora_williamsii.htm
Typhonium alismifolium,https://apps.lucidcentral.org/rainforest/text/entities/typhonium_alismifolium.htm
Typhonium brownii,https://apps.lucidcentral.org/rainforest/text/entities/typhonium_brownii.htm
Typhonium flagelliforme,https://apps.lucidcentral.org/rainforest/text/entities/typhonium_flagelliforme.htm
Typhonium peltandroides,https://apps.lucidcentral.org/rainforest/text/entities/typhonium_peltandroides.htm
Typhonium wilbertii,https://apps.lucidcentral.org/rainforest/text/entities/typhonium_wilbertii.htm
NA,https://apps.lucidcentral.org/rainforest/text/entities/NA.htm
NA,https://apps.lucidcentral.org/rainforest/text/entities/NA.htm
NA,https://apps.lucidcentral.org/rainforest/text/entities/NA.htm
U,https://apps.lucidcentral.org/rainforest/text/entities/u.htm
Uncaria callophylla,https://apps.lucidcentral.org/rainforest/text/entities/uncaria_callophylla.htm
Uncaria cordata var. cordata,https://apps.lucidcentral.org/rainforest/text/entities/uncaria_cordata_var._cordata.htm
Uncaria lanosa var. appendiculata,https://apps.lucidcentral.org/rainforest/text/entities/uncaria_lanosa_var._appendiculata.htm
Urena lobata,https://apps.lucidcentral.org/rainforest/text/entities/urena_lobata.htm
Urochloa pubigera,https://apps.lucidcentral.org/rainforest/text/entities/urochloa_pubigera.htm
Urochloa reptans,https://apps.lucidcentral.org/rainforest/text/entities/urochloa_reptans.htm
Urochloa subquadripara,https://apps.lucidcentral.org/rainforest/text/entities/urochloa_subquadripara.htm
Uromyrtus metrosideros,https://apps.lucidcentral.org/rainforest/text/entities/uromyrtus_metrosideros.htm
Uromyrtus tenella,https://apps.lucidcentral.org/rainforest/text/entities/uromyrtus_tenella.htm
Urtica incisa,https://apps.lucidcentral.org/rainforest/text/entities/urtica_incisa.htm
Urticaceae,https://apps.lucidcentral.org/rainforest/text/entities/urticaceae.htm
Utricularia uliginosa,https://apps.lucidcentral.org/rainforest/text/entities/utricularia_uliginosa.htm
Uvaria concava,https://apps.lucidcentral.org/rainforest/text/entities/uvaria_concava.htm
Uvaria glabra,https://apps.lucidcentral.org/rainforest/text/entities/uvaria_glabra.htm
Uvaria holtzei,https://apps.lucidcentral.org/rainforest/text/entities/uvaria_holtzei.htm
Uvaria leichhardtii,https://apps.lucidcentral.org/rainforest/text/entities/uvaria_leichhardtii.htm
Uvaria micrantha,https://apps.lucidcentral.org/rainforest/text/entities/uvaria_micrantha.htm
Uvaria rufa,https://apps.lucidcentral.org/rainforest/text/entities/uvaria_rufa.htm
Uvaria rupestre,https://apps.lucidcentral.org/rainforest/text/entities/uvaria_rupestre.htm
Uvaria sankowskyi,https://apps.lucidcentral.org/rainforest/text/entities/uvaria_sankowskyi.htm
Uvaria scabridula,https://apps.lucidcentral.org/rainforest/text/entities/uvaria_scabridula.htm
Uvaria topazensis,https://apps.lucidcentral.org/rainforest/text/entities/uvaria_topazensis.htm
Uvaria uhrii,https://apps.lucidcentral.org/rainforest/text/entities/uvaria_uhrii.htm
Uvaria unguiculata,https://apps.lucidcentral.org/rainforest/text/entities/uvaria_unguiculata.htm
NA,https://apps.lucidcentral.org/rainforest/text/entities/NA.htm
NA,https://apps.lucidcentral.org/rainforest/text/entities/NA.htm
NA,https://apps.lucidcentral.org/rainforest/text/entities/NA.htm
V,https://apps.lucidcentral.org/rainforest/text/entities/v.htm
Vandasina retusa,https://apps.lucidcentral.org/rainforest/text/entities/vandasina_retusa.htm
Vanroyena castanosperma,https://apps.lucidcentral.org/rainforest/text/entities/vanroyena_castanosperma.htm
Vavaea amicorum,https://apps.lucidcentral.org/rainforest/text/entities/vavaea_amicorum.htm
Ventilago ecorollata,https://apps.lucidcentral.org/rainforest/text/entities/ventilago_ecorollata.htm
Ventilago pubiflora,https://apps.lucidcentral.org/rainforest/text/entities/ventilago_pubiflora.htm
Ventilago viminalis,https://apps.lucidcentral.org/rainforest/text/entities/ventilago_viminalis.htm
Verbena bonariensis,https://apps.lucidcentral.org/rainforest/text/entities/verbena_bonariensis.htm
Verbena litoralis,https://apps.lucidcentral.org/rainforest/text/entities/verbena_litoralis.htm
Verbenaceae,https://apps.lucidcentral.org/rainforest/text/entities/verbenaceae.htm
Veronica plebeia,https://apps.lucidcentral.org/rainforest/text/entities/veronica_plebeia.htm
Vigna marina,https://apps.lucidcentral.org/rainforest/text/entities/vigna_marina.htm
Vigna sp. Station Creek (R.J.Lawn CQ3284),https://apps.lucidcentral.org/rainforest/text/entities/vigna_sp__station_creek_r_j.lawn_cq3284.htm
Viola perreniformis,https://apps.lucidcentral.org/rainforest/text/entities/viola_perreniformis.htm
Violaceae,https://apps.lucidcentral.org/rainforest/text/entities/violaceae.htm
Viscum articulatum,https://apps.lucidcentral.org/rainforest/text/entities/viscum_articulatum.htm
Viscum ovalifolium,https://apps.lucidcentral.org/rainforest/text/entities/viscum_ovalifolium.htm
Vitaceae,https://apps.lucidcentral.org/rainforest/text/entities/vitaceae.htm
Vitex acuminata,https://apps.lucidcentral.org/rainforest/text/entities/vitex_acuminata.htm
Vitex glabrata,https://apps.lucidcentral.org/rainforest/text/entities/vitex_glabrata.htm
Vitex helogiton,https://apps.lucidcentral.org/rainforest/text/entities/vitex_helogiton.htm
Vitex lignum-vitae,https://apps.lucidcentral.org/rainforest/text/entities/vitex_lignum-vitae.htm
Vitex melicopea,https://apps.lucidcentral.org/rainforest/text/entities/vitex_melicopea.htm
Vitex queenslandica,https://apps.lucidcentral.org/rainforest/text/entities/vitex_queenslandica.htm
Vitex rotundifolia,https://apps.lucidcentral.org/rainforest/text/entities/vitex_rotundifolia.htm
Vitex trifolia var. trifolia,https://apps.lucidcentral.org/rainforest/text/entities/vitex_trifolia_var._trifolia.htm
Vittadinia bicolor,https://apps.lucidcentral.org/rainforest/text/entities/vittadinia_bicolor.htm
Vittadinia scabra,https://apps.lucidcentral.org/rainforest/text/entities/vittadinia_scabra.htm
Voacanga grandifolia,https://apps.lucidcentral.org/rainforest/text/entities/voacanga_grandifolia.htm
NA,https://apps.lucidcentral.org/rainforest/text/entities/NA.htm
NA,https://apps.lucidcentral.org/rainforest/text/entities/NA.htm
NA,https://apps.lucidcentral.org/rainforest/text/entities/NA.htm
W,https://apps.lucidcentral.org/rainforest/text/entities/w.htm
Waltheria indica,https://apps.lucidcentral.org/rainforest/text/entities/waltheria_indica.htm
Welchiodendron longivalve,https://apps.lucidcentral.org/rainforest/text/entities/welchiodendron_longivalve.htm
Wendlandia basistaminea,https://apps.lucidcentral.org/rainforest/text/entities/wendlandia_basistaminea.htm
Wendlandia connata,https://apps.lucidcentral.org/rainforest/text/entities/wendlandia_connata.htm
Wendlandia inclusa,https://apps.lucidcentral.org/rainforest/text/entities/wendlandia_inclusa.htm
Wendlandia urceolata,https://apps.lucidcentral.org/rainforest/text/entities/wendlandia_urceolata.htm
Wetria australiensis,https://apps.lucidcentral.org/rainforest/text/entities/wetria_australiensis.htm
Whyanbeelia terrae-reginae,https://apps.lucidcentral.org/rainforest/text/entities/whyanbeelia_terrae-reginae.htm
Wikstroemia indica,https://apps.lucidcentral.org/rainforest/text/entities/wikstroemia_indica.htm
Wilkiea angustifolia,https://apps.lucidcentral.org/rainforest/text/entities/wilkiea_angustifolia.htm
Wilkiea cordata,https://apps.lucidcentral.org/rainforest/text/entities/wilkiea_cordata.htm
Wilkiea hylandii,https://apps.lucidcentral.org/rainforest/text/entities/wilkiea_hylandii.htm
Wilkiea kaarruana,https://apps.lucidcentral.org/rainforest/text/entities/wilkiea_kaarruana.htm
Wilkiea longipes,https://apps.lucidcentral.org/rainforest/text/entities/wilkiea_longipes.htm
Wilkiea macrophylla,https://apps.lucidcentral.org/rainforest/text/entities/wilkiea_macrophylla.htm
Wilkiea pubescens,https://apps.lucidcentral.org/rainforest/text/entities/wilkiea_pubescens.htm
Wilkiea rigidifolia,https://apps.lucidcentral.org/rainforest/text/entities/wilkiea_rigidifolia.htm
Wilkiea smithii,https://apps.lucidcentral.org/rainforest/text/entities/wilkiea_smithii.htm
Wilkiea sp. McDowall Range (J.G.Tracey 14552),https://apps.lucidcentral.org/rainforest/text/entities/wilkiea_sp__mcdowall_range_j_g.tracey_14552.htm
Winteraceae,https://apps.lucidcentral.org/rainforest/text/entities/winteraceae.htm
Wodyetia bifurcata,https://apps.lucidcentral.org/rainforest/text/entities/wodyetia_bifurcata.htm
Wollastonia biflora var. biflora,https://apps.lucidcentral.org/rainforest/text/entities/wollastonia_biflora_var._biflora.htm
Wrightia laevis,https://apps.lucidcentral.org/rainforest/text/entities/wrightia_laevis.htm
Wrightia pubescens subsp. penicillata,https://apps.lucidcentral.org/rainforest/text/entities/wrightia_pubescens_subsp._penicillata.htm
Wrightia pubescens subsp. pubescens,https://apps.lucidcentral.org/rainforest/text/entities/wrightia_pubescens_subsp._pubescens.htm
Wrightia saligna,https://apps.lucidcentral.org/rainforest/text/entities/wrightia_saligna.htm
Wrightia versicolor,https://apps.lucidcentral.org/rainforest/text/entities/wrightia_versicolor.htm
NA,https://apps.lucidcentral.org/rainforest/text/entities/NA.htm
NA,https://apps.lucidcentral.org/rainforest/text/entities/NA.htm
NA,https://apps.lucidcentral.org/rainforest/text/entities/NA.htm
X,https://apps.lucidcentral.org/rainforest/text/entities/x.htm
Xanthophyllum fragrans,https://apps.lucidcentral.org/rainforest/text/entities/xanthophyllum_fragrans.htm
Xanthophyllum octandrum,https://apps.lucidcentral.org/rainforest/text/entities/xanthophyllum_octandrum.htm
Xanthostemon arenarius,https://apps.lucidcentral.org/rainforest/text/entities/xanthostemon_arenarius.htm
Xanthostemon chrysanthus,https://apps.lucidcentral.org/rainforest/text/entities/xanthostemon_chrysanthus.htm
Xanthostemon crenulatus,https://apps.lucidcentral.org/rainforest/text/entities/xanthostemon_crenulatus.htm
Xanthostemon eucalyptoides,https://apps.lucidcentral.org/rainforest/text/entities/xanthostemon_eucalyptoides.htm
Xanthostemon formosus,https://apps.lucidcentral.org/rainforest/text/entities/xanthostemon_formosus.htm
Xanthostemon graniticus,https://apps.lucidcentral.org/rainforest/text/entities/xanthostemon_graniticus.htm
Xanthostemon paradoxus,https://apps.lucidcentral.org/rainforest/text/entities/xanthostemon_paradoxus.htm
Xanthostemon umbrosus,https://apps.lucidcentral.org/rainforest/text/entities/xanthostemon_umbrosus.htm
Xanthostemon verticillatus,https://apps.lucidcentral.org/rainforest/text/entities/xanthostemon_verticillatus.htm
Xanthostemon whitei,https://apps.lucidcentral.org/rainforest/text/entities/xanthostemon_whitei.htm
Xanthostemon xerophilus,https://apps.lucidcentral.org/rainforest/text/entities/xanthostemon_xerophilus.htm
Xanthostemon youngii,https://apps.lucidcentral.org/rainforest/text/entities/xanthostemon_youngii.htm
Xenostegia tridentata,https://apps.lucidcentral.org/rainforest/text/entities/xenostegia_tridentata.htm
Ximenia americana,https://apps.lucidcentral.org/rainforest/text/entities/ximenia_americana.htm
Xylopia maccreae,https://apps.lucidcentral.org/rainforest/text/entities/xylopia_maccreae.htm
Xylopia monosperma,https://apps.lucidcentral.org/rainforest/text/entities/xylopia_monosperma.htm
Xylosma ovata,https://apps.lucidcentral.org/rainforest/text/entities/xylosma_ovata.htm
Xylosma sp. Mt Lewis (G.Sankowsky 1108),https://apps.lucidcentral.org/rainforest/text/entities/xylosma_sp__mt_lewis_g_sankowsky_1108.htm
Xylosma sp. Temple Bay (P.I.Forster PIF8980),https://apps.lucidcentral.org/rainforest/text/entities/xylosma_sp__temple_bay_p_i.forster_pif8980.htm
NA,https://apps.lucidcentral.org/rainforest/text/entities/NA.htm
NA,https://apps.lucidcentral.org/rainforest/text/entities/NA.htm
NA,https://apps.lucidcentral.org/rainforest/text/entities/NA.htm
Y,https://apps.lucidcentral.org/rainforest/text/entities/y.htm
Youngia japonica,https://apps.lucidcentral.org/rainforest/text/entities/youngia_japonica.htm
NA,https://apps.lucidcentral.org/rainforest/text/entities/NA.htm
NA,https://apps.lucidcentral.org/rainforest/text/entities/NA.htm
NA,https://apps.lucidcentral.org/rainforest/text/entities/NA.htm
Z,https://apps.lucidcentral.org/rainforest/text/entities/z.htm
Zamiaceae,https://apps.lucidcentral.org/rainforest/text/entities/zamiaceae.htm
Zanthoxylum brachyacanthum,https://apps.lucidcentral.org/rainforest/text/entities/zanthoxylum_brachyacanthum.htm
Zanthoxylum nitidum,https://apps.lucidcentral.org/rainforest/text/entities/zanthoxylum_nitidum.htm
Zanthoxylum ovalifolium,https://apps.lucidcentral.org/rainforest/text/entities/zanthoxylum_ovalifolium.htm
Zanthoxylum rhetsa,https://apps.lucidcentral.org/rainforest/text/entities/zanthoxylum_rhetsa.htm
Zehneria cunninghamii,https://apps.lucidcentral.org/rainforest/text/entities/zehneria_cunninghamii.htm
Zieria alata,https://apps.lucidcentral.org/rainforest/text/entities/zieria_alata.htm
Zieria eungellaensis,https://apps.lucidcentral.org/rainforest/text/entities/zieria_eungellaensis.htm
Zieria insularis,https://apps.lucidcentral.org/rainforest/text/entities/zieria_insularis.htm
Zieria madida,https://apps.lucidcentral.org/rainforest/text/entities/zieria_madida.htm
Zieria robertsiorum,https://apps.lucidcentral.org/rainforest/text/entities/zieria_robertsiorum.htm
Zieria smithii,https://apps.lucidcentral.org/rainforest/text/entities/zieria_smithii.htm
Zingiber zerumbet,https://apps.lucidcentral.org/rainforest/text/entities/zingiber_zerumbet.htm
Zingiberaceae,https://apps.lucidcentral.org/rainforest/text/entities/zingiberaceae.htm
Ziziphus mauritiana,https://apps.lucidcentral.org/rainforest/text/entities/ziziphus_mauritiana.htm
Ziziphus oenopolia,https://apps.lucidcentral.org/rainforest/text/entities/ziziphus_oenopolia.htm
Ziziphus quadrilocularis,https://apps.lucidcentral.org/rainforest/text/entities/ziziphus_quadrilocularis.htm
Ziziphus timoriensis,https://apps.lucidcentral.org/rainforest/text/entities/ziziphus_timoriensis.htm
