Entity,trait,structure_measured,trait_groupings,trait_group_for_portal,core_trait,keywords
https://w3id.org/APD/traits/trait_0000012,leaf_Al_per_dry_mass,leaf,live leaf mineral and ion content trait,nutrient and stable isotope,NA,aluminium atom
https://w3id.org/APD/traits/trait_0000014,leaf_B_per_dry_mass,leaf,live leaf mineral and ion content trait,nutrient and stable isotope,NA,boron atom; micronutrient
https://w3id.org/APD/traits/trait_0000016,leaf_C_per_dry_mass,leaf,live leaf mineral and ion content trait,nutrient and stable isotope,NA,carbon atom
https://w3id.org/APD/traits/trait_0000018,leaf_Ca_per_dry_mass,leaf,live leaf mineral and ion content trait,nutrient and stable isotope,NA,calcium atom; micronutrient
https://w3id.org/APD/traits/trait_0000020,leaf_Cl_per_dry_mass,leaf,live leaf mineral and ion content trait,nutrient and stable isotope,NA,chlorine atom
https://w3id.org/APD/traits/trait_0000022,leaf_Cr_per_dry_mass,leaf,live leaf mineral and ion content trait,nutrient and stable isotope,NA,chromium atom
https://w3id.org/APD/traits/trait_0000024,leaf_Co_per_dry_mass,leaf,live leaf mineral and ion content trait,nutrient and stable isotope,NA,cobalt atom; micronutrient
https://w3id.org/APD/traits/trait_0000026,leaf_Cu_per_dry_mass,leaf,live leaf mineral and ion content trait,nutrient and stable isotope,NA,copper atom; micronutrient
https://w3id.org/APD/traits/trait_0000028,leaf_Fe_per_dry_mass,leaf,live leaf mineral and ion content trait,nutrient and stable isotope,NA,iron atom; micronutrient
https://w3id.org/APD/traits/trait_0000029,leaf_K_per_area,leaf,live leaf mineral and ion content trait,nutrient and stable isotope,NA,potassium atom; macronutrient
https://w3id.org/APD/traits/trait_0000030,leaf_K_per_dry_mass,leaf,live leaf mineral and ion content trait,nutrient and stable isotope,NA,potassium atom; macronutrient
https://w3id.org/APD/traits/trait_0000032,leaf_Mg_per_dry_mass,leaf,live leaf mineral and ion content trait,nutrient and stable isotope,NA,magnesium atom; micronutrient
https://w3id.org/APD/traits/trait_0000034,leaf_Mn_per_dry_mass,leaf,live leaf mineral and ion content trait,nutrient and stable isotope,NA,manganese atom; micronutrient
https://w3id.org/APD/traits/trait_0000036,leaf_Mo_per_dry_mass,leaf,live leaf mineral and ion content trait,nutrient and stable isotope,NA,molybdenum atom; micronutrient
https://w3id.org/APD/traits/trait_0000037,leaf_N_per_area,leaf,live leaf mineral and ion content trait,nutrient and stable isotope,NA,nitrogen atom; macronutrient
https://w3id.org/APD/traits/trait_0000038,leaf_N_per_dry_mass,leaf,live leaf mineral and ion content trait,nutrient and stable isotope,core_trait,nitrogen atom; macronutrient
https://w3id.org/APD/traits/trait_0000040,leaf_Na_per_dry_mass,leaf,live leaf mineral and ion content trait,nutrient and stable isotope,NA,sodium atom; micronutrient
https://w3id.org/APD/traits/trait_0000042,leaf_Ni_per_dry_mass,leaf,live leaf mineral and ion content trait,nutrient and stable isotope,NA,nickel atom
https://w3id.org/APD/traits/trait_0000043,leaf_P_per_area,leaf,live leaf mineral and ion content trait,nutrient and stable isotope,NA,phosphorus atom; macronutrient
https://w3id.org/APD/traits/trait_0000044,leaf_P_per_dry_mass,leaf,live leaf mineral and ion content trait,nutrient and stable isotope,core_trait,phosphorus atom; macronutrient
https://w3id.org/APD/traits/trait_0000046,leaf_S_per_dry_mass,leaf,live leaf mineral and ion content trait,nutrient and stable isotope,NA,sulfur atom; micronutrient
https://w3id.org/APD/traits/trait_0000048,leaf_Se_per_dry_mass,leaf,live leaf mineral and ion content trait,nutrient and stable isotope,NA,selenium atom
https://w3id.org/APD/traits/trait_0000050,leaf_Si_per_dry_mass,leaf,live leaf mineral and ion content trait,nutrient and stable isotope,NA,silicon atom
https://w3id.org/APD/traits/trait_0000052,leaf_Zn_per_dry_mass,leaf,live leaf mineral and ion content trait,nutrient and stable isotope,NA,zinc atom; micronutrient
https://w3id.org/APD/traits/trait_0000090,leaf_CN_ratio,leaf,live leaf mineral and ion content trait,nutrient and stable isotope,NA,carbon atom; macronutrient; nitrogen atom
https://w3id.org/APD/traits/trait_0000091,leaf_NP_ratio,leaf,live leaf mineral and ion content trait,nutrient and stable isotope,NA,nitrogen atom; macronutrient; phosphorus atom
https://w3id.org/APD/traits/trait_0000112,leaf_senesced_Al_per_dry_mass,leaf,senesced leaf mineral and ion content trait,nutrient and stable isotope,NA,aluminium atom; senescent; plant litter
https://w3id.org/APD/traits/trait_0000114,leaf_senesced_B_per_dry_mass,leaf,senesced leaf mineral and ion content trait,nutrient and stable isotope,NA,boron atom; senescent; micronutrient; plant litter
https://w3id.org/APD/traits/trait_0000116,leaf_senesced_C_per_dry_mass,leaf,senesced leaf mineral and ion content trait,nutrient and stable isotope,NA,carbon atom; senescent; plant litter
https://w3id.org/APD/traits/trait_0000118,leaf_senesced_Ca_per_dry_mass,leaf,senesced leaf mineral and ion content trait,nutrient and stable isotope,NA,calcium atom; senescent; micronutrient; plant litter
https://w3id.org/APD/traits/trait_0000126,leaf_senesced_Cu_per_dry_mass,leaf,senesced leaf mineral and ion content trait,nutrient and stable isotope,NA,copper atom; senescent; micronutrient; plant litter
https://w3id.org/APD/traits/trait_0000128,leaf_senesced_Fe_per_dry_mass,leaf,senesced leaf mineral and ion content trait,nutrient and stable isotope,NA,iron atom; senescent; micronutrient; plant litter
https://w3id.org/APD/traits/trait_0000130,leaf_senesced_K_per_dry_mass,leaf,senesced leaf mineral and ion content trait,nutrient and stable isotope,NA,potassium atom; senescent; macronutrient; plant litter
https://w3id.org/APD/traits/trait_0000132,leaf_senesced_Mg_per_dry_mass,leaf,senesced leaf mineral and ion content trait,nutrient and stable isotope,NA,magnesium atom; senescent; micronutrient; plant litter
https://w3id.org/APD/traits/trait_0000134,leaf_senesced_Mn_per_dry_mass,leaf,senesced leaf mineral and ion content trait,nutrient and stable isotope,NA,manganese atom; senescent; micronutrient; plant litter
https://w3id.org/APD/traits/trait_0000136,leaf_senesced_Mo_per_dry_mass,leaf,senesced leaf mineral and ion content trait,nutrient and stable isotope,NA,molybdenum atom; senescent; micronutrient; plant litter
https://w3id.org/APD/traits/trait_0000138,leaf_senesced_N_per_dry_mass,leaf,senesced leaf mineral and ion content trait,nutrient and stable isotope,NA,nitrogen atom; senescent; macronutrient; plant litter
https://w3id.org/APD/traits/trait_0000140,leaf_senesced_Na_per_dry_mass,leaf,senesced leaf mineral and ion content trait,nutrient and stable isotope,NA,sodium atom; senescent; micronutrient; plant litter
https://w3id.org/APD/traits/trait_0000142,leaf_senesced_Ni_per_dry_mass,leaf,senesced leaf mineral and ion content trait,nutrient and stable isotope,NA,nickel atom; senescent; plant litter
https://w3id.org/APD/traits/trait_0000144,leaf_senesced_P_per_dry_mass,leaf,senesced leaf mineral and ion content trait,nutrient and stable isotope,NA,phosphorus atom; senescent; macronutrient; plant litter
https://w3id.org/APD/traits/trait_0000146,leaf_senesced_S_per_dry_mass,leaf,senesced leaf mineral and ion content trait,nutrient and stable isotope,NA,sulfur atom; senescent; micronutrient; plant litter
https://w3id.org/APD/traits/trait_0000152,leaf_senesced_Zn_per_dry_mass,leaf,senesced leaf mineral and ion content trait,nutrient and stable isotope,NA,zinc atom; senescent; micronutrient; plant litter
https://w3id.org/APD/traits/trait_0022012,leaf_N_resorption,leaf,nutrient recycling trait,nutrient and stable isotope,NA,nitrogen atom; senescent; resorption; plant litter; macronutrient
https://w3id.org/APD/traits/trait_0022013,leaf_P_resorption,leaf,nutrient recycling trait,nutrient and stable isotope,NA,phosphorus atom; senescent; resorption; plant litter; macronutrient
https://w3id.org/APD/traits/trait_0000216,stem_C_per_dry_mass,stem,stem mineral and ion content trait,nutrient and stable isotope,NA,carbon atom
https://w3id.org/APD/traits/trait_0000238,stem_N_per_dry_mass,stem,stem mineral and ion content trait,nutrient and stable isotope,NA,nitrogen atom; macronutrient
https://w3id.org/APD/traits/trait_0000416,wood_C_per_dry_mass,"stem; wood, secondary xylem",wood mineral and ion content trait,nutrient and stable isotope,NA,carbon atom; wood; plant litter
https://w3id.org/APD/traits/trait_0000418,wood_Ca_per_dry_mass,"stem; wood, secondary xylem",wood mineral and ion content trait,nutrient and stable isotope,NA,calcium atom; wood; micronutrient; plant litter
https://w3id.org/APD/traits/trait_0000430,wood_K_per_dry_mass,"stem; wood, secondary xylem",wood mineral and ion content trait,nutrient and stable isotope,NA,potassium atom; wood; macronutrient; plant litter
https://w3id.org/APD/traits/trait_0000432,wood_Mg_per_dry_mass,"stem; wood, secondary xylem",wood mineral and ion content trait,nutrient and stable isotope,NA,magnesium atom; wood; micronutrient; plant litter
https://w3id.org/APD/traits/trait_0000438,wood_N_per_dry_mass,"stem; wood, secondary xylem",wood mineral and ion content trait,nutrient and stable isotope,NA,nitrogen atom; wood; macronutrient; plant litter
https://w3id.org/APD/traits/trait_0000440,wood_Na_per_dry_mass,"stem; wood, secondary xylem",wood mineral and ion content trait,nutrient and stable isotope,NA,sodium atom; wood; micronutrient; plant litter
https://w3id.org/APD/traits/trait_0000444,wood_P_per_dry_mass,"stem; wood, secondary xylem",wood mineral and ion content trait,nutrient and stable isotope,NA,phosphorus atom; wood; macronutrient; plant litter
https://w3id.org/APD/traits/trait_0000518,wood_dead_Ca_per_dry_mass,"stem; wood, secondary xylem",senesced wood mineral and ion content trait,nutrient and stable isotope,NA,calcium atom; senescent; wood; micronutrient; plant litter
https://w3id.org/APD/traits/trait_0000530,wood_dead_K_per_dry_mass,"stem; wood, secondary xylem",senesced wood mineral and ion content trait,nutrient and stable isotope,NA,potassium atom; senescent; wood; macronutrient; plant litter
https://w3id.org/APD/traits/trait_0000532,wood_dead_Mg_per_dry_mass,"stem; wood, secondary xylem",senesced wood mineral and ion content trait,nutrient and stable isotope,NA,magnesium atom; senescent; wood; micronutrient; plant litter
https://w3id.org/APD/traits/trait_0000538,wood_dead_N_per_dry_mass,"stem; wood, secondary xylem",senesced wood mineral and ion content trait,nutrient and stable isotope,NA,nitrogen atom; senescent; wood; macronutrient; plant litter
https://w3id.org/APD/traits/trait_0000540,wood_dead_Na_per_dry_mass,"stem; wood, secondary xylem",senesced wood mineral and ion content trait,nutrient and stable isotope,NA,sodium atom; senescent; wood; micronutrient; plant litter
https://w3id.org/APD/traits/trait_0000544,wood_dead_P_per_dry_mass,"stem; wood, secondary xylem",senesced wood mineral and ion content trait,nutrient and stable isotope,NA,phosphorus atom; senescent; wood; macronutrient; plant litter
https://w3id.org/APD/traits/trait_0000612,bark_Al_per_dry_mass,bark,stem mineral and ion content trait,nutrient and stable isotope,NA,aluminium atom
https://w3id.org/APD/traits/trait_0000614,bark_B_per_dry_mass,bark,stem mineral and ion content trait,nutrient and stable isotope,NA,boron atom; micronutrient
https://w3id.org/APD/traits/trait_0000616,bark_C_per_dry_mass,bark,stem mineral and ion content trait,nutrient and stable isotope,NA,carbon atom
https://w3id.org/APD/traits/trait_0000618,bark_Ca_per_dry_mass,bark,stem mineral and ion content trait,nutrient and stable isotope,NA,calcium atom; micronutrient
https://w3id.org/APD/traits/trait_0000626,bark_Cu_per_dry_mass,bark,stem mineral and ion content trait,nutrient and stable isotope,NA,copper atom; micronutrient
https://w3id.org/APD/traits/trait_0000628,bark_Fe_per_dry_mass,bark,stem mineral and ion content trait,nutrient and stable isotope,NA,iron atom; micronutrient
https://w3id.org/APD/traits/trait_0000630,bark_K_per_dry_mass,bark,stem mineral and ion content trait,nutrient and stable isotope,NA,potassium atom; macronutrient
https://w3id.org/APD/traits/trait_0000632,bark_Mg_per_dry_mass,bark,stem mineral and ion content trait,nutrient and stable isotope,NA,magnesium atom; micronutrient
https://w3id.org/APD/traits/trait_0000634,bark_Mn_per_dry_mass,bark,stem mineral and ion content trait,nutrient and stable isotope,NA,manganese atom; micronutrient
https://w3id.org/APD/traits/trait_0000638,bark_N_per_dry_mass,bark,stem mineral and ion content trait,nutrient and stable isotope,NA,nitrogen atom; macronutrient
https://w3id.org/APD/traits/trait_0000640,bark_Na_per_dry_mass,bark,stem mineral and ion content trait,nutrient and stable isotope,NA,sodium atom; micronutrient
https://w3id.org/APD/traits/trait_0000644,bark_P_per_dry_mass,bark,stem mineral and ion content trait,nutrient and stable isotope,NA,phosphorus atom; macronutrient
https://w3id.org/APD/traits/trait_0000646,bark_S_per_dry_mass,bark,stem mineral and ion content trait,nutrient and stable isotope,NA,sulfur atom; micronutrient
https://w3id.org/APD/traits/trait_0000652,bark_Zn_per_dry_mass,bark,stem mineral and ion content trait,nutrient and stable isotope,NA,zinc atom; micronutrient
https://w3id.org/APD/traits/trait_0000816,root_C_per_dry_mass,root,root mineral and ion content trait,nutrient and stable isotope,NA,carbon atom
https://w3id.org/APD/traits/trait_0000838,root_N_per_dry_mass,root,root mineral and ion content trait,nutrient and stable isotope,NA,nitrogen atom; macronutrient
https://w3id.org/APD/traits/trait_0000844,root_P_per_dry_mass,root,root mineral and ion content trait,nutrient and stable isotope,NA,phosphorus atom; macronutrient
https://w3id.org/APD/traits/trait_0001038,flower_N_per_dry_mass,reproductive shoot system; flower,reproductive shoot system mineral and ion content trait,nutrient and stable isotope,NA,reproduction; nitrogen atom; macronutrient
https://w3id.org/APD/traits/trait_0001118,fruit_Ca_per_dry_mass,reproductive shoot system; fruit,reproductive shoot system mineral and ion content trait,nutrient and stable isotope,NA,calcium atom; micronutrient; reproduction
https://w3id.org/APD/traits/trait_0001130,fruit_K_per_dry_mass,reproductive shoot system; fruit,reproductive shoot system mineral and ion content trait,nutrient and stable isotope,NA,potassium atom; macronutrient; reproduction
https://w3id.org/APD/traits/trait_0001132,fruit_Mg_per_dry_mass,reproductive shoot system; fruit,reproductive shoot system mineral and ion content trait,nutrient and stable isotope,NA,magnesium atom; micronutrient; reproduction
https://w3id.org/APD/traits/trait_0001138,fruit_N_per_dry_mass,reproductive shoot system; fruit,reproductive shoot system mineral and ion content trait,nutrient and stable isotope,NA,nitrogen atom; macronutrient; reproduction
https://w3id.org/APD/traits/trait_0001144,fruit_P_per_dry_mass,reproductive shoot system; fruit,reproductive shoot system mineral and ion content trait,nutrient and stable isotope,NA,phosphorus atom; macronutrient; reproduction
https://w3id.org/APD/traits/trait_0001146,fruit_S_per_dry_mass,reproductive shoot system; fruit,reproductive shoot system mineral and ion content trait,nutrient and stable isotope,NA,sulfur atom; micronutrient; reproduction
https://w3id.org/APD/traits/trait_0001218,seed_Ca_per_seed_dry_mass,reproductive shoot system; seed,reproductive shoot system mineral and ion content trait,nutrient and stable isotope,NA,calcium atom; micronutrient; reproduction
https://w3id.org/APD/traits/trait_0001230,seed_K_per_seed_dry_mass,reproductive shoot system; seed,reproductive shoot system mineral and ion content trait,nutrient and stable isotope,NA,potassium atom; macronutrient; reproduction
https://w3id.org/APD/traits/trait_0001232,seed_Mg_per_seed_dry_mass,reproductive shoot system; seed,reproductive shoot system mineral and ion content trait,nutrient and stable isotope,NA,magnesium atom; micronutrient; reproduction
https://w3id.org/APD/traits/trait_0001238,seed_N_per_seed_dry_mass,reproductive shoot system; seed,reproductive shoot system mineral and ion content trait,nutrient and stable isotope,NA,nitrogen atom; macronutrient; reproduction
https://w3id.org/APD/traits/trait_0001244,seed_P_per_seed_dry_mass,reproductive shoot system; seed,reproductive shoot system mineral and ion content trait,nutrient and stable isotope,NA,phosphorus atom; macronutrient; reproduction
https://w3id.org/APD/traits/trait_0001246,seed_S_per_seed_dry_mass,reproductive shoot system; seed,reproductive shoot system mineral and ion content trait,nutrient and stable isotope,NA,sulfur atom; micronutrient; reproduction
https://w3id.org/APD/traits/trait_0001511,leaf_cell_wall_N_per_cell_wall_dry_mass,leaf,live leaf mineral and ion content trait,nutrient and stable isotope,NA,nitrogen atom; macronutrient; cell; plant-type cell wall
https://w3id.org/APD/traits/trait_0001512,leaf_cell_wall_N_per_leaf_N,leaf,live leaf mineral and ion content trait,nutrient and stable isotope,NA,nitrogen atom; macronutrient; cell; plant-type cell wall
https://w3id.org/APD/traits/trait_0001513,leaf_rubisco_N_per_total_leaf_N,leaf,cell or tissue mineral and ion content trait,nutrient and stable isotope,NA,nitrogen atom; macronutrient; cell; protein; Ribulose-Bisphosphate Carboxylase; chloroplast
https://w3id.org/APD/traits/trait_0001514,leaf_thylakoid_N_per_total_leaf_N,leaf,cell or tissue mineral and ion content trait,nutrient and stable isotope,NA,nitrogen atom; macronutrient; cell; protein; thylakoid; chloroplast
https://w3id.org/APD/traits/trait_0001611,leaf_epidermis_Ca_per_fresh_mass,leaf,cell or tissue mineral and ion content trait,nutrient and stable isotope,NA,calcium atom; epidermal cell; cell; micronutrient
https://w3id.org/APD/traits/trait_0001612,leaf_hypodermis_Ca_per_fresh_mass,leaf,cell or tissue mineral and ion content trait,nutrient and stable isotope,NA,calcium atom; hypodermis; cell; micronutrient
https://w3id.org/APD/traits/trait_0001613,leaf_internal_parenchyma_Ca_per_fresh_mass,leaf,cell or tissue mineral and ion content trait,nutrient and stable isotope,NA,calcium atom; parenchyma cell; cell; micronutrient
https://w3id.org/APD/traits/trait_0001614,leaf_palisade_mesophyll_Ca_per_fresh_mass,leaf,cell or tissue mineral and ion content trait,nutrient and stable isotope,NA,calcium atom; palisade mesophyll cell; cell; micronutrient
https://w3id.org/APD/traits/trait_0001615,leaf_sclerenchyma_Ca_per_fresh_mass,leaf,cell or tissue mineral and ion content trait,nutrient and stable isotope,NA,calcium atom; sclerenchyma cell; cell; micronutrient
https://w3id.org/APD/traits/trait_0001616,leaf_spongy_mesophyll_Ca_per_fresh_mass,leaf,cell or tissue mineral and ion content trait,nutrient and stable isotope,NA,calcium atom; spongy mesophyll cell; cell; micronutrient
https://w3id.org/APD/traits/trait_0001661,leaf_epidermis_P_per_fresh_mass,leaf,cell or tissue mineral and ion content trait,nutrient and stable isotope,NA,phosphorus atom; epidermal cell; cell; macronutrient
https://w3id.org/APD/traits/trait_0001662,leaf_hypodermis_P_per_fresh_mass,leaf,cell or tissue mineral and ion content trait,nutrient and stable isotope,NA,phosphorus atom; hypodermis; cell; macronutrient
https://w3id.org/APD/traits/trait_0001663,leaf_internal_parenchyma_P_per_fresh_mass,leaf,cell or tissue mineral and ion content trait,nutrient and stable isotope,NA,phosphorus atom; parenchyma cell; cell; macronutrient
https://w3id.org/APD/traits/trait_0001664,leaf_palisade_mesophyll_P_per_fresh_mass,leaf,cell or tissue mineral and ion content trait,nutrient and stable isotope,NA,phosphorus atom; palisade mesophyll cell; cell; macronutrient
https://w3id.org/APD/traits/trait_0001665,leaf_sclerenchyma_P_per_fresh_mass,leaf,cell or tissue mineral and ion content trait,nutrient and stable isotope,NA,phosphorus atom; sclerenchyma cell; cell; macronutrient
https://w3id.org/APD/traits/trait_0001666,leaf_spongy_mesophyll_P_per_fresh_mass,leaf,cell or tissue mineral and ion content trait,nutrient and stable isotope,NA,phosphorus atom; spongy mesophyll cell; cell; macronutrient
https://w3id.org/APD/traits/trait_0002021,leaf_total_non-structural_carbohydrates_per_area,leaf,carbohydrate content trait,nutrient and stable isotope,NA,carbohydrate; starch; sugar; non-structural carbohydrates
https://w3id.org/APD/traits/trait_0002022,leaf_total_non-structural_carbohydrates_per_mass,leaf,carbohydrate content trait,nutrient and stable isotope,NA,carbohydrate; starch; sugar; non-structural carbohydrates
https://w3id.org/APD/traits/trait_0002024,leaf_cellulose_per_dry_mass,leaf,carbohydrate content trait,nutrient and stable isotope,NA,amorphous cellulose; carbohydrate
https://w3id.org/APD/traits/trait_0002025,leaf_starch_per_area,leaf,carbohydrate content trait,nutrient and stable isotope,NA,starch; carbohydrate
https://w3id.org/APD/traits/trait_0002027,leaf_soluble_starch_per_area,leaf,carbohydrate content trait,nutrient and stable isotope,NA,starch; carbohydrate
https://w3id.org/APD/traits/trait_0002028,leaf_soluble_starch_per_mass,leaf,carbohydrate content trait,nutrient and stable isotope,NA,starch; carbohydrate
https://w3id.org/APD/traits/trait_0002031,leaf_soluble_sugars_per_area,leaf,carbohydrate content trait,nutrient and stable isotope,NA,carbohydrate; monosaccharide; disaccharide; sugar
https://w3id.org/APD/traits/trait_0002032,leaf_soluble_sugars_per_mass,leaf,carbohydrate content trait,nutrient and stable isotope,NA,carbohydrate; monosaccharide; disaccharide; sugar
https://w3id.org/APD/traits/trait_0002035,leaf_soluble_protein_per_area,leaf,protein content trait,nutrient and stable isotope,NA,protein
https://w3id.org/APD/traits/trait_0002037,leaf_insoluble_protein_per_area,leaf,protein content trait,nutrient and stable isotope,NA,protein
https://w3id.org/APD/traits/trait_0002050,leaf_lignin_per_dry_mass,leaf,phenolic compound content trait,nutrient and stable isotope,NA,lignin
https://w3id.org/APD/traits/trait_0002052,leaf_phenol_per_dry_mass,leaf,phenolic compound content trait,nutrient and stable isotope,NA,phenol; gallic acid
https://w3id.org/APD/traits/trait_0002054,leaf_tannin_per_dry_mass,leaf,phenolic compound content trait,nutrient and stable isotope,NA,phenol; tannin; polyphenol
https://w3id.org/APD/traits/trait_0002055,leaf_carotenoid_per_area,leaf,pigment content trait,nutrient and stable isotope,NA,carotenoid
https://w3id.org/APD/traits/trait_0002056,leaf_carotenoid_per_dry_mass,leaf,pigment content trait,nutrient and stable isotope,NA,carotenoid
https://w3id.org/APD/traits/trait_0002081,leaf_chlorophyll_per_area,leaf,pigment content trait,nutrient and stable isotope,NA,chlorophyll; chlorophyll a; chlorophyll b; chloroplast
https://w3id.org/APD/traits/trait_0002082,leaf_chlorophyll_per_dry_mass,leaf,pigment content trait,nutrient and stable isotope,NA,chlorophyll; chlorophyll a; chlorophyll b; chloroplast
https://w3id.org/APD/traits/trait_0002083,leaf_chlorophyll_A_per_area,leaf,pigment content trait,nutrient and stable isotope,NA,chlorophyll a; chlorophyll; chloroplast
https://w3id.org/APD/traits/trait_0002084,leaf_chlorophyll_A_per_dry_mass,leaf,pigment content trait,nutrient and stable isotope,NA,chlorophyll a; chlorophyll; chloroplast
https://w3id.org/APD/traits/trait_0002085,leaf_chlorophyll_B_per_area,leaf,pigment content trait,nutrient and stable isotope,NA,chlorophyll b; chlorophyll; chloroplast
https://w3id.org/APD/traits/trait_0002086,leaf_chlorophyll_B_per_dry_mass,leaf,pigment content trait,nutrient and stable isotope,NA,chlorophyll b; chlorophyll; chloroplast
https://w3id.org/APD/traits/trait_0002087,leaf_chlorophyll_A_B_ratio,leaf,pigment content trait,nutrient and stable isotope,NA,chlorophyll a; chlorophyll b; chlorophyll; chloroplast
https://w3id.org/APD/traits/trait_0002090,leaf_rubisco_per_leaf_dry_mass,leaf,protein content trait,nutrient and stable isotope,NA,Ribulose-Bisphosphate Carboxylase; chloroplast; protein
https://w3id.org/APD/traits/trait_0002127,stem_soluble_starch_per_mass,stem,carbohydrate content trait,nutrient and stable isotope,NA,starch; carbohydrate
https://w3id.org/APD/traits/trait_0002131,stem_soluble_sugars_per_mass,stem,carbohydrate content trait,nutrient and stable isotope,NA,carbohydrate; monosaccharide; disaccharide; sugar
https://w3id.org/APD/traits/trait_0002224,bark_cellulose_per_dry_mass,bark,carbohydrate content trait,nutrient and stable isotope,NA,amorphous cellulose
https://w3id.org/APD/traits/trait_0002250,bark_lignin_per_dry_mass,bark,phenolic compound content trait,nutrient and stable isotope,NA,lignin
https://w3id.org/APD/traits/trait_0002255,bark_tannin_per_dry_mass,bark,phenolic compound content trait,nutrient and stable isotope,NA,tannin; polyphenol
https://w3id.org/APD/traits/trait_0002327,root_soluble_starch_per_mass,root,carbohydrate content trait,nutrient and stable isotope,NA,starch; carbohydrate
https://w3id.org/APD/traits/trait_0002331,root_soluble_sugars_per_mass,root,carbohydrate content trait,nutrient and stable isotope,NA,carbohydrate; monosaccharide; disaccharide; sugar
https://w3id.org/APD/traits/trait_0002534,seed_protein_per_seed_dry_mass,reproductive shoot system; seed,protein content trait,nutrient and stable isotope,NA,"protein; seed weight, seed mass"
https://w3id.org/APD/traits/trait_0002544,seed_oil_per_seed_dry_mass,reproductive shoot system; seed,lipid content trait,nutrient and stable isotope,NA,"lipid; seed weight, seed mass"
https://w3id.org/APD/traits/trait_0002822,leaf_ash_per_dry_mass,leaf,live leaf mineral and ion content trait; fire response trait,nutrient and stable isotope,NA,ash; combustion process; fire
https://w3id.org/APD/traits/trait_0002824,bark_ash_per_dry_mass,bark,stem mineral and ion content trait; fire response trait,nutrient and stable isotope,NA,ash; combustion process; fire
https://w3id.org/APD/traits/trait_0003011,bark_delta13C,bark,stable isotope ratio determination,nutrient and stable isotope,NA,carbon stable isotope ratio; d13C; carbon-13 atom; isotope
https://w3id.org/APD/traits/trait_0003012,leaf_delta13C,leaf,stable isotope ratio determination,nutrient and stable isotope,core_trait,carbon stable isotope ratio; d13C; carbon-13 atom; isotope
https://w3id.org/APD/traits/trait_0003013,stem_delta13C,stem,stable isotope ratio determination,nutrient and stable isotope,NA,carbon stable isotope ratio; d13C; carbon-13 atom; isotope
https://w3id.org/APD/traits/trait_0003014,root_delta13C,root,stable isotope ratio determination,nutrient and stable isotope,NA,carbon stable isotope ratio; d13C; carbon-13 atom; isotope
https://w3id.org/APD/traits/trait_0003015,wood_delta13C,"stem; wood, secondary xylem",stable isotope ratio determination,nutrient and stable isotope,NA,carbon stable isotope ratio; d13C; wood; carbon-13 atom; isotope
https://w3id.org/APD/traits/trait_0003031,bark_delta15N,bark,stable isotope ratio determination,nutrient and stable isotope,NA,stable nitrogen isotope ratio; d15N; nitrogen-15 atom; isotope
https://w3id.org/APD/traits/trait_0003032,leaf_delta15N,leaf,stable isotope ratio determination,nutrient and stable isotope,NA,stable nitrogen isotope ratio; d15N; nitrogen-15 atom; isotope
https://w3id.org/APD/traits/trait_0003033,stem_delta15N,stem,stable isotope ratio determination,nutrient and stable isotope,NA,stable nitrogen isotope ratio; d15N; nitrogen-15 atom; isotope
https://w3id.org/APD/traits/trait_0003034,root_delta15N,root,stable isotope ratio determination,nutrient and stable isotope,NA,stable nitrogen isotope ratio; d15N; nitrogen-15 atom; isotope
https://w3id.org/APD/traits/trait_0003035,wood_delta15N,"stem; wood, secondary xylem",stable isotope ratio determination,nutrient and stable isotope,NA,stable nitrogen isotope ratio; d15N; wood; nitrogen-15 atom; isotope
https://w3id.org/APD/traits/trait_0003052,leaf_xylem_delta15N,leaf,stable isotope ratio determination,nutrient and stable isotope,NA,stable nitrogen isotope ratio; d15N; xylem vessel; nitrogen-15 atom; isotope; xylem sap
https://w3id.org/APD/traits/trait_0003053,root_xylem_delta15N,root,stable isotope ratio determination,nutrient and stable isotope,NA,stable nitrogen isotope ratio; d15N; xylem vessel; nitrogen-15 atom; isotope; xylem sap
https://w3id.org/APD/traits/trait_0003072,leaf_delta18O,leaf,stable isotope ratio determination,nutrient and stable isotope,NA,stable oxygen isotope ratio; d18O; oxygen-18 atom
https://w3id.org/APD/traits/trait_0003092,stem_water_delta18O,stem,stable isotope ratio determination,nutrient and stable isotope,NA,stable oxygen isotope ratio; d18O; water; oxygen-18 atom; d18O in water
https://w3id.org/APD/traits/trait_0010021,plant_width,whole plant,whole plant morphology trait,whole plant morphology,NA,canopy; vegetation
https://w3id.org/APD/traits/trait_0010022,plant_breadth,whole plant,whole plant morphology trait,whole plant morphology,NA,canopy; vegetation
https://w3id.org/APD/traits/trait_0010023,plant_height,whole plant; stem,whole plant morphology trait,whole plant morphology,core_trait,canopy; vegetation; vegetative shoot system
https://w3id.org/APD/traits/trait_0010024,plant_diameter_breast_height,stem; whole plant,stem morphology trait,stem morphology,NA,tree diameter at breast height; vegetation
https://w3id.org/APD/traits/trait_0010025,stem_count,stem,stem morphology trait,stem morphology,NA,branchiness
https://w3id.org/APD/traits/trait_0010070,plant_spinescence,leaf; stem; whole plant,leaf shape trait; whole plant phenotype trait; plant structure morphology trait,life history,NA,spine leaf; spine stipule; thorn; prickle; defense; pain; spiny
https://w3id.org/APD/traits/trait_0010110,embryo_colour,whole plant,plant embryo morphology trait,whole plant morphology,NA,plant embryo cotyledon; plant embryo
https://w3id.org/APD/traits/trait_0010111,cotyledon_function,whole plant; leaf,plant embryo morphology trait; leaf morphology trait,leaf morphology,NA,cotyledon; photosynthesis; energy; storage; plant embryo; seedling; plant embryo cotyledon; storage organ
https://w3id.org/APD/traits/trait_0010112,cotyledon_position,whole plant; leaf,plant embryo morphology trait,whole plant morphology,NA,cotyledon; seed coat; seed germination; plant embryo; seedling; plant embryo cotyledon
https://w3id.org/APD/traits/trait_0010113,cotyledon_hairs,whole plant; leaf,plant embryo morphology trait,whole plant morphology,NA,cotyledon; plant embryo; hairy; seedling; plant embryo cotyledon; trichome
https://w3id.org/APD/traits/trait_0010114,seedling_hypocotyl_hairs,whole plant; leaf,plant embryo morphology trait,whole plant morphology,NA,seedling hypocotyl morphology trait; hypocotyl; plant embryo; hairy; seedling; trichome
https://w3id.org/APD/traits/trait_0010160,seedling_first_node_leaf_type,whole plant; leaf,plant embryo morphology trait,whole plant morphology,NA,plant embryo true leaf formation stage; stem node; epicotyl; seedling
https://w3id.org/APD/traits/trait_0010161,seedling_first_node_leaf_count,whole plant; leaf,plant embryo morphology trait,whole plant morphology,NA,plant embryo true leaf formation stage; stem node; epicotyl; seedling
https://w3id.org/APD/traits/trait_0010162,seedling_germination_location,whole plant; leaf,plant embryo morphology trait,whole plant morphology,NA,seed germination; plant embryo; seedling
https://w3id.org/APD/traits/trait_0011211,leaf_area,leaf,leaf size trait,leaf morphology,core_trait,leaf lamina; petiole; leaflet; cladode; phyllode
https://w3id.org/APD/traits/trait_0011212,leaflet_area,leaf,leaf size trait,leaf morphology,core_trait,leaflet; leaf lamina
https://w3id.org/APD/traits/trait_0011213,leaf_length,leaf,leaf size trait,leaf morphology,core_trait,petiole; leaf apex; leaf base; leaf lamina
https://w3id.org/APD/traits/trait_0011214,leaf_width,leaf,leaf size trait,leaf morphology,core_trait,leaf lamina
https://w3id.org/APD/traits/trait_0011215,leaf_thickness,leaf,leaf size trait,leaf morphology,NA,leaf lamina
https://w3id.org/APD/traits/trait_0011216,leaf_dry_mass,leaf,leaf mass trait,leaf morphology,core_trait,"leaf weight, leaf mass; leaflet; cladode; phyllode"
https://w3id.org/APD/traits/trait_0011217,leaflet_dry_mass,leaf,leaf mass trait,leaf morphology,NA,"leaflet; leaf weight, leaf mass"
https://w3id.org/APD/traits/trait_0011218,leaf_fresh_mass,leaf,leaf mass trait,leaf morphology,NA,"leaf weight, leaf mass; leaflet; cladode; phyllode"
https://w3id.org/APD/traits/trait_0011219,petiole_length,leaf,leaf size trait,leaf morphology,core_trait,petiole
https://w3id.org/APD/traits/trait_0011220,petiole_width,leaf,leaf size trait,leaf morphology,NA,petiole
https://w3id.org/APD/traits/trait_0011230,leaf_mass_per_area,leaf,leaf size trait; leaf mass trait,leaf morphology,core_trait,"leaf weight, leaf mass; biomass allocation; leaf lamina; petiole"
https://w3id.org/APD/traits/trait_0011231,leaf_lamina_mass_per_area,leaf,leaf size trait; leaf mass trait,leaf morphology,NA,"leaf weight, leaf mass; biomass allocation; leaf lamina"
https://w3id.org/APD/traits/trait_0011232,leaf_density,leaf,leaf mass trait,leaf morphology,NA,"leaf weight, leaf mass; biomass allocation"
https://w3id.org/APD/traits/trait_0011260,leaf_area_ratio,leaf; whole plant,leaf size trait,leaf morphology,core_trait,whole plant dry mass; biomass allocation
https://w3id.org/APD/traits/trait_0011261,leaf_mass_fraction,leaf,leaf mass trait,leaf morphology,core_trait,"leaf weight, leaf mass; biomass allocation; whole plant dry mass; whole plant stem dry mass"
https://w3id.org/APD/traits/trait_0011262,leaf_dry_matter_content,leaf,leaf mass trait,leaf morphology,core_trait,"leaf weight, leaf mass; biomass allocation; fresh mass"
https://w3id.org/APD/traits/trait_0011263,leaf_fresh_mass_per_area,leaf,leaf size trait; leaf mass trait,leaf morphology,NA,"leaf weight, leaf mass; biomass allocation; fresh mass; leaf lamina; petiole"
https://w3id.org/APD/traits/trait_0011264,leaf_water_content_per_area,leaf,leaf mass trait,leaf morphology,NA,"leaf weight, leaf mass; water; leaf water content"
https://w3id.org/APD/traits/trait_0011265,leaf_water_content_per_dry_mass,leaf,leaf mass trait,leaf morphology,core_trait,"leaf weight, leaf mass; water; leaf water content"
https://w3id.org/APD/traits/trait_0011266,leaf_water_content_per_fresh_mass,leaf,leaf mass trait,leaf morphology,NA,"leaf weight, leaf mass; water; leaf water content; fresh mass"
https://w3id.org/APD/traits/trait_0011267,leaf_water_content_per_saturated_mass,leaf,leaf mass trait,leaf morphology,NA,"leaf weight, leaf mass; water; leaf water content; fresh mass; water holding capacity; turgor"
https://w3id.org/APD/traits/trait_0011268,leaf_cell_wall_fraction,leaf,leaf mass trait,leaf morphology,NA,"leaf weight, leaf mass; plant-type cell wall; biomass allocation; cell"
https://w3id.org/APD/traits/trait_0011310,leaf_type,leaf,leaf shape trait,leaf morphology,core_trait,leaf shape
https://w3id.org/APD/traits/trait_0011311,leaf_shape,leaf,leaf shape trait,leaf morphology,core_trait,leaf shape; leaf margin
https://w3id.org/APD/traits/trait_0011312,leaf_base_shape,leaf,leaf shape trait,leaf morphology,core_trait,leaf shape; leaf base; leaf margin; petiole
https://w3id.org/APD/traits/trait_0011313,leaf_margin,leaf,leaf shape trait,leaf morphology,core_trait,leaf shape; leaf margin; leaf lamina tooth
https://w3id.org/APD/traits/trait_0011314,leaf_margin_posture,leaf,leaf shape trait,leaf morphology,core_trait,leaf shape; curled; leaf margin; leaf apex; leaf base
https://w3id.org/APD/traits/trait_0011315,leaf_lobation,leaf,leaf shape trait,leaf morphology,core_trait,"leaf shape; leaf lamina lobes; leaf margin; leaf midvein, midrib"
https://w3id.org/APD/traits/trait_0011316,leaf_compoundness,leaf,leaf shape trait,leaf morphology,core_trait,"leaf shape; simple leaf; leaflet; compound leaf; leaf midvein, midrib"
https://w3id.org/APD/traits/trait_0011317,leaf_lamina_division,leaf,leaf shape trait,leaf morphology,core_trait,"leaf shape; leaf lamina lobes; compound leaf; leaflet; leaf midvein, midrib; leaf margin; pinnate"
https://w3id.org/APD/traits/trait_0011318,leaf_posture_numeric,leaf,leaf shape trait,leaf morphology,NA,leaf shape; leaf lamina
https://w3id.org/APD/traits/trait_0011319,leaf_lamina_posture,leaf,leaf shape trait,leaf morphology,core_trait,leaf shape; leaf lamina
https://w3id.org/APD/traits/trait_0011360,leaf_glaucousness,leaf,leaf morphology trait,leaf morphology,core_trait,epicuticular wax; leaf lamina; waxy
https://w3id.org/APD/traits/trait_0011361,leaf_hairs_adult_leaves,leaf,leaf morphology trait,leaf morphology,core_trait,leaf pubescence; leaf trichome; leaf lamina; vestiture; hairy; adult vascular leaf; pilosity; trichome
https://w3id.org/APD/traits/trait_0011362,leaf_hairs_juvenile_leaves,leaf,leaf morphology trait,leaf morphology,core_trait,leaf pubescence; leaf trichome; leaf lamina; vestiture; hairy; juvenile vascular leaf; pilosity; trichome
https://w3id.org/APD/traits/trait_0011363,leaf_hairs_immature_leaves,leaf,leaf morphology trait,leaf morphology,core_trait,leaf pubescence; leaf trichome; leaf lamina; vestiture; hairy; adult vascular leaf; vascular leaf expansion stage; trichome
https://w3id.org/APD/traits/trait_0011410,leaf_phyllotaxis,leaf,leaf position trait,leaf morphology,core_trait,phyllotaxy; stem node
https://w3id.org/APD/traits/trait_0011411,leaf_arrangement,leaf,leaf position trait,leaf morphology,core_trait,stem node; vegetative shoot system; phyllotaxy
https://w3id.org/APD/traits/trait_0011412,leaf_axil_angle,leaf,leaf position trait,leaf morphology,core_trait,leaf axil; leaf attitude; leaf lamina; leaf angle
https://w3id.org/APD/traits/trait_0011413,leaf_inclination_angle,leaf,leaf position trait,leaf morphology,core_trait,leaf lamina; solar zenith angle; leaf attitude
https://w3id.org/APD/traits/trait_0011414,leaf_pendulousness,leaf,leaf position trait,leaf morphology,NA,leaf angle; pendulous
https://w3id.org/APD/traits/trait_0011510,leaf_cuticle_thickness_abaxial,leaf,portion of plant tissue morphology trait,leaf morphology,NA,plant cuticle; abaxial; leaf lamina
https://w3id.org/APD/traits/trait_0011511,leaf_cuticle_thickness_adaxial,leaf,portion of plant tissue morphology trait,leaf morphology,NA,plant cuticle; adaxial; leaf lamina
https://w3id.org/APD/traits/trait_0011512,leaf_epidermis_thickness,leaf,portion of plant tissue morphology trait,leaf morphology,NA,tissue; epidermis; leaf lamina; abaxial; adaxial
https://w3id.org/APD/traits/trait_0011513,leaf_epidermis_thickness_abaxial,leaf,portion of plant tissue morphology trait,leaf morphology,NA,tissue; epidermis; abaxial; leaf lamina
https://w3id.org/APD/traits/trait_0011514,leaf_epidermis_thickness_adaxial,leaf,portion of plant tissue morphology trait,leaf morphology,NA,tissue; epidermis; adaxial; leaf lamina
https://w3id.org/APD/traits/trait_0011515,leaf_epidermal_cell_density_both_sides,leaf,plant cell morphology trait; leaf morphology trait,leaf morphology,NA,cell; epidermal cell; abaxial; adaxial; leaf lamina
https://w3id.org/APD/traits/trait_0011516,leaf_epidermal_cell_density_abaxial,leaf,plant cell morphology trait; leaf morphology trait,leaf morphology,NA,cell; epidermal cell; abaxial; leaf lamina
https://w3id.org/APD/traits/trait_0011517,leaf_epidermal_cell_density_adaxial,leaf,plant cell morphology trait; leaf morphology trait,leaf morphology,NA,cell; epidermal cell; adaxial; leaf lamina
https://w3id.org/APD/traits/trait_0011518,leaf_hypodermis_thickness_abaxial,leaf,portion of plant tissue morphology trait,leaf morphology,NA,tissue; hypodermis; abaxial; leaf lamina
https://w3id.org/APD/traits/trait_0011519,leaf_hypodermis_thickness_adaxial,leaf,portion of plant tissue morphology trait,leaf morphology,NA,tissue; hypodermis; adaxial; leaf lamina
https://w3id.org/APD/traits/trait_0011520,leaf_palisade_tissue_thickness_abaxial,leaf,portion of plant tissue morphology trait,leaf morphology,NA,tissue; palisade mesophyll; abaxial; leaf lamina
https://w3id.org/APD/traits/trait_0011521,leaf_palisade_tissue_thickness_adaxial,leaf,portion of plant tissue morphology trait,leaf morphology,NA,tissue; palisade mesophyll; adaxial; leaf lamina
https://w3id.org/APD/traits/trait_0011522,leaf_palisade_cell_length,leaf,plant cell morphology trait; leaf morphology trait,leaf morphology,NA,cell; palisade mesophyll cell; leaf lamina
https://w3id.org/APD/traits/trait_0011523,leaf_palisade_cell_width,leaf,plant cell morphology trait; leaf morphology trait,leaf morphology,NA,cell; palisade mesophyll cell; leaf lamina
https://w3id.org/APD/traits/trait_0011524,leaf_palisade_layer_number,leaf,portion of plant tissue morphology trait; leaf morphology trait,leaf morphology,NA,cell; palisade mesophyll cell; palisade mesophyll; leaf lamina; tissue
https://w3id.org/APD/traits/trait_0011525,leaf_spongy_mesophyll_thickness,leaf,portion of plant tissue morphology trait; leaf morphology trait,leaf morphology,NA,tissue; spongy mesophyll; leaf lamina
https://w3id.org/APD/traits/trait_0011526,cell_cross-sectional_area,whole plant,plant cell morphology trait,whole plant morphology,NA,cell; plant cell size; cross section
https://w3id.org/APD/traits/trait_0011610,leaf_stomatal_density_abaxial,leaf,leaf stomatal complex morphology trait,leaf morphology,core_trait,leaf stomatal complex frequency; stomata; stomatal pore; abaxial; leaf lamina
https://w3id.org/APD/traits/trait_0011611,leaf_stomatal_density_adaxial,leaf,leaf stomatal complex morphology trait,leaf morphology,core_trait,leaf stomatal complex frequency; stomata; stomatal pore; adaxial; leaf lamina
https://w3id.org/APD/traits/trait_0011612,leaf_stomatal_density_average,leaf,leaf stomatal complex morphology trait,leaf morphology,NA,leaf stomatal complex frequency; stomata; stomatal pore; abaxial; adaxial; leaf lamina
https://w3id.org/APD/traits/trait_0011613,leaf_stomatal_distribution,leaf,leaf stomatal complex morphology trait,leaf morphology,NA,leaf stomatal complex frequency; stomata; stomatal pore; abaxial; adaxial; leaf lamina
https://w3id.org/APD/traits/trait_0011614,leaf_stomatal_hairs,leaf,leaf stomatal complex morphology trait,leaf morphology,NA,leaf stomatal complex frequency; stomata; stomatal pore; hairy
https://w3id.org/APD/traits/trait_0011615,leaf_guard_cell_length,leaf,leaf stomatal complex morphology trait,leaf morphology,NA,cell; leaf stomatal complex frequency; guard cell; stomata; stomatal pore
https://w3id.org/APD/traits/trait_0011710,leaf_transmission,leaf,leaf optical properties trait,leaf morphology,NA,optics; visible light; transmission; photosynthetically active radiation
https://w3id.org/APD/traits/trait_0011711,leaf_absorption,leaf,leaf optical properties trait,leaf morphology,NA,optics; visible light; absorption; photosynthetically active radiation
https://w3id.org/APD/traits/trait_0011712,leaf_reflectance,leaf,leaf optical properties trait,leaf morphology,NA,optics; visible light; reflection; photosynthetically active radiation
https://w3id.org/APD/traits/trait_0011713,leaf_reflectance_near_infrared,leaf,leaf optical properties trait,leaf morphology,NA,infrared radiation; optics; reflection; radiation
https://w3id.org/APD/traits/trait_0011811,stem_cross_sectional_area,stem,stem morphology trait,stem morphology,NA,cross section
https://w3id.org/APD/traits/trait_0011812,sapwood_cross_sectional_area,stem,stem morphology trait,stem morphology,NA,"sapwood; cross section; wood, secondary xylem"
https://w3id.org/APD/traits/trait_0011813,branch_terminal_twig_cross_sectional_area,stem,stem morphology trait,stem morphology,NA,branch; cross section
https://w3id.org/APD/traits/trait_0011814,branch_terminal_twig_length,stem,stem morphology trait,stem morphology,NA,branch
https://w3id.org/APD/traits/trait_0011815,wood_density,stem,stem morphology trait,stem morphology,core_trait,"wood; wood, secondary xylem; biomass allocation"
https://w3id.org/APD/traits/trait_0011816,stem_density,stem,stem morphology trait,stem morphology,core_trait,herbaceous; biomass allocation
https://w3id.org/APD/traits/trait_0011911,huber_value,leaf; stem,stem morphology trait,stem morphology,core_trait,sapwood; biomass allocation
https://w3id.org/APD/traits/trait_0011912,leaf_mass_to_stem_mass_ratio,leaf; stem; whole plant,leaf mass trait; stem mass trait,leaf morphology,NA,biomass allocation; whole plant stem dry mass; whole plant leaf dry mass
https://w3id.org/APD/traits/trait_0011913,stem_mass_to_shoot_mass_ratio,leaf; stem; whole plant,leaf mass trait; stem mass trait,leaf morphology,NA,branch; vegetative shoot system; biomass allocation; whole plant stem dry mass; whole plant leaf dry mass
https://w3id.org/APD/traits/trait_0011914,branch_mass_fraction,stem; whole plant,stem mass trait,stem morphology,NA,branch; biomass allocation; whole plant dry mass
https://w3id.org/APD/traits/trait_0011915,stem_dry_matter_content,stem,stem mass trait,stem morphology,NA,branch; fresh mass; water
https://w3id.org/APD/traits/trait_0011916,stem_water_content_per_saturated_mass,stem,stem mass trait,stem morphology,NA,water; water holding capacity; turgor; fresh mass
https://w3id.org/APD/traits/trait_0011917,stem_mass_fraction,stem; whole plant,stem mass trait,stem morphology,core_trait,biomass allocation; whole plant stem dry mass; whole plant dry mass
https://w3id.org/APD/traits/trait_0012010,bark_morphology_eucalyptus,bark,bark morphology trait,bark morphology,NA,NA
https://w3id.org/APD/traits/trait_0012011,bark_thickness,bark,bark morphology trait,bark morphology,NA,NA
https://w3id.org/APD/traits/trait_0012012,bark_thickness_index,bark; stem,bark morphology trait,bark morphology,NA,biomass allocation
https://w3id.org/APD/traits/trait_0012013,bark_density,bark,bark morphology trait,bark morphology,NA,biomass allocation
https://w3id.org/APD/traits/trait_0012014,bark_dry_mass_per_surface_area,bark,bark morphology trait,bark morphology,NA,biomass allocation
https://w3id.org/APD/traits/trait_0012015,bark_water_content_per_dry_mass,bark,bark morphology trait,bark morphology,NA,water; bark water content
https://w3id.org/APD/traits/trait_0012016,bark_water_content_per_saturated_mass,bark,bark morphology trait,bark morphology,NA,water; water holding capacity; turgor; fresh mass
https://w3id.org/APD/traits/trait_0012111,root_diameter,root,root morphology trait,root morphology,NA,root morphology trait
https://w3id.org/APD/traits/trait_0012112,root_system_classification,root,root morphology trait,root morphology,NA,root system; root system depth; root branchiness; root texture
https://w3id.org/APD/traits/trait_0012113,root_fine_root_coarse_root_ratio,root,root morphology trait,root morphology,NA,fine root; root branchiness; coarse root
https://w3id.org/APD/traits/trait_0012114,root_distribution_coefficient,root,root morphology trait,root morphology,NA,root branchiness; root system depth; root system
https://w3id.org/APD/traits/trait_0012115,root_system_type,root,root morphology trait,root morphology,NA,root system; primary root; lateral root; root branchiness
https://w3id.org/APD/traits/trait_0012116,root_specific_root_length,root,root morphology trait,root morphology,NA,biomass allocation; root system; primary root; lateral root
https://w3id.org/APD/traits/trait_0012117,root_specific_taproot_length,root,root morphology trait,root morphology,NA,biomass allocation; root system; primary root
https://w3id.org/APD/traits/trait_0012118,root_specific_root_area,root,root morphology trait,root morphology,NA,biomass allocation; root system
https://w3id.org/APD/traits/trait_0012119,root_wood_density,root,root morphology trait,root morphology,NA,"biomass allocation; root system; wood, secondary xylem"
https://w3id.org/APD/traits/trait_0012120,root_shoot_ratio,root; whole plant; stem,root morphology trait; stem morphology trait,root morphology,NA,biomass allocation; root system
https://w3id.org/APD/traits/trait_0012121,root_dry_matter_content,root,root morphology trait,root morphology,NA,biomass allocation; root system; fresh mass
https://w3id.org/APD/traits/trait_0012122,root_mass_fraction,root; whole plant,root morphology trait,root morphology,NA,biomass allocation; whole plant dry mass; root system
https://w3id.org/APD/traits/trait_0012221,accessory_cost_fraction,reproductive shoot system; flower; fruit; seed,reproductive shoot system morphology trait,flower morphology,NA,biomass allocation; reproduction; accessory cost
https://w3id.org/APD/traits/trait_0012222,accessory_cost_mass,reproductive shoot system; flower; fruit; seed,reproductive shoot system morphology trait,flower morphology,NA,biomass allocation; reproduction; accessory cost
https://w3id.org/APD/traits/trait_0012301,bud_length,reproductive shoot system; bud,floral organ morphology trait,flower morphology,NA,NA
https://w3id.org/APD/traits/trait_0012302,bud_width,reproductive shoot system; bud,floral organ morphology trait,flower morphology,NA,NA
https://w3id.org/APD/traits/trait_0012351,buds_per_inflorescence,reproductive shoot system; bud; inflorescence,floral organ morphology trait,flower morphology,NA,NA
https://w3id.org/APD/traits/trait_0012410,flower_androecium_structural_merism,reproductive shoot system; flower,androecium morphology trait,flower morphology,NA,"reproduction; androecium; stamen; staminode; fascicle; merism; whorl, floral whorl"
https://w3id.org/APD/traits/trait_0012411,flower_androecium_structural_phyllotaxis,reproductive shoot system; flower,androecium morphology trait,flower morphology,NA,"reproduction; androecium; phyllotaxy; stamen; staminode; fascicle; whorl, floral whorl"
https://w3id.org/APD/traits/trait_0012412,flower_androecium_structural_whorls_count,reproductive shoot system; flower,androecium morphology trait,flower morphology,NA,"reproduction; androecium; stamen; staminode; fascicle; merism; whorl, floral whorl"
https://w3id.org/APD/traits/trait_0012413,flower_anther_attachment,reproductive shoot system; flower,androecium morphology trait,flower morphology,NA,reproduction; androecium; stamen; anther; pollen; connective; anther theca; filament
https://w3id.org/APD/traits/trait_0012414,flower_anther_connective_extension,reproductive shoot system; flower,androecium morphology trait,flower morphology,NA,reproduction; androecium; stamen; anther; pollen; connective; anther theca
https://w3id.org/APD/traits/trait_0012415,flower_anther_dehiscence,reproductive shoot system; flower,androecium morphology trait,flower morphology,NA,reproduction; androecium; stamen; anther; pollen; stomium; anther dehiscence zone
https://w3id.org/APD/traits/trait_0012416,flower_anther_orientation,reproductive shoot system; flower,androecium morphology trait,flower morphology,NA,reproduction; androecium; stamen; anther; pollen; stomium; anther dehiscence zone
https://w3id.org/APD/traits/trait_0012417,flower_colour,reproductive shoot system; flower,perianth morphology trait,flower morphology,core_trait,reproduction; petal; corolla; sepal; calyx; perianth
https://w3id.org/APD/traits/trait_0012418,perianth_colour,reproductive shoot system; flower,perianth morphology trait,flower morphology,NA,reproduction; petal; corolla; sepal; calyx; perianth
https://w3id.org/APD/traits/trait_0012419,flower_length,reproductive shoot system; flower,perianth morphology trait,flower morphology,NA,reproduction; petal; corolla; sepal; calyx; perianth
https://w3id.org/APD/traits/trait_0012420,flower_diameter,reproductive shoot system; flower,perianth morphology trait,flower morphology,core_trait,reproduction; petal; corolla; sepal; calyx; perianth
https://w3id.org/APD/traits/trait_0012421,flower_orientation,reproductive shoot system; flower,perianth morphology trait,flower morphology,NA,reproduction; petal; corolla; sepal; calyx; perianth
https://w3id.org/APD/traits/trait_0012422,flower_count_maximum,reproductive shoot system; flower,floral organ morphology trait,flower morphology,NA,reproduction; perianth; corolla
https://w3id.org/APD/traits/trait_0012431,flower_fertile_stamens_count,reproductive shoot system; flower,androecium morphology trait,flower morphology,NA,reproduction; androecium; stamen
https://w3id.org/APD/traits/trait_0012432,flower_filament,reproductive shoot system; flower,androecium morphology trait,flower morphology,NA,reproduction; androecium; stamen; filament; anther
https://w3id.org/APD/traits/trait_0012433,flower_filament_fusion,reproductive shoot system; flower,androecium morphology trait,flower morphology,NA,reproduction; androecium; stamen; filament; connective; staminode
https://w3id.org/APD/traits/trait_0012434,flower_filament_fusion_to_inner_perianth,reproductive shoot system; flower,androecium morphology trait,flower morphology,NA,reproduction; androecium; stamen; filament; connective; staminode; perianth
https://w3id.org/APD/traits/trait_0012441,flower_gynoecium_phyllotaxis,reproductive shoot system; flower,gynoecium morphology trait,flower morphology,NA,"reproduction; gynoecium; carpel; whorl, floral whorl; phyllotaxy"
https://w3id.org/APD/traits/trait_0012442,flower_gynoecium_placentation,reproductive shoot system; flower,gynoecium morphology trait,flower morphology,NA,reproduction; gynoecium; carpel; plant ovary; placentation; plant ovule
https://w3id.org/APD/traits/trait_0012443,flower_ovary_fusion,reproductive shoot system; flower,gynoecium morphology trait,flower morphology,NA,reproduction; gynoecium; carpel; plant ovary
https://w3id.org/APD/traits/trait_0012444,flower_ovary_position,reproductive shoot system; flower,gynoecium morphology trait,flower morphology,NA,reproduction; gynoecium; carpel; plant ovary; perianth
https://w3id.org/APD/traits/trait_0012445,flower_ovules_per_functional_carpel_count,reproductive shoot system; flower,gynoecium morphology trait,flower morphology,NA,reproduction; gynoecium; carpel; plant ovary; plant ovule
https://w3id.org/APD/traits/trait_0012461,flower_perianth_differentiation,reproductive shoot system; flower,perianth morphology trait,flower morphology,NA,reproduction; perianth; sepal; petal; corolla; calyx
https://w3id.org/APD/traits/trait_0012462,flower_perianth_fusion,reproductive shoot system; flower,perianth morphology trait,flower morphology,NA,reproduction; perianth; sepal; petal; corolla; calyx
https://w3id.org/APD/traits/trait_0012463,flower_perianth_merism,reproductive shoot system; flower,perianth morphology trait,flower morphology,NA,"reproduction; perianth; sepal; petal; corolla; calyx; merism; whorl, floral whorl"
https://w3id.org/APD/traits/trait_0012464,flower_perianth_parts_count,reproductive shoot system; flower,perianth morphology trait,flower morphology,NA,reproduction; perianth; sepal; petal; corolla; calyx
https://w3id.org/APD/traits/trait_0012465,flower_perianth_phyllotaxis,reproductive shoot system; flower,perianth morphology trait,flower morphology,NA,"reproduction; perianth; sepal; petal; corolla; calyx; whorl, floral whorl; phyllotaxy"
https://w3id.org/APD/traits/trait_0012466,flower_perianth_symmetry,reproductive shoot system; flower,perianth morphology trait,flower morphology,NA,"reproduction; perianth; sepal; petal; corolla; calyx; whorl, floral whorl"
https://w3id.org/APD/traits/trait_0012467,flower_perianth_whorls_count,reproductive shoot system; flower,perianth morphology trait,flower morphology,NA,"reproduction; perianth; sepal; petal; corolla; calyx; whorl, floral whorl"
https://w3id.org/APD/traits/trait_0012471,flower_pollen_aperture_shape,reproductive shoot system; flower,androecium morphology trait,flower morphology,NA,reproduction; androecium; stamen; anther; pollen aperture; pollen; pollen tube; anther theca
https://w3id.org/APD/traits/trait_0012472,flower_pollen_apertures_count,reproductive shoot system; flower,androecium morphology trait,flower morphology,NA,reproduction; androecium; stamen; anther; pollen aperture; pollen; pollen tube; anther theca
https://w3id.org/APD/traits/trait_0012473,flower_pollen_length,reproductive shoot system; flower,androecium morphology trait,flower morphology,NA,reproduction; pollen
https://w3id.org/APD/traits/trait_0012481,flower_structural_carpels_count,reproductive shoot system; flower,gynoecium morphology trait,flower morphology,NA,reproduction; gynoecium; carpel
https://w3id.org/APD/traits/trait_0012482,flower_structural_sex_type,reproductive shoot system; flower,floral organ morphology trait,flower morphology,NA,reproduction; phenotypic sex; perianth; corolla; hermaphrodite
https://w3id.org/APD/traits/trait_0012483,flower_style_differentiation,reproductive shoot system; flower,gynoecium morphology trait,flower morphology,NA,reproduction; gynoecium; style; plant ovary; carpel
https://w3id.org/APD/traits/trait_0012484,flower_style_fusion,reproductive shoot system; flower,gynoecium morphology trait,flower morphology,NA,reproduction; gynoecium; style; carpel
https://w3id.org/APD/traits/trait_0012511,fruit_dry_mass,reproductive shoot system; fruit,fruit morphology trait,fruit morphology,core_trait,reproduction
https://w3id.org/APD/traits/trait_0012512,fruit_length,reproductive shoot system; fruit,fruit morphology trait,fruit morphology,core_trait,reproduction
https://w3id.org/APD/traits/trait_0012513,fruit_width,reproductive shoot system; fruit,fruit morphology trait,fruit morphology,core_trait,reproduction
https://w3id.org/APD/traits/trait_0012514,fruit_height,reproductive shoot system; fruit,fruit morphology trait,fruit morphology,core_trait,reproduction
https://w3id.org/APD/traits/trait_0012515,fruit_wall_thickness,reproductive shoot system; fruit,fruit morphology trait,fruit morphology,NA,reproduction; pericarp; exocarp; mesocarp; endocarp
https://w3id.org/APD/traits/trait_0012516,fruit_type,reproductive shoot system; fruit,fruit morphology trait,fruit morphology,core_trait,reproduction
https://w3id.org/APD/traits/trait_0012517,fruit_fleshiness,reproductive shoot system; fruit,fruit morphology trait,fruit morphology,core_trait,reproduction; fleshy
https://w3id.org/APD/traits/trait_0012518,fruit_dehiscence,reproductive shoot system; fruit,fruit morphology trait,fruit morphology,core_trait,reproduction; dehiscence
https://w3id.org/APD/traits/trait_0012519,fruit_colour,reproductive shoot system; fruit,fruit morphology trait,fruit morphology,core_trait,reproduction; exocarp; pericarp
https://w3id.org/APD/traits/trait_0012610,seed_dry_mass,reproductive shoot system; seed,seed morphology trait,seed morphology,core_trait,reproduction
https://w3id.org/APD/traits/trait_0012611,diaspore_dry_mass,reproductive shoot system; seed,seed morphology trait,seed morphology,NA,dispersal; reproduction; seed dispersal
https://w3id.org/APD/traits/trait_0012612,seed_dry_mass_reserve,reproductive shoot system; seed,seed morphology trait,seed morphology,NA,energy; plant embryo; endosperm; reproduction; seedling; storage organ
https://w3id.org/APD/traits/trait_0012613,seed_length,reproductive shoot system; seed,seed morphology trait,seed morphology,core_trait,reproduction
https://w3id.org/APD/traits/trait_0012614,seed_width,reproductive shoot system; seed,seed morphology trait,seed morphology,core_trait,reproduction
https://w3id.org/APD/traits/trait_0012615,seed_height,reproductive shoot system; seed,seed morphology trait,seed morphology,NA,reproduction
https://w3id.org/APD/traits/trait_0012616,seed_volume,reproductive shoot system; seed,seed morphology trait,seed morphology,NA,reproduction
https://w3id.org/APD/traits/trait_0012617,seed_count,reproductive shoot system; seed,seed morphology trait,seed morphology,NA,reproduction
https://w3id.org/APD/traits/trait_0012618,seed_shape,reproductive shoot system; seed,seed morphology trait,seed morphology,core_trait,reproduction
https://w3id.org/APD/traits/trait_0012619,seed_surface_hairs,reproductive shoot system; seed,seed morphology trait,seed morphology,NA,trichome; vestiture; reproduction
https://w3id.org/APD/traits/trait_0012620,seed_surface_texture,reproductive shoot system; seed,seed morphology trait,seed morphology,NA,reproduction
https://w3id.org/APD/traits/trait_0012621,seed_surface_reflectivity,reproductive shoot system; seed,seed morphology trait,seed morphology,NA,reproduction
https://w3id.org/APD/traits/trait_0012622,diaspore_fleshiness,reproductive shoot system; seed; fruit,seed morphology trait; fruit morphology trait,seed morphology,NA,fleshy; dispersal; seed dispersal; reproduction
https://w3id.org/APD/traits/trait_0012623,dispersal_appendage,reproductive shoot system; seed; fruit,seed morphology trait; fruit morphology trait; interspecific interactions trait,seed morphology,NA,"seed dispersal; dispersal; reproduction; biological process involved in symbiotic interaction, symbiosis; appendage"
https://w3id.org/APD/traits/trait_0012624,dispersal_unit,reproductive shoot system; seed; fruit,seed morphology trait; fruit morphology trait,seed morphology,core_trait,seed dispersal; dispersal; reproduction; spore
https://w3id.org/APD/traits/trait_0013011,leaf_secondary_vein_angle,leaf,"leaf vein morphology trait; water transport trait, hydraulic trait; leaf morphology trait",leaf morphology,NA,primary leaf vein; secondary leaf vein; leaf lamina; leaf lamina vein; water transport
https://w3id.org/APD/traits/trait_0013012,leaf_major_vein_density,leaf,"leaf vein morphology trait; water transport trait, hydraulic trait; leaf morphology trait",leaf morphology,NA,leaf lamina vein; primary leaf vein; secondary leaf vein; tertiary leaf vein; water transport
https://w3id.org/APD/traits/trait_0013013,leaf_total_vein_density,leaf,"leaf vein morphology trait; water transport trait, hydraulic trait; leaf morphology trait",leaf morphology,NA,leaf lamina vein; water transport
https://w3id.org/APD/traits/trait_0013014,leaf_vein_frequency,leaf,"leaf vein morphology trait; water transport trait, hydraulic trait; leaf morphology trait",leaf morphology,NA,leaf lamina vein; leaf lamina; water transport
https://w3id.org/APD/traits/trait_0013111,stem_vessel_density,stem,"xylem vessel morphology trait; water transport trait, hydraulic trait; stem morphology trait",stem morphology,core_trait,xylem vessel; cross section; water transport; sapwood
https://w3id.org/APD/traits/trait_0013112,leaf_vessel_density,leaf,"xylem vessel morphology trait; water transport trait, hydraulic trait; leaf morphology trait",leaf morphology,NA,xylem vessel; cross section; water transport
https://w3id.org/APD/traits/trait_0013113,stem_vessel_diameter,stem,"xylem vessel morphology trait; water transport trait, hydraulic trait; stem morphology trait",stem morphology,core_trait,xylem vessel; water transport; sapwood
https://w3id.org/APD/traits/trait_0013114,stem_vessel_diameter_hydraulic,stem,"xylem vessel morphology trait; water transport trait, hydraulic trait; stem morphology trait",stem morphology,NA,xylem vessel; hydraulic conductivity; water transport; sapwood; Hagen Poiseuille equation
https://w3id.org/APD/traits/trait_0013115,leaf_vessel_diameter,leaf,"xylem vessel morphology trait; water transport trait, hydraulic trait; leaf morphology trait",leaf morphology,NA,xylem vessel; hydraulic conductivity; water transport
https://w3id.org/APD/traits/trait_0013116,stem_vessel_lumen_fraction,stem,"xylem vessel morphology trait; water transport trait, hydraulic trait; stem morphology trait",stem morphology,core_trait,xylem vessel; plant anatomical space; lumen; vessel lumen; water transport; sapwood
https://w3id.org/APD/traits/trait_0013117,stem_vessel_multiple_fraction,stem,"xylem vessel morphology trait; water transport trait, hydraulic trait; stem morphology trait",stem morphology,NA,xylem vessel; water transport; sapwood
https://w3id.org/APD/traits/trait_0013118,stem_vessel_non_lumen_fraction,stem,"xylem vessel morphology trait; water transport trait, hydraulic trait; stem morphology trait",stem morphology,NA,xylem vessel; plant anatomical space; lumen; vessel lumen; water transport; sapwood; tracheids
https://w3id.org/APD/traits/trait_0013119,stem_vessel_wall_fraction,stem,"xylem vessel morphology trait; water transport trait, hydraulic trait; stem morphology trait",stem morphology,NA,xylem vessel; plant-type cell wall; water transport; sapwood
https://w3id.org/APD/traits/trait_0013120,stem_xylem_vulnerability_index,stem,"xylem vessel morphology trait; water transport trait, hydraulic trait; stem morphology trait",stem morphology,NA,xylem; water transport; sapwood
https://w3id.org/APD/traits/trait_0013161,wood_axial_parenchyma_fraction,stem,"vascular tissue morphology trait; water transport trait, hydraulic trait; stem morphology trait",stem morphology,NA,"sapwood; axial secondary xylem parenchyma; wood; wood, secondary xylem"
https://w3id.org/APD/traits/trait_0013162,wood_conduit_fraction,stem,"vascular tissue morphology trait; water transport trait, hydraulic trait; stem morphology trait",stem morphology,NA,"sapwood; tracheids; xylem; wood; water transport; wood, secondary xylem"
https://w3id.org/APD/traits/trait_0013163,wood_fibre_fraction,stem,"vascular tissue morphology trait; water transport trait, hydraulic trait; stem morphology trait",stem morphology,NA,"sapwood; plant fiber cell; wood; wood, secondary xylem"
https://w3id.org/APD/traits/trait_0013164,wood_ray_parenchyma_fraction,stem,"vascular tissue morphology trait; water transport trait, hydraulic trait; stem morphology trait",stem morphology,NA,"sapwood; ray secondary xylem parenchyma; wood; wood, secondary xylem"
https://w3id.org/APD/traits/trait_0013165,wood_tracheid_fraction,stem,"vascular tissue morphology trait; water transport trait, hydraulic trait; stem morphology trait",stem morphology,NA,"sapwood; tracheids; wood; water transport; wood, secondary xylem"
https://w3id.org/APD/traits/trait_0014011,leaf_work_to_punch,leaf,plant structure strength trait; leaf morphology trait,leaf morphology,NA,leaf lamina; strength; compressive strength; fracture; punch
https://w3id.org/APD/traits/trait_0014012,leaf_work_to_punch_adjusted,leaf,plant structure strength trait; leaf morphology trait,leaf morphology,NA,leaf lamina; strength; compressive strength; fracture; punch
https://w3id.org/APD/traits/trait_0014013,leaf_work_to_shear,leaf,plant structure strength trait; leaf morphology trait,leaf morphology,NA,leaf lamina; strength; compressive strength; shear
https://w3id.org/APD/traits/trait_0014014,leaf_work_to_shear_adjusted,leaf,plant structure strength trait; leaf morphology trait,leaf morphology,NA,leaf lamina; strength; compressive strength; shear
https://w3id.org/APD/traits/trait_0014015,leaf_work_to_tear,leaf,plant structure strength trait; leaf morphology trait,leaf morphology,NA,"leaf lamina; strength; tensile strength; rip, tear"
https://w3id.org/APD/traits/trait_0014016,leaf_work_to_tear_adjusted,leaf,plant structure strength trait; leaf morphology trait,leaf morphology,NA,"leaf lamina; strength; tensile strength; rip, tear"
https://w3id.org/APD/traits/trait_0014017,bark_modulus_of_elasticity,bark,plant structure strength trait; bark morphology trait,bark morphology,NA,elasticity; modulus of elasticity; deform
https://w3id.org/APD/traits/trait_0014018,stem_modulus_of_elasticity,stem,plant structure strength trait; stem morphology trait,stem morphology,NA,"elasticity; modulus of elasticity; deform; wood, secondary xylem"
https://w3id.org/APD/traits/trait_0014019,xylem_modulus_of_elasticity,stem,plant structure strength trait; stem morphology trait,stem morphology,NA,"elasticity; modulus of elasticity; deform; xylem; wood, secondary xylem"
https://w3id.org/APD/traits/trait_0014020,modulus_of_rupture,stem,plant structure strength trait; stem morphology trait,stem morphology,NA,"xylem; plant-type cell wall; water stress trait; wood, secondary xylem"
https://w3id.org/APD/traits/trait_0020221,photosynthetic_pathway,whole plant; leaf,photosynthetic trait,life history,core_trait,"Calvin cycle; C3 photosynthesis (reductive pentose-phosphate cycle); C4 photosynthesis; CAM photosynthesis; biochemical reaction; photosynthesis, dark reaction; photosynthesis"
https://w3id.org/APD/traits/trait_0020222,bark_photosynthetic_status,bark,photosynthetic rate trait,physiology,NA,photosynthetic rate; biochemical reaction
https://w3id.org/APD/traits/trait_0020240,leaf_photosynthetic_rate_per_area_ambient,leaf,photosynthetic rate trait,physiology,NA,photosynthetic rate; photosystem; photosynthetically active radiation; carbon dioxide; biochemical reaction; ambient photosynthetic rate
https://w3id.org/APD/traits/trait_0020241,leaf_photosynthetic_rate_per_area_maximum,leaf,photosynthetic rate trait,physiology,core_trait,"photosynthetic rate; photosystem; photosynthetically active radiation; carbon dioxide; biochemical reaction; maximum photosynthetic rate, Amax"
https://w3id.org/APD/traits/trait_0020242,leaf_photosynthetic_rate_per_area_saturated,leaf,photosynthetic rate trait,physiology,NA,"photosynthetic rate; photosystem; photosynthetically active radiation; carbon dioxide; biochemical reaction; saturated photosynthetic rate, Asat"
https://w3id.org/APD/traits/trait_0020243,leaf_photosynthetic_rate_per_dry_mass_ambient,leaf,photosynthetic rate trait,physiology,NA,photosynthetic rate; photosystem; photosynthetically active radiation; carbon dioxide; biochemical reaction; ambient photosynthetic rate
https://w3id.org/APD/traits/trait_0020244,leaf_photosynthetic_rate_per_dry_mass_maximum,leaf,photosynthetic rate trait,physiology,core_trait,"photosynthetic rate; photosystem; photosynthetically active radiation; carbon dioxide; biochemical reaction; maximum photosynthetic rate, Amax"
https://w3id.org/APD/traits/trait_0020245,leaf_photosynthetic_rate_per_dry_mass_saturated,leaf,photosynthetic rate trait,physiology,NA,"photosynthetic rate; photosystem; photosynthetically active radiation; carbon dioxide; biochemical reaction; saturated photosynthetic rate, Asat"
https://w3id.org/APD/traits/trait_0020310,leaf_intercellular_CO2_concentration_at_Amax,leaf,carbon dioxide concentration trait,physiology,NA,"intercellular space; carbon dioxide; maximum photosynthetic rate, Amax"
https://w3id.org/APD/traits/trait_0020311,leaf_intercellular_CO2_concentration_at_Asat,leaf,carbon dioxide concentration trait,physiology,NA,"intercellular space; carbon dioxide; saturated photosynthetic rate, Asat"
https://w3id.org/APD/traits/trait_0020312,leaf_intercellular_CO2_concentration_at_Aambient,leaf,carbon dioxide concentration trait,physiology,NA,intercellular space; carbon dioxide; ambient photosynthetic rate
https://w3id.org/APD/traits/trait_0020313,leaf_intercellular_CO2_concentration_to_atmospheric_CO2_concentration_ratio,leaf,carbon dioxide concentration trait,physiology,NA,intercellular space; carbon dioxide; cell; atmospheric carbon dioxide
https://w3id.org/APD/traits/trait_0020314,leaf_chloroplast_CO2_concentration,leaf,carbon dioxide concentration trait,physiology,NA,carbon dioxide; chloroplast; cell
https://w3id.org/APD/traits/trait_0020315,atmospheric_CO2_concentration,leaf,carbon dioxide concentration trait,physiology,NA,atmospheric carbon dioxide; carbon dioxide
https://w3id.org/APD/traits/trait_0020410,leaf_photosynthesis_Jmax_per_area,leaf,photosystem performance trait,physiology,NA,"carboxylation; photosynthesis; Models, Theoretical; biochemical reaction; carbon dioxide"
https://w3id.org/APD/traits/trait_0020411,leaf_photosynthesis_Jmax_per_area_25C,leaf,photosystem performance trait,physiology,NA,"carboxylation; photosynthesis; Models, Theoretical; biochemical reaction; carbon dioxide"
https://w3id.org/APD/traits/trait_0020412,leaf_photosynthesis_Jmax_per_mass,leaf,photosystem performance trait,physiology,NA,"carboxylation; photosynthesis; Models, Theoretical; biochemical reaction; carbon dioxide"
https://w3id.org/APD/traits/trait_0020413,leaf_photosynthesis_Vcmax_per_area,leaf,photosystem performance trait,physiology,NA,"carboxylation; photosynthesis; Models, Theoretical; biochemical reaction; photosynthesis, dark reaction; rubisco complex, ribulose bisphosphate carboxylase complex; carbon dioxide"
https://w3id.org/APD/traits/trait_0020414,leaf_photosynthesis_Vcmax_per_area_25C,leaf,photosystem performance trait,physiology,NA,"carboxylation; photosynthesis; Models, Theoretical; biochemical reaction; photosynthesis, dark reaction; rubisco complex, ribulose bisphosphate carboxylase complex; carbon dioxide"
https://w3id.org/APD/traits/trait_0020415,leaf_photosynthesis_Vcmax_per_mass,leaf,photosystem performance trait,physiology,NA,"carboxylation; photosynthesis; Models, Theoretical; biochemical reaction; photosynthesis, dark reaction; rubisco complex, ribulose bisphosphate carboxylase complex; carbon dioxide"
https://w3id.org/APD/traits/trait_0020416,leaf_photosynthesis_Jmax_over_Vcmax_25C,leaf,photosystem performance trait,physiology,NA,"carboxylation; photosynthesis; Models, Theoretical; biochemical reaction; photosynthesis, dark reaction; rubisco complex, ribulose bisphosphate carboxylase complex; carbon dioxide; electron transport chain"
https://w3id.org/APD/traits/trait_0020417,leaf_fluorescence_fv_over_fm,leaf,photosystem performance trait,physiology,NA,"quantum yield; chlorophyll fluorescence; biochemical reaction; photosystem II reaction center; photosynthesis, light reaction; electron transport chain"
https://w3id.org/APD/traits/trait_0020418,leaf_fluorescence_quantum_yield,leaf,photosystem performance trait,physiology,NA,"quantum yield; chlorophyll fluorescence; biochemical reaction; photosystem II reaction center; photosynthesis, light reaction; electron transport chain"
https://w3id.org/APD/traits/trait_0020419,leaf_gas_exchange_quantum_yield,leaf,photosystem performance trait,physiology,NA,"quantum yield; chlorophyll fluorescence; biochemical reaction; photosystem II reaction center; photosynthesis, light reaction; electron transport chain"
https://w3id.org/APD/traits/trait_0020510,leaf_dark_respiration_per_area,leaf,respiration rate trait,physiology,NA,cellular respiration; carbon dioxide; dark; biochemical reaction
https://w3id.org/APD/traits/trait_0020511,leaf_dark_respiration_per_dry_mass,leaf,respiration rate trait,physiology,NA,cellular respiration; carbon dioxide; dark; biochemical reaction
https://w3id.org/APD/traits/trait_0020512,leaf_light_respiration_per_area,leaf,respiration rate trait,physiology,NA,cellular respiration; carbon dioxide; biochemical reaction
https://w3id.org/APD/traits/trait_0020513,stem_dark_respiration_per_area,stem,respiration rate trait,physiology,NA,cellular respiration; carbon dioxide; dark; biochemical reaction
https://w3id.org/APD/traits/trait_0020610,leaf_stomatal_conductance_per_area_ambient,leaf,gas exchange trait,physiology,NA,stomatal conductance; water; stomata; stomatal pore; diffusion; ambient photosynthetic rate
https://w3id.org/APD/traits/trait_0020611,leaf_stomatal_conductance_per_area_at_Amax,leaf,gas exchange trait,physiology,core_trait,"stomatal conductance; water; stomata; stomatal pore; diffusion; maximum photosynthetic rate, Amax"
https://w3id.org/APD/traits/trait_0020612,leaf_stomatal_conductance_per_area_at_Asat,leaf,gas exchange trait,physiology,NA,"stomatal conductance; water; stomata; stomatal pore; diffusion; saturated photosynthetic rate, Asat"
https://w3id.org/APD/traits/trait_0020630,leaf_stomatal_resistance_ambient,leaf,gas exchange trait,physiology,NA,stomata; stomatal pore; atmospheric carbon dioxide; water; stomatal conductance; diffusion; ambient photosynthetic rate
https://w3id.org/APD/traits/trait_0020640,leaf_mesophyll_conductance_per_area,leaf,gas exchange trait,physiology,NA,carbon dioxide; intercellular space; chloroplast; diffusion; mesophyll; airway conductance
https://w3id.org/APD/traits/trait_0020641,leaf_mesophyll_conductance_per_mass,leaf,gas exchange trait,physiology,NA,carbon dioxide; intercellular space; chloroplast; diffusion; mesophyll; airway conductance
https://w3id.org/APD/traits/trait_0020660,leaf_transpiration_per_area_ambient,leaf,transpiration rate trait,physiology,NA,transpiration; water; stomata; stomatal pore; vapor; ambient photosynthetic rate
https://w3id.org/APD/traits/trait_0020661,leaf_transpiration_per_area_at_Amax,leaf,transpiration rate trait,physiology,NA,"transpiration; water; stomata; stomatal pore; vapor; maximum photosynthetic rate, Amax"
https://w3id.org/APD/traits/trait_0020662,leaf_transpiration_per_area_at_Asat,leaf,transpiration rate trait,physiology,NA,"transpiration; water; stomata; stomatal pore; vapor; saturated photosynthetic rate, Asat"
https://w3id.org/APD/traits/trait_0020663,leaf_dark_transpiration_per_area,leaf,transpiration rate trait,physiology,NA,transpiration; water; stomata; stomatal pore; vapor; dark
https://w3id.org/APD/traits/trait_0020664,integrated_plant_transpiration,whole plant; leaf,transpiration rate trait,physiology,NA,transpiration; water; stomata; stomatal pore; vapor
https://w3id.org/APD/traits/trait_0020665,whole_plant_sapflow,whole plant; leaf,transpiration rate trait,physiology,NA,transpiration; water; stomata; stomatal pore
https://w3id.org/APD/traits/trait_0020710,leaf_photosynthetic_nitrogen_use_efficiency_maximum,leaf,gas exchange trait; live leaf mineral and ion content trait,physiology,NA,"photosynthetic rate; nitrogen atom; biochemical reaction; maximum photosynthetic rate, Amax"
https://w3id.org/APD/traits/trait_0020711,leaf_photosynthetic_nitrogen_use_efficiency_saturated,leaf,gas exchange trait; live leaf mineral and ion content trait,physiology,NA,"photosynthetic rate; nitrogen atom; biochemical reaction; saturated photosynthetic rate, Asat"
https://w3id.org/APD/traits/trait_0020712,leaf_photosynthetic_phosphorus_use_efficiency_maximum,leaf,gas exchange trait; live leaf mineral and ion content trait,physiology,NA,"photosynthetic rate; phosphorus atom; biochemical reaction; maximum photosynthetic rate, Amax"
https://w3id.org/APD/traits/trait_0020713,leaf_photosynthetic_phosphorus_use_efficiency_saturated,leaf,gas exchange trait; live leaf mineral and ion content trait,physiology,NA,"photosynthetic rate; phosphorus atom; biochemical reaction; saturated photosynthetic rate, Asat"
https://w3id.org/APD/traits/trait_0020760,leaf_water_use_efficiency_integrated,leaf,gas exchange trait,physiology,NA,water use efficiency; water; transpiration; growth
https://w3id.org/APD/traits/trait_0020761,leaf_water_use_efficiency_intrinsic,leaf,gas exchange trait,physiology,NA,photosynthetic rate; water use efficiency; water; stomatal conductance
https://w3id.org/APD/traits/trait_0020762,leaf_water_use_efficiency_instantaneous,leaf,gas exchange trait,physiology,NA,photosynthetic rate; water use efficiency; water; transpiration
https://w3id.org/APD/traits/trait_0021013,stem_hydraulic_conductivity,stem,"water transport trait, hydraulic trait",physiology,NA,water transport; water; water potential; gradient; hydraulic conductivity; sapwood; water stress trait
https://w3id.org/APD/traits/trait_0021014,sapwood_specific_hydraulic_conductivity,stem,"water transport trait, hydraulic trait",physiology,NA,water transport; water; water potential; gradient; hydraulic conductivity; sapwood; water stress trait
https://w3id.org/APD/traits/trait_0021015,sapwood_specific_hydraulic_conductivity_theoretical,stem,"water transport trait, hydraulic trait",physiology,NA,"water transport; water; water potential; gradient; hydraulic conductivity; sapwood; water stress trait; Models, Theoretical; Hagen Poiseuille equation"
https://w3id.org/APD/traits/trait_0021016,stem_specific_hydraulic_conductivity,stem,"water transport trait, hydraulic trait",physiology,NA,water transport; water; water potential; gradient; hydraulic conductivity; sapwood; water stress trait
https://w3id.org/APD/traits/trait_0021017,leaf_specific_hydraulic_conductance,leaf; leaf,"water transport trait, hydraulic trait",physiology,NA,water transport; water; water potential; gradient; hydraulic conductivity; leaf water potential; water stress trait
https://w3id.org/APD/traits/trait_0021018,leaf_specific_hydraulic_conductivity,stem; leaf,"water transport trait, hydraulic trait",physiology,NA,water transport; water; water potential; gradient; hydraulic conductivity; leaf water potential; water stress trait
https://w3id.org/APD/traits/trait_0021021,root_hydraulic_conductivity,root,"water transport trait, hydraulic trait",physiology,NA,water transport; water; water potential; gradient; hydraulic conductivity; sapwood; water stress trait
https://w3id.org/APD/traits/trait_0021022,root_specific_hydraulic_conductivity,root,"water transport trait, hydraulic trait",physiology,NA,water transport; water; water potential; gradient; hydraulic conductivity; sapwood; water stress trait
https://w3id.org/APD/traits/trait_0021030,water_potential_predawn,stem; leaf,"water transport trait, hydraulic trait",physiology,NA,shoot system; water potential; soil water potential; leaf water potential; water stress trait; dawn
https://w3id.org/APD/traits/trait_0021031,water_potential_midday,stem; leaf,"water transport trait, hydraulic trait",physiology,NA,shoot system; water potential; leaf water potential; water stress trait; drought tolerance
https://w3id.org/APD/traits/trait_0021032,stem_sapwood_capacitance,whole plant; stem,"water transport trait, hydraulic trait",physiology,NA,water; turgor; water stress trait; turgor pressure; water holding capacity
https://w3id.org/APD/traits/trait_0021033,leaf_capacitance,leaf,"water transport trait, hydraulic trait",physiology,NA,water; turgor; water stress trait; turgor pressure; water holding capacity; pressure-volume curve
https://w3id.org/APD/traits/trait_0021034,root_sapwood_capacitance,root,"water transport trait, hydraulic trait",physiology,NA,water; turgor; water stress trait; turgor pressure; water holding capacity
https://w3id.org/APD/traits/trait_0021050,leaf_hydraulic_vulnerability,leaf; stem,"water transport trait, hydraulic trait",physiology,NA,water potential; xylem; hydraulic conductivity; leaf water potential; water stress trait; drought tolerance
https://w3id.org/APD/traits/trait_0021051,water_potential_12percent_lost_conductivity,stem; leaf,"water transport trait, hydraulic trait",physiology,NA,water potential; xylem; hydraulic conductivity; water stress trait; drought tolerance
https://w3id.org/APD/traits/trait_0021052,water_potential_50percent_lost_conductivity,stem; leaf,"water transport trait, hydraulic trait",physiology,NA,water potential; xylem; hydraulic conductivity; water stress trait; drought tolerance
https://w3id.org/APD/traits/trait_0021053,water_potential_88percent_lost_conductivity,stem; leaf,"water transport trait, hydraulic trait",physiology,NA,water potential; xylem; hydraulic conductivity; water stress trait; drought tolerance
https://w3id.org/APD/traits/trait_0021054,hydraulic_safety_margin_50,stem,"water transport trait, hydraulic trait",physiology,NA,water potential; xylem; hydraulic conductivity; water stress trait; drought tolerance
https://w3id.org/APD/traits/trait_0021055,hydraulic_safety_margin_88,stem,"water transport trait, hydraulic trait",physiology,NA,water potential; xylem; hydraulic conductivity; water stress trait; drought tolerance
https://w3id.org/APD/traits/trait_0021056,leaf_turgor_loss_point,leaf,"water transport trait, hydraulic trait",physiology,NA,water potential; turgor pressure; leaf water potential; water stress trait; pressure-volume curve; drought tolerance
https://w3id.org/APD/traits/trait_0021057,osmotic_potential,stem; leaf,"water transport trait, hydraulic trait",physiology,NA,potential energy; water; solute; osmotic pressure; turgor pressure; water stress trait; leaf water potential
https://w3id.org/APD/traits/trait_0021058,osmotic_potential_at_full_turgor,stem; leaf,"water transport trait, hydraulic trait",physiology,NA,potential energy; water; solute; osmotic pressure; turgor pressure; water stress trait; pressure-volume curve; leaf water potential; drought tolerance
https://w3id.org/APD/traits/trait_0021059,bulk_modulus_of_elasticity,stem; leaf,"water transport trait, hydraulic trait",physiology,NA,cell; turgor pressure; plant-type cell wall; water stress trait; pressure-volume curve; modulus of elasticity; drought tolerance
https://w3id.org/APD/traits/trait_0021060,leaf_relative_water_content_predawn,leaf,"water transport trait, hydraulic trait",physiology,NA,water; dawn; water stress trait; water holding capacity; leaf water content
https://w3id.org/APD/traits/trait_0021061,leaf_relative_water_content_at_turgor_loss_point,leaf,"water transport trait, hydraulic trait",physiology,NA,water; turgor; water stress trait; turgor pressure; water holding capacity; pressure-volume curve; drought tolerance; leaf water content
https://w3id.org/APD/traits/trait_0021062,root_water_potential_50percent_lost_conductivity,root,"water transport trait, hydraulic trait",physiology,NA,water potential; xylem; hydraulic conductivity; water stress trait; drought tolerance
https://w3id.org/APD/traits/trait_0021063,root_water_potential_12percent_lost_conductivity,root,"water transport trait, hydraulic trait",physiology,NA,water potential; xylem; hydraulic conductivity; water stress trait; drought tolerance
https://w3id.org/APD/traits/trait_0021064,root_water_potential_88percent_lost_conductivity,root,"water transport trait, hydraulic trait",physiology,NA,water potential; xylem; hydraulic conductivity; water stress trait; drought tolerance
https://w3id.org/APD/traits/trait_0021065,leaf_water_potential_12percent_lost_conductivity,leaf; stem,"water transport trait, hydraulic trait",physiology,NA,water potential; xylem; hydraulic conductivity; leaf water potential; water stress trait; drought tolerance
https://w3id.org/APD/traits/trait_0021066,leaf_water_potential_88percent_lost_conductivity,leaf; stem,"water transport trait, hydraulic trait",physiology,NA,water potential; xylem; hydraulic conductivity; leaf water potential; water stress trait; drought tolerance
https://w3id.org/APD/traits/trait_0020813,leaf_photochemical_reflectance_index,whole plant; leaf,photosystem performance trait; environmental tolerance trait,life history,NA,remote sensing; canopy; vegetation reflectance; radiation; photosynthetically active radiation; xanthophyll; Spectroradiometer; carotenoid
https://w3id.org/APD/traits/trait_0020814,leaf_water_band_index,whole plant; leaf,"water transport trait, hydraulic trait; environmental tolerance trait",life history,NA,remote sensing; canopy; vegetation reflectance; radiation; vegetation; Spectroradiometer; water
https://w3id.org/APD/traits/trait_0020815,modified_NDVI,whole plant; leaf,environmental tolerance trait,life history,NA,remote sensing; canopy; vegetation reflectance; radiation; vegetation; infrared radiation
https://w3id.org/APD/traits/trait_0020816,leaf_chlorophyll_index_modified_ND705,whole plant; leaf,environmental tolerance trait,life history,NA,remote sensing; canopy; vegetation reflectance; radiation; vegetation; infrared radiation; chlorophyll
https://w3id.org/APD/traits/trait_0030010,plant_growth_form,whole plant; stem; leaf,whole plant phenotype trait; whole plant morphology trait; stem morphology trait,life history,core_trait,"vegetative shoot system; wood, secondary xylem; growth; canopy"
https://w3id.org/APD/traits/trait_0030011,life_form,whole plant; seed; bud,whole plant phenotype trait; whole plant morphology trait; reproductive shoot system morphology trait,life history,core_trait,whole plant lifeform; shoot system meristem; life form
https://w3id.org/APD/traits/trait_0030012,life_history,whole plant,whole plant phenotype trait,life history,core_trait,death; longevity
https://w3id.org/APD/traits/trait_0030013,life_history_ephemeral_class,whole plant,fire response trait; life history trait,life history,NA,fire; environmental condition; seed germination; seedling establishment
https://w3id.org/APD/traits/trait_0030014,lifespan,whole plant,whole plant phenotype trait,life history,core_trait,death; longevity
https://w3id.org/APD/traits/trait_0030015,plant_growth_substrate,whole plant,life history trait,life history,core_trait,substrate; growth; aquatic; terrestrial; habitat; epiphyte; growth
https://w3id.org/APD/traits/trait_0030016,plant_photosynthetic_organ,leaf; whole plant; stem,photosynthetic trait; leaf morphology trait; stem morphology trait,leaf morphology,core_trait,plant organ; photosynthesis; cladode; phyllode; growth
https://w3id.org/APD/traits/trait_0030017,plant_alternative_energy_and_nutrient_acquisition_strategy,whole plant; leaf,whole plant phenotype trait,life history,NA,energy; carbohydrate; nutrient; growth
https://w3id.org/APD/traits/trait_0030018,woodiness,whole plant; stem,whole plant phenotype trait; stem morphology trait,life history,NA,"wood, secondary xylem; lignin; shoot axis woodiness; wood; herbaceous"
https://w3id.org/APD/traits/trait_0030019,woodiness_detailed,whole plant; stem; root; reproductive shoot system,whole plant phenotype trait; stem morphology trait,life history,core_trait,"wood, secondary xylem; lignin; shoot axis woodiness; wood; herbaceous"
https://w3id.org/APD/traits/trait_0030020,plant_physical_defence_structures,leaf; stem; bark; whole plant,plant structure morphology trait; leaf morphology trait; stem morphology trait; bark morphology trait,whole plant morphology,core_trait,spine leaf; spine stipule; thorn; prickle; defense; spine petiole
https://w3id.org/APD/traits/trait_0030021,plant_climbing_mechanism,whole plant; stem; leaf,whole plant phenotype trait; leaf morphology trait; stem morphology trait,life history,core_trait,climbing; appendage
https://w3id.org/APD/traits/trait_0030022,plant_succulence,whole plant; stem; leaf,whole plant phenotype trait; environmental tolerance trait; stem morphology trait; leaf morphology trait,life history,core_trait,tissue succulence; water; drought tolerance; salt tolerance; salinity; fleshy
https://w3id.org/APD/traits/trait_0030023,stem_growth_habit,whole plant; stem; leaf,whole plant phenotype trait; stem morphology trait,life history,core_trait,vegetative shoot system; branchiness; growth
https://w3id.org/APD/traits/trait_0030024,leaf_phenology,leaf; whole plant,plant phenological trait,life history,core_trait,shedability; environmental condition; evergreen; deciduous
https://w3id.org/APD/traits/trait_0030025,leaf_lifespan,leaf,plant phenological trait,life history,NA,shedability; longevity
https://w3id.org/APD/traits/trait_0030026,competitive_stratum,whole plant,whole plant phenotype trait,life history,NA,vegetation layer; community; competition; vegetation
https://w3id.org/APD/traits/trait_0030027,nitrogen_fixing,whole plant; root,interspecific interactions trait; root morphology trait,life history,core_trait,"biological process involved in symbiotic interaction, symbiosis; nitrogen fixation; nodulation; microorganism; mutualism; symbiosis"
https://w3id.org/APD/traits/trait_0030028,root_structure,whole plant; root,interspecific interactions trait; root morphology trait,life history,core_trait,"mutualism; mycorrhizae; arbuscular mycorrhizal association; biological process involved in symbiotic interaction, symbiosis; haustorium; microorganism; symbiosis"
https://w3id.org/APD/traits/trait_0030029,parasitic,whole plant,interspecific interactions trait,life history,core_trait,"parasite; symbiosis; haustorium; energy; nutrient; parasitism; biological process involved in symbiotic interaction, symbiosis"
https://w3id.org/APD/traits/trait_0030060,sex_type,whole plant; flower,plant structure morphology trait,flower morphology,core_trait,hermaphrodite; phenotypic sex
https://w3id.org/APD/traits/trait_0030061,pollination_syndrome,reproductive shoot system; flower,floral organ morphology trait; interspecific interactions trait,life history,core_trait,"pollination; mutualism; biological process involved in symbiotic interaction, symbiosis; pollinator; reproduction; symbiosis"
https://w3id.org/APD/traits/trait_0030062,pollination_system,reproductive shoot system; flower,floral organ morphology trait; interspecific interactions trait,life history,core_trait,"pollination; mutualism; biological process involved in symbiotic interaction, symbiosis; pollinator; reproduction; symbiosis"
https://w3id.org/APD/traits/trait_0030080,genome_size,whole plant,genetic structure trait,life history,NA,genome size; somatic cell; chromosome
https://w3id.org/APD/traits/trait_0030081,ploidy,whole plant,genetic structure trait,life history,NA,somatic cell; chromosome; ploidy
https://w3id.org/APD/traits/trait_0030210,reproductive_maturity,whole plant,plant phenological trait,life history,core_trait,reproduction; flowering stage; maturity
https://w3id.org/APD/traits/trait_0030211,dispersal_syndrome,reproductive shoot system; seed; fruit,interspecific interactions trait; seed morphology trait; fruit morphology trait,life history,core_trait,"mutualism; biological process involved in symbiotic interaction, symbiosis; seed dispersal; appendage; symbiosis"
https://w3id.org/APD/traits/trait_0030212,dispersers,reproductive shoot system; seed; fruit,interspecific interactions trait,life history,core_trait,"mutualism; biological process involved in symbiotic interaction, symbiosis; seed dispersal; symbiosis"
https://w3id.org/APD/traits/trait_0030213,flowering_cues,reproductive shoot system; flower,plant phenological trait; environmental tolerance trait,life history,NA,whole plant flowering stage; flowering time trait; environmental condition; disturbance (event); fire
https://w3id.org/APD/traits/trait_0030214,flowering_time,reproductive shoot system; flower,plant phenological trait,life history,core_trait,whole plant flowering stage; flowering time trait
https://w3id.org/APD/traits/trait_0030215,fruiting_time,reproductive shoot system; fruit,plant phenological trait,life history,NA,whole plant fruit development stage
https://w3id.org/APD/traits/trait_0030216,recruitment_time,whole plant; seed,plant phenological trait; environmental tolerance trait; fire response trait,life history,NA,seed germination; recruitment; seedling; seedling establishment; reproduction
https://w3id.org/APD/traits/trait_0030217,seedling_establishment_conditions,whole plant; seed,plant phenological trait; environmental tolerance trait; fire response trait,life history,NA,seed germination; recruitment; seedling; seedling establishment; reproduction; environmental condition
https://w3id.org/APD/traits/trait_0030218,reproductive_light_environment_index,whole plant,plant phenological trait,life history,NA,photosynthetically active radiation; reproduction; environmental condition; recruitment; radiation
https://w3id.org/APD/traits/trait_0030219,establishment_light_environment_index,whole plant,plant phenological trait,life history,NA,photosynthetically active radiation; reproduction; environmental condition; seed germination; seedling establishment; recruitment; radiation
https://w3id.org/APD/traits/trait_0030411,seedbank_location,seed; whole plant; fruit,fire response trait; reproductive structure life history trait; plant phenological trait,life history,core_trait,seed germination; seed bank; reproduction; seed viability; soil; canopy; seed dormancy
https://w3id.org/APD/traits/trait_0030412,serotiny,reproductive shoot system; seed; fruit,fire response trait; reproductive structure life history trait,life history,core_trait,seed maturation; environmental condition; fire; reproduction; canopy; seed bank; seed viability; seed dormancy
https://w3id.org/APD/traits/trait_0030413,seedbank_longevity_class,reproductive shoot system; seed,fire response trait; reproductive structure life history trait,life history,core_trait,seed germination; seed bank; reproduction; seed longevity; survival; seed dormancy
https://w3id.org/APD/traits/trait_0030414,seedbank_longevity,reproductive shoot system; seed,fire response trait; reproductive structure life history trait,life history,NA,seed germination; seed bank; reproduction; seed longevity; survival; seed dormancy
https://w3id.org/APD/traits/trait_0030415,seed_dormancy_class,reproductive shoot system; seed,reproductive structure life history trait,life history,core_trait,seed germination; environmental condition; experimental condition; seed dormancy; reproduction; recruitment
https://w3id.org/APD/traits/trait_0030416,seed_germination_treatment,reproductive shoot system; seed,reproductive structure life history trait,life history,NA,reproduction; experimental condition; seed dormancy; seed germination; recruitment
https://w3id.org/APD/traits/trait_0030417,seed_germination,reproductive shoot system; seed,reproductive structure life history trait,life history,NA,reproduction; experimental condition; seed dormancy; seed germination; environmental condition; recruitment
https://w3id.org/APD/traits/trait_0030418,seed_viability,reproductive shoot system; seed,reproductive structure life history trait,life history,core_trait,seed germination; environmental condition; experimental condition; seed viability; seed bank; reproduction; recruitment
https://w3id.org/APD/traits/trait_0030419,seed_germination_time,reproductive shoot system; seed,reproductive structure life history trait,life history,NA,seed germination; environmental condition; experimental condition; seed bank; recruitment
https://w3id.org/APD/traits/trait_0030510,vegetative_reproduction_ability,whole plant,whole plant phenotype trait,life history,core_trait,reproduction; asexual reproduction; survival; vegetative growth; clonal growth
https://w3id.org/APD/traits/trait_0030511,clonal_spread_mechanism,whole plant; bud; root; stem,life history trait; plant structure morphology trait,life history,core_trait,clonal growth; asexual reproduction; regeneration; survival; plant organ; reproduction; vegetative growth
https://w3id.org/APD/traits/trait_0030512,storage_organ,whole plant; root; stem,life history trait; plant structure morphology trait,life history,core_trait,storage organ; plant organ; carbohydrate; energy; Plant resprout; survival
https://w3id.org/APD/traits/trait_0030513,bud_bank_location,whole plant; bud,whole plant phenotype trait,life history,core_trait,shoot system meristem; survival; disturbance (event); fire; Plant resprout; regeneration
https://w3id.org/APD/traits/trait_0030514,sprout_depth,whole plant; bud,fire response trait,life history,NA,shoot system meristem; fire; Plant resprout; ground; soil; regeneration
https://w3id.org/APD/traits/trait_0030610,resprouting_capacity,whole plant; bud,fire response trait,fire response,core_trait,disturbance (event); fire; Plant resprout; habitat disturbance; regeneration; shoot system meristem; survival
https://w3id.org/APD/traits/trait_0030611,resprouting_capacity_proportion_individuals,whole plant; bud,fire response trait,fire response,NA,disturbance (event); fire; Plant resprout; habitat disturbance; regeneration; shoot system meristem; survival
https://w3id.org/APD/traits/trait_0030612,resprouting_capacity_juvenile,whole plant; bud,fire response trait,fire response,NA,disturbance (event); fire; Plant resprout; habitat disturbance; regeneration; shoot system meristem; survival; juvenile
https://w3id.org/APD/traits/trait_0030613,resprouting_capacity_time_from_germination,whole plant,fire response trait,fire response,NA,disturbance (event); fire; Plant resprout; habitat disturbance; regeneration; survival
https://w3id.org/APD/traits/trait_0030614,resprouting_capacity_stem_ratio,whole plant; stem,fire response trait,fire response,NA,fire; Plant resprout; disturbance (event); survival; regeneration
https://w3id.org/APD/traits/trait_0030615,resprouting_capacity_non_fire_disturbance,whole plant,life history trait,life history,NA,regeneration; shoot system meristem; disturbance (event); Plant resprout; habitat disturbance; environmental condition; survival
https://w3id.org/APD/traits/trait_0030651,fire_exposure_level,whole plant,fire response trait,fire response,NA,shoot system; fire; habitat disturbance; survival; disturbance (event)
https://w3id.org/APD/traits/trait_0030652,post_fire_recruitment,whole plant; seed,fire response trait,fire response,core_trait,seed germination; seedling establishment; fire; habitat disturbance; recruitment; environmental condition; disturbance (event)
https://w3id.org/APD/traits/trait_0030653,post_fire_flowering,whole plant; flower,fire response trait; plant phenological trait,fire response,core_trait,whole plant flowering stage; flowering time trait; fire; habitat disturbance; environmental condition
https://w3id.org/APD/traits/trait_0030654,fire_time_from_fire_to_flowering,reproductive shoot system; flower; whole plant,fire response trait; plant phenological trait; reproductive structure life history trait,fire response,core_trait,fire; whole plant flowering stage; habitat disturbance; regeneration; disturbance (event); maturity; Plant resprout; reproduction
https://w3id.org/APD/traits/trait_0030655,fire_time_from_fire_to_50_percent_flowering,reproductive shoot system; flower; whole plant,fire response trait; plant phenological trait; reproductive structure life history trait,fire response,NA,fire; whole plant flowering stage; habitat disturbance; regeneration; disturbance (event); maturity; Plant resprout; reproduction
https://w3id.org/APD/traits/trait_0030656,fire_time_from_fire_to_peak_flowering,reproductive shoot system; flower; whole plant,fire response trait; plant phenological trait; reproductive structure life history trait,fire response,NA,fire; whole plant flowering stage; habitat disturbance; regeneration; disturbance (event); maturity; Plant resprout; reproduction
https://w3id.org/APD/traits/trait_0030657,fire_time_from_fire_to_flowering_decline,reproductive shoot system; flower; whole plant,fire response trait; plant phenological trait; reproductive structure life history trait,fire response,NA,fire; whole plant flowering stage; habitat disturbance; regeneration; disturbance (event); maturity; Plant resprout; reproduction
https://w3id.org/APD/traits/trait_0030658,fire_time_from_fire_to_fruiting,reproductive shoot system; fruit; whole plant,fire response trait; whole plant phenotype trait; reproductive structure life history trait,fire response,NA,fire; whole plant fruit development stage; habitat disturbance; regeneration; disturbance (event); maturity; Plant resprout; reproduction
https://w3id.org/APD/traits/trait_0030659,fire_time_from_fire_to_50_percent_fruiting,reproductive shoot system; fruit; whole plant,fire response trait; whole plant phenotype trait; reproductive structure life history trait,fire response,NA,fire; whole plant fruit development stage; habitat disturbance; regeneration; disturbance (event); maturity; Plant resprout; reproduction
https://w3id.org/APD/traits/trait_0030710,fire_fuel_bed_bulk_density,whole plant; leaf,fire response trait,fire response,NA,plant litter; fuel; fire; ground; experimental condition
https://w3id.org/APD/traits/trait_0030711,fire_fuel_consumption,whole plant; leaf,fire response trait,fire response,NA,fuel; fire; combustion; ash; combustion process
https://w3id.org/APD/traits/trait_0030712,fire_rate_of_spread,whole plant,fire response trait,fire response,NA,habitat disturbance; fuel; fire; combustion; combustion process
https://w3id.org/APD/traits/trait_0030713,fire_smoulder_duration,leaf,fire response trait,fire response,NA,fire; flame; combustion; smoulder combustion; combustion process
https://w3id.org/APD/traits/trait_0030714,fire_flame_duration,leaf,fire response trait,fire response,NA,fire; flame; combustion; combustion process
https://w3id.org/APD/traits/trait_0030715,fire_total_burn_duration,leaf,fire response trait,fire response,NA,fire; combustion; flame; smoulder combustion; combustion process
https://w3id.org/APD/traits/trait_0030716,fire_time_to_ignition,leaf,fire response trait,fire response,NA,flame; fire; ignition; survival; combustion process
https://w3id.org/APD/traits/trait_0030810,plant_type_by_resource_use,whole plant,environmental tolerance trait,life history,NA,environmental condition; resource availability; water; soil; nutrient; salinity
https://w3id.org/APD/traits/trait_0030811,plant_flood_regime_classification,whole plant,environmental tolerance trait,life history,NA,environmental condition; flood; growth; seed germination; inundation; soil water content; resource availability; water; survival
https://w3id.org/APD/traits/trait_0030812,plant_tolerance_water_logged_soils,whole plant; root,environmental tolerance trait,life history,NA,environmental condition; flood; soil; saturated; soil water content; inundation; water; survival
https://w3id.org/APD/traits/trait_0030813,plant_tolerance_inundation,whole plant,environmental tolerance trait,life history,NA,environmental condition; flood; inundation; water; saturated; survival
https://w3id.org/APD/traits/trait_0030814,plant_tolerance_snow,whole plant,environmental tolerance trait,life history,NA,environmental condition; snow; survival
https://w3id.org/APD/traits/trait_0030815,plant_tolerance_soil_salinity,whole plant,chemical stress sensitivity trait; environmental tolerance trait,life history,NA,environmental condition; soil; salinity; salt; resource availability; salt tolerance; survival
https://w3id.org/APD/traits/trait_0030816,plant_tolerance_salt,whole plant,chemical stress sensitivity trait; environmental tolerance trait,life history,NA,environmental condition; soil; salinity; salt; resource availability; salt tolerance; survival
https://w3id.org/APD/traits/trait_0030817,plant_tolerance_calcicole,whole plant,chemical stress sensitivity trait; environmental tolerance trait,life history,NA,environmental condition; calcium sensitivity; soil; pH; growth media pH sensitivity; resource availability
https://w3id.org/APD/traits/trait_0030818,plant_tolerance_fire,whole plant,fire response trait; plant structure morphology trait,fire response,NA,fire; survival
https://w3id.org/APD/traits/trait_0010026,climbing_plant_height,whole plant,whole plant morphology trait,whole plant morphology,core_trait,canopy; vegetation; vegetative shoot system
https://w3id.org/APD/traits/trait_0011221,leaflet_count,leaf; leaflet,leaf morphology trait,leaf morphology,NA,leaflet; compound leaf morphology trait; compound leaf
https://w3id.org/APD/traits/trait_0011222,leaflet_length,leaf; leaflet,leaf size trait,leaf morphology,NA,leaflet; compound leaf morphology trait; compound leaf
https://w3id.org/APD/traits/trait_0011223,leaflet_width,leaf; leaflet,leaf size trait,leaf morphology,NA,leaflet; compound leaf morphology trait; compound leaf
https://w3id.org/APD/traits/trait_0011364,leaf_surface_colour,leaf,leaf morphology trait,leaf morphology,NA,leaf lamina; adult vascular leaf
https://w3id.org/APD/traits/trait_0011365,leaf_surface_reflectivity,leaf,leaf morphology trait,leaf morphology,NA,leaf lamina; adult vascular leaf
https://w3id.org/APD/traits/trait_0011817,stem_hairs,stem,stem morphology trait,stem morphology,NA,trichome
https://w3id.org/APD/traits/trait_0012017,bark_colour,bark,bark morphology trait,bark morphology,NA,NA
https://w3id.org/APD/traits/trait_0012018,bark_texture,bark,bark morphology trait,bark morphology,NA,NA
https://w3id.org/APD/traits/trait_0012151,storage_organ_length,root; stem,stem morphology trait; root morphology trait,root morphology,NA,storage organ; energy
https://w3id.org/APD/traits/trait_0012152,storage_organ_diameter,root; stem,stem morphology trait; root morphology trait,root morphology,NA,storage organ; energy
https://w3id.org/APD/traits/trait_0012352,inflorescence_length,reproductive shoot system; bud; inflorescence,perianth morphology trait,flower morphology,NA,floral organ morphology trait; flower; reproductive shoot system; inflorescence morphology trait
https://w3id.org/APD/traits/trait_0012353,inflorescence_diameter,reproductive shoot system; bud; inflorescence,perianth morphology trait,flower morphology,NA,floral organ morphology trait; flower; reproductive shoot system; inflorescence morphology trait
https://w3id.org/APD/traits/trait_0012354,inflorescence_type,reproductive shoot system; bud; inflorescence,perianth morphology trait,flower morphology,NA,NA
https://w3id.org/APD/traits/trait_0012485,flower_petal_length,reproductive shoot system; flower,perianth morphology trait,flower morphology,NA,reproduction; petal; corolla; perianth; petal morphology trait
https://w3id.org/APD/traits/trait_0012520,fruit_surface_texture,reproductive shoot system; fruit,fruit morphology trait,fruit morphology,NA,NA
https://w3id.org/APD/traits/trait_0012521,fruit_surface_hairs,reproductive shoot system; fruit,fruit morphology trait,fruit morphology,NA,trichome; fruit morphology trait
https://w3id.org/APD/traits/trait_0012625,seed_colour,reproductive shoot system; seed,seed morphology trait,seed morphology,NA,seed coat
https://w3id.org/APD/traits/trait_0013121,leaf_vessel_wall_thickness,leaf,"xylem vessel morphology trait; water transport trait, hydraulic trait; leaf morphology trait",leaf morphology,NA,xylem vessel; water transport; hydraulic conductivity
https://w3id.org/APD/traits/trait_0013122,stem_vessel_wall_thickness,stem,"xylem vessel morphology trait; water transport trait, hydraulic trait; stem morphology trait",stem morphology,NA,xylem vessel; water transport; sapwood; hydraulic conductivity
https://w3id.org/APD/traits/trait_0013123,leaf_vessel_length,leaf,"xylem vessel morphology trait; water transport trait, hydraulic trait; leaf morphology trait",leaf morphology,NA,xylem vessel; water transport
https://w3id.org/APD/traits/trait_0013124,stem_vessel_length,stem,"xylem vessel morphology trait; water transport trait, hydraulic trait; stem morphology trait",stem morphology,NA,xylem vessel; water transport; sapwood
https://w3id.org/APD/traits/trait_0030030,foliage_time,whole plant; leaf,plant phenological trait; environmental tolerance trait,life history,NA,shedability; environmental condition; evergreen; deciduous; plant phenological trait
https://w3id.org/APD/traits/trait_0030220,establishment_cues,whole plant,plant phenological trait; environmental tolerance trait; fire response trait,life history,NA,NA
https://w3id.org/APD/traits/trait_0030221,germination_cues,reproductive shoot system; seed,plant phenological trait; environmental tolerance trait; fire response trait,life history,NA,NA
https://w3id.org/APD/traits/NA,leaf_critical_temperature_minimum,leaf,photosystem performance trait; environmental tolerance trait,life history,NA,NA
https://w3id.org/APD/traits/NA,leaf_critical_temperature_maximum,leaf,photosystem performance trait; environmental tolerance trait,life history,NA,NA
https://w3id.org/APD/traits/NA,leaf_maximum_temperature,leaf,photosystem performance trait; environmental tolerance trait,life history,NA,NA
https://w3id.org/APD/traits/NA,leaf_ice_nucleation_temperature,leaf,environmental tolerance trait,life history,NA,NA
https://w3id.org/APD/traits/NA,leaf_chlorophyll_content_SPAD,leaf,pigment content trait; environmental tolerance trait,nutrient and stable isotope,NA,NA
https://w3id.org/APD/traits/NA,leaf_cuticular_conductance,leaf,gas exchange trait,physiology,NA,NA
https://w3id.org/APD/traits/NA,leaf_conductance_surface_water,leaf,gas exchange trait,physiology,NA,NA
https://w3id.org/APD/traits/NA,leaf_foliar_water_uptake_rate,leaf,gas exchange trait,physiology,NA,NA
