source_primary_key,source_primary_citation
ABRS_1981,"B. A. Barlow, H. T. Clifford, A. S. George, and A. K. A. McCusker. _Flora of Australia_. 1981.  url:  [http://www.environment.gov.au/biodiversity/abrs/online-resources/flora/main/](http://www.environment.gov.au/biodiversity/abrs/online-resources/flora/main/)."
ABRS_2022,"Australian Biological Resources Study. _Flora of Australia, Australian Biological Resources Study, Canberra._. accessed on 14 September, 2022.. 2022.  url:  [http://www.ausflora.org.au](http://www.ausflora.org.au)."
ABRS_2023,"Australian Biological Resources Study. _Flora of Australia, Australian Biological Resources Study, Canberra._. accessed on 14 September, 2022.. 2023.  url:  [http://www.ausflora.org.au](http://www.ausflora.org.au)."
ANBG_2019,Australian National Botanic Gardens. _The National Seed Bank_. 2018.  url:  [http://www.anbg.gov.au/gardens/living/seedbank/](http://www.anbg.gov.au/gardens/living/seedbank/).
ATRP_2020,"F. A. Zich, B. P. Hyland, T. Whiffin, and R. A. Kerrigan. _Australian Tropical Rainforest Plants, Edition 8_. 2020.  url:  [https://apps.lucidcentral.org/rainforest/text/intro/index.html](https://apps.lucidcentral.org/rainforest/text/intro/index.html)."
Ahrens_2019,"C. W. Ahrens, M. E. Andrew, R. A. Mazanec, K. X. Ruthrof, A. Challis, G. Hardy, M. Byrne, D. T. Tissue, and P. D. Rymer. “Plant functional traits differ in adaptability and are predicted to be differentially affected by climate change”.   _Ecology and Evolution_ 10.1 (2019), pp. 232-248.  doi:  [10.1002/ece3.5890](https://doi.org/10.1002%2Fece3.5890)."
Andrew_2022,"S. C. Andrew, P. A. Arnold, A. K. Simonsen, and V. F. Briceño. “Consistently high heat tolerance acclimation in response to a simulated heatwave across species from the broadly distributed”.   _Functional Plant Biology_ 50.1 (2022). Ed. by S. Allakhverdiev, pp. 71-83. ISSN: 1445-4416.  doi:  [10.1071/fp22173](https://doi.org/10.1071%2Ffp22173)."
Angevin_2011,"T. Angevin. “Species richness and functional trait diversity response to land use in a temperate eucalypt woodland community”. Honours. La Trobe University, 2011."
Apgaua_2015,"D. M. G. Apgaua, F. Y. Ishida, D. Y. P. Tng, M. J. Laidlaw, R. M. Santos, R. Rumman, D. Eamus, J. A. M. Holtum, and S. G. W. Laurance. “Functional traits and water transport strategies in lowland tropical rainforest trees”.   _PLoS One_ 10.6 (2015), p. e0130799.  doi:  [10.1371/journal.pone.0130799](https://doi.org/10.1371%2Fjournal.pone.0130799)."
Apgaua_2017,"D. M. G. Apgaua, D. Y. P. Tng, L. A. Cernusak, A. W. Cheesman, R. M. Santos, W. J. Edwards, and S. G. W. Laurance. “Plant functional groups within a tropical forest exhibit different wood functional anatomy”.   _Functional Ecology_ 31.3 (2017), pp. 582-591.  doi:  [10.1111/1365-2435.12787](https://doi.org/10.1111%2F1365-2435.12787)."
Arnold_2021,"P. A. Arnold, V. F. Briceño, K. M. Gowland, A. A. Catling, L. A. Bravo, and A. B. Nicotra. “A high-throughput method for measuring critical thermal limits of leaves by chlorophyll imaging fluorescence”.   _Functional Plant Biology_ 48.6 (2021), p. 634. ISSN: 1445-4408.  doi:  [10.1071/fp20344](https://doi.org/10.1071%2Ffp20344)."
Arnold_2022,"P. A. Arnold, S. Wang, A. A. Catling, L. E. B. Kruuk, and A. B. Nicotra. “Patterns of phenotypic plasticity along a thermal gradient differ by trait type in an alpine plant”.   _Functional Ecology_ 36.9 (2022), pp. 2412-2428. ISSN: 1365-2435.  doi:  [10.1111/1365-2435.14128](https://doi.org/10.1111%2F1365-2435.14128)."
Arnold_2024,"P. A. Arnold, S. Wang, R. F. Notarnicola, A. B. Nicotra, and L. E. B. Kruuk. “Testing the evolutionary potential of an alpine plant: phenotypic plasticity in response to growth temperature outweighs parental environmental effects and other genetic causes of variation”.   _Journal of Experimental Botany_ 75.18 (2024). Ed. by M. Jones, pp. 5971-5988. ISSN: 1460-2431.  doi:  [10.1093/jxb/erae290](https://doi.org/10.1093%2Fjxb%2Ferae290)."
Atkinson_2020,"J. Atkinson. “Unpublished data: Leaf morphology of the Pultenaea juniperina species complex in Tasmania, University of New South Wales”. 2020."
Atkinson_2020_2,"J. Atkinson. “Unpublished data: Investigation of how leaf traits may determine ecological restoration outcomes, University of New South Wales”. 2020."
Auld_2000,"T. D. Auld, D. A. Keith, and R. A. Bradstock. “Patterns in longevity of soil seedbanks in fire-prone communities of south-eastern Australia”.   _Australian Journal of Botany_ 48.4 (2000), pp. 539-548.  doi:  [10.1071/bt99046](https://doi.org/10.1071%2Fbt99046)."
BRAIN_2007,Brisbane Rainforest Action & Information Network. _Trait measurements for Australian rainforest species_. 2016.  url:  [http://www.brisrain.org.au/](http://www.brisrain.org.au/).
Baker_2019,"A. Baker. “Unpublished data: Post-fire fire-response surveys on the NSW north coast, Southern Cross University”. 2019."
Barrett_2009,"S. Barrett, S. Comer, N. McQuoid, M. Porter, C. Tiller, and D. Utber. _Identification and Conservation of Fire Sensitive Ecosystems and Species of the South Coast Natural Resource Management Region._. government. Department of Conservation and Land Management, South Coast Region, Western Australia, 2009."
Bean_1997,"A. Bean. “A revision of Baeckea (Myrtaceae) in eastern Australia, Malesia and south-east Asia”.   _Telopea_ 7 (1997), pp. 245-268.  doi:  [10.1.1.520.6315](https://doi.org/10.1.1.520.6315)."
Bebawi_2015,"F. F. Bebawi, S. D. Campbell, and R. J. Mayer. “Seed bank longevity and age to reproductive maturity of Calotropis procera (Aiton) W.T. Aiton in the dry tropics of northern Queensland”.   _The Rangeland Journal_ 37.3 (2015), p. 239. ISSN: 1036-9872.  doi:  [10.1071/rj14130](https://doi.org/10.1071%2Frj14130)."
Benwell_2024,"A. Benwell. “Fire responses of flora in a sclerophyll-rainforest vegetation complex in the Nightcap Range, North Coast, New South Wales”.   _Australian Journal of Botany_ 72.1 (2024). Ed. by D. Williams. ISSN: 1444-9862.  doi:  [10.1071/bt23049](https://doi.org/10.1071%2Fbt23049)."
Blackman_2010,"C. J. Blackman, T. J. Brodribb, and G. J. Jordan. “Leaf hydraulic vulnerability is related to conduit dimensions and drought resistance across a diverse range of woody angiosperms”.   _New Phytologist_ 188.4 (2010), pp. 1113-1123.  doi:  [10.1111/j.1469-8137.2010.03439.x](https://doi.org/10.1111%2Fj.1469-8137.2010.03439.x)."
Blackman_2019,"C. J. Blackman, X. Li, B. Choat, P. D. Rymer, M. G. D. Kauwe, R. A. Duursma, D. T. Tissue, and B. E. Medlyn. “Desiccation time during drought is highly predictable across species of Eucalyptus from contrasting climates”.   _New Phytologist_ 224.2 (2019), pp. 632-643.  doi:  [10.1111/nph.16042](https://doi.org/10.1111%2Fnph.16042)."
Blackman_2023,"C. J. Blackman, B. Halliwell, G. E. Hartill, and T. J. Brodribb. “Petiole XLA (xylem to leaf area ratio) integrates hydraulic safety and efficiency across a diverse group of eucalypt leaves”.   _Plant, Cell & Environment_ 47.1 (2023), pp. 49-58. ISSN: 1365-3040.  doi:  [10.1111/pce.14713](https://doi.org/10.1111%2Fpce.14713)."
Bloomfield_2018,"K. J. Bloomfield, L. A. Cernusak, D. Eamus, D. S. Ellsworth, I. C. Prentice, I. J. Wright, M. M. Boer, M. G. Bradford, P. Cale, J. Cleverly, J. J. G. Egerton, B. J. Evans, L. S. Hayes, M. F. Hutchinson, M. J. Liddell, C. Macfarlane, W. S. Meyer, S. M. Prober, H. F. Togashi, T. Wardlaw, L. Zhu, and O. K. Atkin. “A continental-scale assessment of variability in leaf traits: Within species, across sites and between seasons”.   _Functional Ecology_ 32.6 (2018), pp. 1492-1506.  doi:  [10.1111/1365-2435.13097](https://doi.org/10.1111%2F1365-2435.13097)."
Bourne_2017,"A. E. Bourne, D. Creek, J. M. R. Peters, D. S. Ellsworth, and B. Choat. “Species climate range influences hydraulic and stomatal traits in Eucalyptus species”.   _Annals of Botany_ 120.1 (2017), pp. 123-133.  doi:  [10.1093/aob/mcx020](https://doi.org/10.1093%2Faob%2Fmcx020)."
Bradshaw_2022,H. Bradshaw and G. Guerin. _Variance in plant functional traits in Eucalyptus baxteri and E. obliqua - a pilot study to assess utility for inferring climate vulnerability_. 2022.  doi:  [10.25909/624BF3FA77AD4](https://doi.org/10.25909%2F624BF3FA77AD4).
Bragg_2002,"J. G. Bragg and M. Westoby. “Leaf size and foraging for light in a sclerophyll woodland”.   _Functional Ecology_ 16 (2002), pp. 633-639.  doi:  [10.1046/j.1365-2435.2002.00661.x](https://doi.org/10.1046%2Fj.1365-2435.2002.00661.x)."
Briggs_2010,"A. L. Briggs and J. W. Morgan. “Seed characteristics and soil surface patch type interact to affect germination of semi-arid woodland species”.   _Plant Ecology_ 212 (2010), pp. 91-103.  doi:  [10.1007/s11258-010-9806-x](https://doi.org/10.1007%2Fs11258-010-9806-x)."
Britton_1994,"D. L. Britton and M. A. Brock. “Seasonal germination from wetland seed banks”.   _Marine and Freshwater Research_ 45.8 (1994), pp. 1445-1457.  doi:  [10.1071/mf9941445](https://doi.org/10.1071%2Fmf9941445)."
Brock_1993,"J. Brock and A. Dunlop. _Native plants of northern Australia_. Reed New Holland, 1993. ISBN: 9781877069246."
Brodribb_2000,"T. J. Brodribb and T. S. Feild. “Stem hydraulic supply is linked to leaf photosynthetic capacity: evidence from New Caledonian and Tasmanian rainforests”.   _Plant, Cell and Environment_ 23.12 (2000), pp. 1381-1388.  doi:  [10.1046/j.1365-3040.2000.00647.x](https://doi.org/10.1046%2Fj.1365-3040.2000.00647.x)."
Bryant_2021,"C. Bryant, T. I. Fuenzalida, A. Zavafer, H. T. Nguyen, N. Brothers, R. J. Harris, H. A. A. Beckett, H. I. Holmlund, O. Binks, and M. C. Ball. “Foliar water uptake via cork warts in mangroves of the Sonneratia genus”.   _Plant, Cell &amp; Environment_ 44.9 (2021), pp. 2925-2937. ISSN: 1365-3040.  doi:  [10.1111/pce.14129](https://doi.org/10.1111%2Fpce.14129)."
Bryant_2021_2,"C. Bryant, T. I. Fuenzalida, N. Brothers, M. Mencuccini, L. Sack, O. Binks, and M. C. Ball. “Shifting access to pools of shoot water sustains gas exchange and increases stem hydraulic safety during seasonal atmospheric drought”.   _Plant, Cell &amp; Environment_ 44.9 (2021), pp. 2898-2911. ISSN: 1365-3040.  doi:  [10.1111/pce.14080](https://doi.org/10.1111%2Fpce.14080)."
Bryant_2021_3,"C. Bryant, R. J. Harris, N. Brothers, C. Bone, N. Walsh, A. B. Nicotra, and M. C. Ball. “Cross-tolerance: Salinity gradients and dehydration increase photosynthetic heat tolerance in mangrove leaves”.   _Functional Ecology_ (2024). ISSN: 1365-2435.  doi:  [10.1111/1365-2435.14508](https://doi.org/10.1111%2F1365-2435.14508)."
Bryant_2024,"C. Bryant, M. C. Ball, J. Borevitz, M. T. Brookhouse, H. Carle, P. Cunningham, M. Davey, J. Davies, A. Eason, J. D. Erskine, T. I. Fuenzalida, D. Grishin, R. Harris, J. Kriticos, A. Midson, A. B. Nicotra, A. Nshuti, J. Ward-Jones, Y. Yau, O. Young, and H. Bothwell. “Elevation-dependent patterns of borer-mediated snow-gum dieback are associated with subspecies' trait differences and environmental variation”.   _Austral Ecology_ 49.3 (2024). ISSN: 1442-9993.  doi:  [10.1111/aec.13508](https://doi.org/10.1111%2Faec.13508)."
Buckton_2019,"G. Buckton, A. W. Cheesman, N. C. Munksgaard, C. M. Wurster, M. J. Liddell, and L. A. Cernusak. “Functional traits of lianas in an Australian lowland rainforest align with post-disturbance rather than dry season advantage”.   _Austral Ecology_ 44.6 (2019), pp. 983-994.  doi:  [10.1111/aec.12764](https://doi.org/10.1111%2Faec.12764)."
Burrows_2001,"G. E. Burrows. “Comparative anatomy of the photosynthetic organs of 39 xeromorphic species from subhumid New South Wales, Australia”.   _International Journal of Plant Sciences_ 162 (2001), pp. 411-430.  doi:  [10.1086/319579](https://doi.org/10.1086%2F319579)."
Burrows_2008,"N. D. Burrows, G. Wardell-Johnson, and B. Ward. “Post-fire juvenile period of plants in south-west Australia forests and implications for fire management”.   _Journal of the Royal Society of Western Australia_ 91 (2008), pp. 163-174."
Burrows_2008_2,"N. D. Burrows, G. Wardell-Johnson, and B. Ward. “Post-fire juvenile period of plants in south-west Australia forests and implications for fire management”.   _Journal of the Royal Society of Western Australia_ 91 (2008), pp. 163-174. ISSN: 0035922X.  url:  [http://hdl.handle.net/20.500.11937/19156](http://hdl.handle.net/20.500.11937/19156) (visited on 03/27/2025)."
Burrows_2020,"N. Burrows. _Data from 'Plant Ecological Attributes' theme, NatureMap, DBCA, WA_. 2020."
Butler_2004,"D. W. Butler, R. J. Green, D. Lamb, W. J. F. Mcdonald, and P. I. Forster. “Biogeography of seed-dispersal syndromes, life-forms and seed sizes among woody rain-forest plants in Australia's subtropics”.   _Journal of Biogeography_ 34.10 (2007), pp. 1736-1750. ISSN: 1365-2699.  doi:  [10.1111/j.1365-2699.2007.01734.x](https://doi.org/10.1111%2Fj.1365-2699.2007.01734.x)."
CPBR_2002,Centre for Plant Biodiversity Research. _EUCLID 2.0: Eucalypts of Australia_. 2002.  url:  [http://apps.lucidcentral.org/euclid/text/intro/index.html](http://apps.lucidcentral.org/euclid/text/intro/index.html).
Caldwell_2016,"E. Caldwell, J. Read, and G. D. Sanson. “Which leaf mechanical traits correlate with insect herbivory among feeding guilds?”.   _Annals of Botany_ 117 (2015), pp. 349-361.  doi:  [10.1093/aob/mcv178](https://doi.org/10.1093%2Faob%2Fmcv178)."
Campbell_2006,"M. L. Campbell and P. J. Clarke. “Response of montane wet sclerophyll forest understorey species to fire- evidence from high and low intensity fires”.   _Proceedings of the Linnean Society of New South Wales_ 127 (2006), pp. 63-73.  doi:  [unknown](https://doi.org/unknown)."
Canham_2009,"C. A. Canham, R. H. Froend, and W. D. Stock. “Water stress vulnerability of four Banksia species in contrasting ecohydrological habitats on the Gnangara Mound, Western Australia”.   _Plant, Cell and Environment_ 32.1 (2009), pp. 64-72.  doi:  [10.1111/j.1365-3040.2008.01904.x](https://doi.org/10.1111%2Fj.1365-3040.2008.01904.x)."
Canham_2023,"C. A. Canham, C. Woods, S. A. Setterfield, E. J. Veneklaas, F. L. Freestone, L. S. Beesley, and M. M. Douglas. “Functional traits of riparian trees in the lower Fitzroy River, Western Australia”.   _Ecohydrology_ 16.1 (2023).  doi:  [10.1002/eco.2488](https://doi.org/10.1002%2Feco.2488)."
Carey_2003,"A. C. &. M. E. &. P. H. &. M. L. &. T. M. &. P. O. &. S. S. &. D. S. &. N. Webb. _Wildfires in the ACT 2003: Report on Initial Impacts on Natural Ecosystems_. Technical Report No. 17. Environment ACT, 2003.  url:  [https://www.act.gov.au/__data/assets/pdf_file/0009/2539593/17-wildfires-in-the-act-report-on-initial-impacts-on-natural-ecosystems-2003.pdf](https://www.act.gov.au/__data/assets/pdf_file/0009/2539593/17-wildfires-in-the-act-report-on-initial-impacts-on-natural-ecosystems-2003.pdf)."
Catford_2014,"J. A. Catford, W. K. Morris, P. A. Vesk, C. J. Gippel, and B. J. Downes. “Species and environmental characteristics point to flow regulation and drought as drivers of riparian plant invasion”.   _Diversity and Distributions_ 20 (2014), pp. 1084-1096.  doi:  [10.1111/ddi.12225](https://doi.org/10.1111%2Fddi.12225)."
Cernusak_2006,"L. A. Cernusak, L. B. Hutley, J. Beringer, and N. J. Tapper. “Stem and leaf gas exchange and their responses to fire in a north Australian tropical savanna”.   _Plant, Cell and Environment_ 29.4 (2006), pp. 632-646.  doi:  [10.1111/j.1365-3040.2005.01442.x](https://doi.org/10.1111%2Fj.1365-3040.2005.01442.x)."
Cernusak_2011,"L. A. Cernusak, L. B. Hutley, J. Beringer, J. A. Holtum, and B. L. Turner. “Photosynthetic physiology of eucalypts along a sub-continental rainfall gradient in northern Australia”.   _Agricultural and Forest Meteorology_ 151.11 (2011), pp. 1462-1470.  doi:  [10.1016/j.agrformet.2011.01.006](https://doi.org/10.1016%2Fj.agrformet.2011.01.006)."
Chandler_2002,"G. T. Chandler, M. D. Crisp, L. W. Cayzer, and R. J. Bayer. “Monograph of Gastrolobium (Fabaceae: Mirbelieae)”.   _Australian Systematic Botany_ 15 (2002), pp. 619-739.  doi:  [10.1071/sb01010](https://doi.org/10.1071%2Fsb01010)."
Cheal_2017,"D. Cheal. _Growth stages and tolerable fire intervals for Victoria's native vegetation data sets_. Fire and adaptive management, report no. 84. Victorian Government Department of Sustainability and Environment Melbourne, 2010."
Cheesman_2020,"A. W. Cheesman, H. Duff, K. Hill, L. A. Cernusak, and F. A. McInerney. “Isotopic and morphologic proxies for reconstructing light environment and leaf function of fossil leaves: A modern calibration in the Daintree Rainforest, Australia”.   _American Journal of Botany_ 107 (2020), pp. 1165-1176.  doi:  [10.1002/ajb2.1523](https://doi.org/10.1002%2Fajb2.1523)."
Chen_2017,"Chen, S.-C., Cornwell, W., Z. H.-X., Moles, and A. T. “Plants show more flesh in the tropics: Variation in fruit type along latitudinal and climatic gradients.”.   _Ecography_ 40 (2017), pp. 531-538.  doi:  [abs/10.1111/ecog.02010](https://doi.org/abs%2F10.1111%2Fecog.02010)."
Chinnock_2007,"R. J. Chinnock. _Eremophila and allied genera: A monograph of the plant family Myoporaceae_. Rosenberg, 2007. ISBN: 9781877058165."
Choat_2006,"B. Choat, M. C. Ball, J. G. Luly, C. F. Donnelly, and J. A. M. Holtum. “Seasonal patterns of leaf gas exchange and water relations in dry rain forest trees of contrasting leaf phenology”.   _Tree Physiology_ 26.5 (2006), pp. 657-664.  doi:  [10.1093/treephys/26.5.657](https://doi.org/10.1093%2Ftreephys%2F26.5.657)."
Choat_2012,"B. Choat, S. Jansen, T. J. Brodribb, H. Cochard, S. Delzon, R. Bhaskar, S. J. Bucci, T. S. Feild, S. M. Gleason, U. G. Hacke, A. L. Jacobsen, F. Lens, H. Maherali, J. Martinez-Vilalta, S. Mayr, M. Mencuccini, P. J. Mitchell, A. Nardini, J. Pittermann, R. B. Pratt, J. S. Sperry, M. Westoby, I. J. Wright, and A. E. Zanne. “Global convergence in the vulnerability of forests to drought”.   _Nature_ 491.7426 (2012), pp. 752-755.  doi:  [10.1038/nature11688](https://doi.org/10.1038%2Fnature11688)."
Clarke_2009,"P. J. Clarke, K. J. E. Knox, M. L. Campbell, and L. M. Copeland. “Post-fire recovery of woody plants in the New England Tableland Bioregion”.   _Cunninghamia_ 11 (2009), pp. 221-239.  doi:  [https://hdl.handle.net/1959.11/4907](https://doi.org/https%3A%2F%2Fhdl.handle.net%2F1959.11%2F4907)."
Clarke_2015,"P. J. Clarke, M. J. Lawes, B. P. Murphy, J. Russell-Smith, C. E. Nano, R. Bradstock, N. J. Enright, J. B. Fontaine, C. R. Gosper, I. Radford, J. J. Midgley, and R. M. Gunton. “A synthesis of postfire recovery traits of woody plants in Australian ecosystems”.   _Science of The Total Environment_ 534 (2015), pp. 31-42.  doi:  [10.1016/j.scitotenv.2015.04.002](https://doi.org/10.1016%2Fj.scitotenv.2015.04.002)."
Cochrane_2001,"A. Cochrane, K. Brown, S. Cunneen, and and A. Kelly. “Variation in seed production and germination in 22 rare and threatened Western Australian Verticordia (Myrtaceae)”.   _Journal of the Royal Society of Western Australia_ 84 (2001), pp. 103-110."
Cochrane_2017,"A. Cochrane. “Modelling seed germination response to temperature in Eucalyptus Her. (Myrtaceae) species in the context of global warming”.   _Seed Science Research_ 27.2 (2017), pp. 99-109.  doi:  [10.1017/s0960258517000010](https://doi.org/10.1017%2Fs0960258517000010)."
Cochrane_2018,"A. Cochrane. “Temperature thresholds for germination in 20 short-range endemic plant species from a Greenstone Belt in southern Western Australia”.   _Plant Biology_ 22.S1 (2019). Ed. by J. Scheepens, pp. 103-112.  doi:  [10.1111/plb.12951](https://doi.org/10.1111%2Fplb.12951)."
Cochrane_2019,"A. Cochrane. “Effects of temperature on germination in eight Western Australian herbaceous species”.   _Folia Geobotanica_ 54.1-2 (2019), pp. 29-42.  doi:  [10.1007/s12224-019-09335-6](https://doi.org/10.1007%2Fs12224-019-09335-6)."
Collette_2021,"J. C. Collette and M. K. J. Ooi. “Distribution of seed dormancy classes across a fire-prone continent: effects of rainfall seasonality and temperature”.   _Annals of Botany_ 127.5 (2021), pp. 613-620.  doi:  [10.1093/aob/mcaa203](https://doi.org/10.1093%2Faob%2Fmcaa203)."
Cooper_2004,"W. Cooper and W. T. Cooper. _Fruits of the Australian tropical rainforest_. Nokomis Editions, 2004. ISBN: 9780958174213."
Cooper_2013,"W. Cooper and W. T. Cooper. _Australian rainforest fruits_. CSIRO Publishing, 2013, p. 272."
Cowling_1987,"R. M. Cowling, B. B. Lamont, and S. M. Pierce. “Seed bank dynamics of four co-occurring Banksia species”.   _The Journal of Ecology_ 75.2 (1987), pp. 289-302.  doi:  [10.2307/2260419](https://doi.org/10.2307%2F2260419)."
Craven_1987,"L. Craven. “A taxonomic Revision of Calytrix Labill. (Myrtaceae)”.   _Brunonia_ 10 (1987), pp. 1-138.  doi:  [10.1071/bru9870001](https://doi.org/10.1071%2Fbru9870001)."
Craven_2010,"L. A. Craven, B. J. Lepschi, and K. J. Cowley. “Melaleuca (Myrtaceae) of Western Australia: Five new species, three new combinations, one new name and a new state record.”.   _Nuytsia_ 20 (2010), pp. 27-36."
Creek_2018,"D. Creek, C. J. Blackman, T. J. Brodribb, B. Choat, and D. T. Tissue. “Coordination between leaf, stem, and root hydraulics and gas exchange in three arid-zone angiosperms during severe drought and recovery”.   _Plant, Cell & Environment_ 41 (2018), pp. 2869-2881.  doi:  [10.1111/pce.13418](https://doi.org/10.1111%2Fpce.13418)."
Crisp_2003,"M. D. Crisp and L. G. Cook. “Phylogeny and Evolution of Anomalous Roots in Daviesia (Fabaceae: Mirbelieae)”.   _International Journal of Plant Sciences_ 164.4 (2003), pp. 603-612. ISSN: 1537-5315.  doi:  [10.1086/375318](https://doi.org/10.1086%2F375318)."
Crisp_2017,"M. D. Crisp, L. Cayzer, G. T. Chandler, and L. G. Cook. “A monograph of Daviesia (Mirbelieae, Faboideae, Fabaceae)”.   _Phytotaxa_ 300 (2017), pp. 1-308.  doi:  [10.11646/phytotaxa.300.1.1](https://doi.org/10.11646%2Fphytotaxa.300.1.1)."
Cross_2009,"E. Cross. “The characteristics of natives and invaders: A trait-based investigation into the theory of limiting similarity.”. Honours. La Trobe University, 2009."
Crous_2013,"K. Y. Crous, A. G. Quentin, Y. Lin, B. E. Medlyn, D. G. Williams, C. V. M. Barton, and D. S. Ellsworth. “Photosynthesis of temperate Eucalyptus globulus trees outside their native range has limited adjustment to elevated CO2 and climate warming”.   _Global Change Biology_ 19.12 (2013), pp. 3790-3807.  doi:  [10.1111/gcb.12314](https://doi.org/10.1111%2Fgcb.12314)."
Crous_2019,"K. Y. Crous, A. Wujeska-Klause, M. Jiang, B. E. Medlyn, and D. S. Ellsworth. “Nitrogen and phosphorus retranslocation of leaves and stemwood in a mature Eucalyptus forest exposed to 5 years of elevated CO2”.   _Frontiers in Plant Science_ 10 (2019), p. art664.  doi:  [10.3389/fpls.2019.00664](https://doi.org/10.3389%2Ffpls.2019.00664)."
Crowley_2007,"G. Crowley, M. Gardener, and M. Marrinan. _Tropical savannas fire response database_. 2007.  url:  [www.landmanager.org.au](www.landmanager.org.au)."
Cunningham_1999,"S. A. Cunningham, B. Summerhayes, and M. Westoby. “Evolutionary divergences in leaf structure and chemistry, comparing rainfall and soil nutrient gradients”.   _Ecological Monographs_ 69 (1999), pp. 569-588.  doi:  [10.1890/0012-9615(1999)069[0569:EDILSA]2.0.CO;2](https://doi.org/10.1890%2F0012-9615%281999%29069%5B0569%3AEDILSA%5D2.0.CO%3B2)."
Curran_2009,"T. J. Curran, P. J. Clarke, and N. W. M. Warwick. “Water relations of woody plants on contrasting soils during drought: does edaphic compensation account for dry rainforest distribution?”.   _Australian Journal of Botany_ 57.8 (2009), pp. 629-639.  doi:  [10.1071/bt09128](https://doi.org/10.1071%2Fbt09128)."
Curtis_2012,"E. M. Curtis, A. Leigh, and S. Rayburg. “Relationships among leaf traits of Australian arid zone plants: alternative modes of thermal protection”.   _Australian Journal of Botany_ 60.6 (2012), pp. 471-483.  doi:  [10.1071/bt11284](https://doi.org/10.1071%2Fbt11284)."
Denton_2007,"M. D. Denton, E. J. Veneklaas, F. M. Freimoser, and H. Lambers. “Banksia species (Proteaceae) from severely phosphorus-impoverished soils exhibit extreme efficiency in the use and re-mobilization of phosphorus”.   _Plant, Cell and Environment_ 30 (2007), pp. 1557-1565.  doi:  [10.1111/j.1365-3040.2007.01733.x](https://doi.org/10.1111%2Fj.1365-3040.2007.01733.x)."
Detombeur_2021,"F. de Tombeur, E. Laliberte, H. Lambers, M. Faucon, G. Zemunik, B. L. Turner, J. Cornelis, and G. Mahy. “A shift from phenol to silica-based leaf defenses during long-term soil and ecosystem development”.   _Ecology Letters_ 24.5 (2021), pp. 984-995.  doi:  [10.1111/ele.13713](https://doi.org/10.1111%2Fele.13713)."
Detombeur_2025,"F. D. Tombeur, L. Plouzeau, J. Shaw, M. J. Hodson, K. Ranathunge, J. Kotula, P. E. Hayes, M. Tremblay, S. Coq, M. Stein, R. Nakamura, I. J. Wright, H. Lambers, C. Violle, and P. L. Clode. “Anatomical and Trait Analyses Reveal a Silicon-Carbon Trade-Off in the Epidermis of Sedges”.   _Plant, Cell & Environment_ 48.3 (2024), pp. 2396-2410. ISSN: 1365-3040.  doi:  [10.1111/pce.15307](https://doi.org/10.1111%2Fpce.15307)."
Doherty_2021,"M. Doherty. “Fire Severity and Plant Community Dynamics in the Australian Alps, Southeastern New South Wales”. PhD. Australian National University, 2021.  url:  [http://hdl.handle.net/1885/224564](http://hdl.handle.net/1885/224564)."
Dong_2017,"N. Dong, I. C. Prentice, B. J. Evans, S. Caddy-Retalic, A. J. Lowe, and I. J. Wright. “Leaf nitrogen from first principles: field evidence for adaptive variation with climate”.   _Biogeosciences_ 14.2 (2017), pp. 481-495.  doi:  [10.5194/bg-14-481-2017](https://doi.org/10.5194%2Fbg-14-481-2017)."
Drake_2011,"P. L. Drake, R. H. Froend, and P. J. Franks. “Linking hydraulic conductivity and photosynthesis to water-source partitioning in trees versus seedlings”.   _Tree Physiology_ 31.7 (2011), pp. 763-773.  doi:  [10.1093/treephys/tpr068](https://doi.org/10.1093%2Ftreephys%2Ftpr068)."
Draper_2023,"J. T. Draper, S. Delean, J. G. Conran, P. Weinstein, and B. S. Simpson. “Life-history characteristics and climate correlates of dioecious plant species in central southern Australia”.   _Australian Journal of Botany_ unknown.unknown (2023), p. unknown.  doi:  [10.1071/BT22110](https://doi.org/10.1071%2FBT22110)."
Du_2018,"P. Du, S. K. Arndt, and C. Farrell. “Relationships between plant drought response, traits, and climate of origin for green roof plant selection”.   _Ecological Applications_ 28.7 (2018), pp. 1752-1761.  doi:  [10.1002/eap.1782](https://doi.org/10.1002%2Feap.1782)."
Du_2019,"P. Du, S. K. Arndt, and C. Farrell. “Can the turgor loss point be used to assess drought response to select plants for green roofs in hot and dry climates?”.   _Plant and Soil_ 441.1-2 (2019), pp. 399-408.  doi:  [10.1007/s11104-019-04133-7](https://doi.org/10.1007%2Fs11104-019-04133-7)."
Duan_2015,"H. Duan, A. P. O'Grady, R. A. Duursma, B. Choat, G. Huang, R. A. Smith, Y. Jiang, and D. T. Tissue. “Drought responses of two gymnosperm species with contrasting stomatal regulation strategies under elevated [CO2] and temperature”.   _Tree Physiology_ 35.7 (2015), pp. 756-770.  doi:  [10.1093/treephys/tpv047](https://doi.org/10.1093%2Ftreephys%2Ftpv047)."
Duncan_1998,"D. H. Duncan. “Unpublished data: Structural basis of variation in leaf mass per area in three plant clades, Macquarie University”. 1998."
Dwyer_2017,"J. M. Dwyer and D. C. Laughlin. “Constraints on trait combinations explain climatic drivers of biodiversity: The importance of trait covariance in community assembly”.   _Ecology Letters_ 20.7 (2017), pp. 872-882.  doi:  [10.1111/ele.12781](https://doi.org/10.1111%2Fele.12781)."
Dwyer_2018,"J. M. Dwyer and R. Mason. “Plant community responses to thinning in densely regenerating Acacia harpophylla forest”.   _Restoration Ecology_ 26.1 (2018), pp. 97-105.  doi:  [10.1111/rec.12536](https://doi.org/10.1111%2Frec.12536)."
Eamus_1998,"D. Eamus and H. Prichard. “A cost-benefit analysis of leaves of four Australian savanna species”.   _Tree Physiology_ 18 (1998), pp. 537-545.  doi:  [10.1093/treephys/18.8-9.537](https://doi.org/10.1093%2Ftreephys%2F18.8-9.537)."
Eamus_1999,"D. Eamus, B. Myers, G. Duff, and D. Williams. “Seasonal changes in photosynthesis of eight savanna tree species”.   _Tree Physiology_ 19 (1999), pp. 665-671.  doi:  [10.1093/treephys/19.10.665](https://doi.org/10.1093%2Ftreephys%2F19.10.665)."
Eamus_2000,"D. Eamus, A. P. O'Grady, and L. Hutley. “Dry season conditions determine wet season water use in the wet-tropical savannas of northern Australia”.   _Tree Physiology_ 20.18 (2000), pp. 1219-1226.  doi:  [10.1093/treephys/20.18.1219](https://doi.org/10.1093%2Ftreephys%2F20.18.1219)."
Edwards_2000,"C. Edwards, J. Read, and G. D. Sanson. “Characterising sclerophylly: some mechanical properties of leaves from heath and forest”.   _Oecologia_ 123.2 (2000), pp. 158-167.  doi:  [10.1007/s004420051001](https://doi.org/10.1007%2Fs004420051001)."
Ellsworth_2015,"D. S. Ellsworth, K. Y. Crous, H. Lambers, and J. Cooke. “Phosphorus recycling in photorespiration maintains high photosynthetic capacity in woody species”.   _Plant, Cell & Environment_ 38.6 (2015), pp. 1142-1156.  doi:  [10.1111/pce.12468](https://doi.org/10.1111%2Fpce.12468)."
Enright_2014,"N. J. Enright, J. B. Fontaine, B. B. Lamont, B. P. Miller, and V. C. Westcott. “Resistance and resilience to changing climate and fire regime depend on plant functional traits”.   _Journal of Ecology_ 102 (2014), pp. 1572-1581.  doi:  [10.1111/1365-2745.12306](https://doi.org/10.1111%2F1365-2745.12306)."
EsperonRodriguez_2019,"M. Esperon-Rodriguez, S. A. Power, M. G. Tjoelker, and P. D. Rymer. “Unpublished data: Data from 'Which Plant Where Living Labs' research projects”. 2019."
EsperonRodriguez_2020,"M. Esperon-Rodriguez, P. D. Rymer, S. A. Power, A. Challis, R. M. Marchin, and M. G. Tjoelker. “Functional adaptations and trait plasticity of urban trees along a climatic gradient”.   _Urban Forestry & Urban Greening_ 54 (2020), p. art126771.  doi:  [10.1016/j.ufug.2020.126771](https://doi.org/10.1016%2Fj.ufug.2020.126771)."
Everingham_2020,"S. E. Everingham, C. A. Offord, M. E. B. Sabot, and A. T. Moles. “Time travelling seeds reveal that plant regeneration and growth traits are responding to climate change”.   _Ecology_ 102 (2020), p. e03272.  doi:  [10.1002/ecy.3272](https://doi.org/10.1002%2Fecy.3272)."
Falster_2003,"D. S. Falster and M. Westoby. “Leaf size and angle vary widely across species: what consequences for light interception?”.   _New Phytologist_ 158.3 (2003), pp. 509-525.  doi:  [10.1046/j.1469-8137.2003.00765.x](https://doi.org/10.1046%2Fj.1469-8137.2003.00765.x)."
Falster_2005_1,"D. S. Falster and M. Westoby. “Alternative height strategies among 45 dicot rain forest species from tropical Queensland, Australia”.   _Journal of Ecology_ 93 (2005), pp. 521-535.  doi:  [10.1111/j.0022-0477.2005.00992.x](https://doi.org/10.1111%2Fj.0022-0477.2005.00992.x)."
Falster_2005_2,"D. S. Falster and M. Westoby. “Tradeoffs between height growth rate, stem persistence and maximum height among plant species in a post-fire succession”.   _Oikos_ 111 (2005), pp. 57-66.  doi:  [10.1111/j.0030-1299.2005.13383.x](https://doi.org/10.1111%2Fj.0030-1299.2005.13383.x)."
Farrell_2012,"C. Farrell, R. E. Mitchell, C. Szota, J. P. Rayner, and N. S. G. Williams. “Green roofs for hot and dry climates: Interacting effects of plant water use, succulence and substrate”.   _Ecological Engineering_ 49 (2012), pp. 270-276.  doi:  [10.1016/j.ecoleng.2012.08.036](https://doi.org/10.1016%2Fj.ecoleng.2012.08.036)."
Farrell_2013,"C. Farrell, C. Szota, N. S. G. Williams, and S. K. Arndt. “High water users can be drought tolerant: using physiological traits for green roof plant selection”.   _Plant and Soil_ 372.1-2 (2013), pp. 177-193.  doi:  [10.1007/s11104-013-1725-x](https://doi.org/10.1007%2Fs11104-013-1725-x)."
Farrell_2017,"C. Farrell, C. Szota, and S. K. Arndt. “Does the turgor loss point characterize drought response in dryland plants?”.   _Plant, Cell & Environment_ 40.8 (2017), pp. 1500-1511.  doi:  [10.1111/pce.12948](https://doi.org/10.1111%2Fpce.12948)."
Firn_2019,"J. Firn, J. M. McGree, E. Harvey, H. Flores-Moreno, M. Schuetz, Y. M. Buckley, E. T. Borer, E. W. Seabloom, K. J. L. Pierre, A. M. MacDougall, S. M. Prober, C. J. Stevens, L. L. Sullivan, E. Porter, E. Ladouceur, C. Allen, K. H. Moromizato, J. W. Morgan, W. S. Harpole, Y. Hautier, N. Eisenhauer, J. P. Wright, P. B. Adler, C. A. Arnillas, J. D. Bakker, L. Biederman, A. A. D. Broadbent, C. S. Brown, M. N. Bugalho, M. C. Caldeira, E. E. Cleland, A. Ebeling, P. A. Fay, N. Hagenah, A. R. Kleinhesselink, R. Mitchell, J. L. Moore, C. Nogueira, P. L. Peri, C. Roscher, M. D. Smith, P. D. Wragg, and A. C. Risch. “Leaf nutrients, not specific leaf area, are consistent indicators of elevated nutrient inputs”.   _Nature Ecology & Evolution_ 3.3 (2019), pp. 400-406.  doi:  [10.1038/s41559-018-0790-1](https://doi.org/10.1038%2Fs41559-018-0790-1)."
Fonseca_2000,"C. R. Fonseca, J. M. Overton, B. Collins, and M. Westoby. “Shifts in trait-combinations along rainfall and phosphorus gradients”.   _Journal of Ecology_ 88 (2000), pp. 964-977.  doi:  [10.1046/j.1365-2745.2000.00506.x](https://doi.org/10.1046%2Fj.1365-2745.2000.00506.x)."
Forster_1992,"P. I. Forster. “A taxonomic revision of Alyxia (Apocynaceae) in Australia”.   _Australian Systematic Botany_ 5 (1992), pp. 547-580.  doi:  [10.1071/sb9920547](https://doi.org/10.1071%2Fsb9920547)."
Forster_1995,"P. I. Forster. “New names and combinations in Marsdenia (Asclepiadaceae: Marsdenieae) from Asia and Malesia (excluding Papusia)”.   _Australian Systematic Botany_ 8 (1995), pp. 691-701.  doi:  [10.1071/sb9950691](https://doi.org/10.1071%2Fsb9950691)."
French_2017,"B. J. French, L. D. Prior, G. J. Williamson, and D. M. J. S. Bowman. “Cause and effects of a megafire in sedge-heathland in the Tasmanian temperate wilderness”.   _Australian Journal of Botany_ 64.6 (2016), pp. 513-525.  doi:  [10.1071/bt16087](https://doi.org/10.1071%2Fbt16087)."
Funk_2016,"J. L. Funk, R. J. Standish, W. D. Stock, and F. Valladares. “Plant functional traits of dominant native and invasive species in mediterranean-climate ecosystems”.   _Ecology_ 97.1 (2016), pp. 75-83.  doi:  [10.1890/15-0974.1](https://doi.org/10.1890%2F15-0974.1)."
Gallagher_2011,"R. V. Gallagher, M. R. Leishman, J. T. Miller, C. Hui, D. M. Richardson, J. Suda, and P. Travnicek. “Invasiveness in introduced Australian acacias: The role of species traits and genome size”.   _Diversity and Distributions_ 17 (2011), pp. 884-897.  doi:  [10.1111/j.1472-4642.2011.00805.x](https://doi.org/10.1111%2Fj.1472-4642.2011.00805.x)."
Gallagher_2012,"R. V. Gallagher and M. R. Leishman. “A global analysis of trait variation and evolution in climbing plants”.   _Journal of Biogeography_ 39.10 (2012), pp. 1757-1771.  doi:  [10.1111/j.1365-2699.2012.02773.x](https://doi.org/10.1111%2Fj.1365-2699.2012.02773.x)."
Gallagher_2015,R. Gallagher and R. Lanfear. “Unpublished data: Trait campaign with the Royal Botanical Gardens & Macquarie University”. 2015.
Gallagher_2018,"R. Gallagher, A. Phillips, B. Laugier-Kitchener, C. Laws, D. Lanceman, D. M. Londono, E. McFarlane, J. Foster, K. Marais, L. Pollitt, L. Kovac, M. Lambert, S. Amini, T. Boreham, T. Pyne, H. McPherson, M. Rossetto, M. van der Merwe, I. Wright, and and Matthew Alfonzetti. “Unpublished data: Trait campaign with the Royal Botanical Gardens, Macquarie University”. 2018."
Gardiner_2019,"R. Gardiner, L. P. Shoo, and J. M. Dwyer. “Look to seedling heights, rather than functional traits, to explain survival during extreme heat stress in the early stages of subtropical rainforest restoration”.   _Journal of Applied Ecology_ 56.12 (2019), pp. 2687-2697.  doi:  [10.1111/1365-2664.13505](https://doi.org/10.1111%2F1365-2664.13505)."
Geange_2017,"S. R. Geange, V. F. Briceno, N. C. Aitken, J. A. Ramirez-Valiente, M. Holloway-Phillips, and A. B. Nicotra. “Phenotypic plasticity and water availability: responses of alpine herb species along an elevation gradient”.   _Climate Change Responses_ 4.1 (2017), pp. 1-12.  doi:  [10.1186/s40665-017-0033-8](https://doi.org/10.1186%2Fs40665-017-0033-8)."
Geange_2020,"S. R. Geange, M. Holloway-Phillips, V. F. Briceno, and A. B. Nicotra. “Aciphylla glacialis mortality, growth and frost resistance: a field warming experiment”.   _Australian Journal of Botany_ 67.8 (2020), pp. 599-609.  doi:  [10.1071/bt19034](https://doi.org/10.1071%2Fbt19034)."
Ghannoum_2010,"O. Ghannoum, N. G. Phillips, J. P. Conroy, R. A. Smith, R. D. Attard, R. Woodfield, B. A. Logan, J. D. Lewis, and D. T. Tissue. “Exposure to preindustrial, current and future atmospheric CO2 and temperature differentially affects growth and photosynthesis in Eucalyptus”.   _Global Change Biology_ 16.1 (2010), pp. 303-319.  doi:  [10.1111/j.1365-2486.2009.02003.x](https://doi.org/10.1111%2Fj.1365-2486.2009.02003.x)."
Goble_1981,"E. Goble-Garratt, D. Bell, and W. Loneragan. “Floristic and leaf structure patterns along a shallow elevational gradient”.   _Australian Journal of Botany_ 29 (1981), pp. 329-347.  doi:  [10.1071/bt9810329](https://doi.org/10.1071%2Fbt9810329)."
Gosper_2004,"C. R. Gosper. “Fruit characteristics of invasive bitou bush, Chrysanthemoides monilifera (Asteraceae), and a comparison with co-occurring native plant species”.   _Australian Journal of Botany_ 52.2 (2004), pp. 223-230.  doi:  [10.1071/bt03046](https://doi.org/10.1071%2Fbt03046)."
Gosper_2012,"C. R. Gosper, C. J. Yates, and S. M. Prober. “Changes in plant species and functional composition with time since fire in two mediterranean climate plant communities”.   _Journal of Vegetation Science_ 23.6 (2012), pp. 1071-1081.  doi:  [10.1111/j.1654-1103.2012.01434.x](https://doi.org/10.1111%2Fj.1654-1103.2012.01434.x)."
Gosper_2018,"C. R. Gosper, C. J. Yates, G. D. Cook, J. M. Harvey, A. C. Liedloff, W. L. McCaw, K. R. Thiele, and S. M. Prober. “A conceptual model of vegetation dynamics for the unique obligate-seeder eucalypt woodlands of south-western Australia”.   _Austral Ecology_ 43.6 (2018), pp. 681-695.  doi:  [10.1111/aec.12613](https://doi.org/10.1111%2Faec.12613)."
Gosper_2022,"C. R. Gosper, B. P. Miller, R. V. Gallagher, J. Kinloch, R. van Dongen, E. Adams, S. Barrett, A. Cochrane, S. Comer, L. McCaw, R. G. Miller, S. M. Prober, and C. J. Yates. “Mapping risk to plant populations from short fire intervals via relationships between maturation period and environmental productivity”.   _Plant Ecology_ (2022).  doi:  [10.1007/s11258-022-01229-6](https://doi.org/10.1007%2Fs11258-022-01229-6)."
GrassBase_2014,"W. Clayton, M. Vorontsova, and K. H. &. H. Williamson. _GrassBase - The online world grass flora_. 2006.  url:  [http://www.kew.org/data/grasses-db.html](http://www.kew.org/data/grasses-db.html)."
Gray_2019,"E. F. Gray, I. J. Wright, D. S. Falster, A. S. D. Eller, C. E. R. Lehmann, M. G. Bradford, and L. A. Cernusak. “Leaf:wood allometry and functional traits together explain substantial growth rate variation in rainforest trees”.   _AoB PLANTS_ 11.3 (2019), pp. 1-11.  doi:  [10.1093/aobpla/plz024](https://doi.org/10.1093%2Faobpla%2Fplz024)."
Grigg_2008,"A. M. Grigg, E. J. Veneklaas, and H. Lambers. “Water relations and mineral nutrition of closely related woody plant species on desert dunes and interdunes”.   _Australian Journal of Botany_ 56.1 (2008), pp. 27-43.  doi:  [10.1071/bt06205](https://doi.org/10.1071%2Fbt06205)."
Groom_1997,"P. K. Groom and B. B. Lamont. “Fruit-seed relations in Hakea: serotinous species invest more dry matter in predispersal seed protection”.   _Austral Ecology_ 22.3 (1997), pp. 352-355.  doi:  [10.1111/j.1442-9993.1997.tb00682.x](https://doi.org/10.1111%2Fj.1442-9993.1997.tb00682.x)."
Groom_2010,"P. K. Groom and B. B. Lamont. “Phosphorus accumulation in Proteaceae seeds: A synthesis”.   _Plant and Soil_ 334.1-2 (2010), pp. 61-72.  doi:  [10.1007/s11104-009-0135-6](https://doi.org/10.1007%2Fs11104-009-0135-6)."
Grootemaat_2015,"S. Grootemaat, I. J. Wright, P. M. Bodegom, J. H. C. Cornelissen, and W. K. Cornwell. “Burn or rot: leaf traits explain why flammability and decomposability are decoupled across species”.   _Functional Ecology_ 29.11 (2015), pp. 1486-1497.  doi:  [10.1111/1365-2435.12449](https://doi.org/10.1111%2F1365-2435.12449)."
Grootemaat_2017_1,"S. Grootemaat, I. J. Wright, P. M. van Bodegom, J. H. C. Cornelissen, and V. Shaw. “Bark traits, decomposition and flammability of Australian forest trees”.   _Australian Journal of Botany_ 65.4 (2017), p. 327.  doi:  [10.1071/bt16258](https://doi.org/10.1071%2Fbt16258)."
Grootemaat_2017_2,"S. Grootemaat, I. J. Wright, P. M. van Bodegom, and J. H. C. Cornelissen. “Scaling up flammability from individual leaves to fuel beds”.   _Oikos_ 126.10 (2017), pp. 1428-1438.  doi:  [10.1111/oik.03886](https://doi.org/10.1111%2Foik.03886)."
Gross_1993,"C. L. Gross. “The reproductive ecology of Canavalia rosea (Fabaceae) on Anak Krakatau, Indonesia”.   _Australian Journal of Botany_ 41 (1993), pp. 591-599.  doi:  [10.1071/bt9930591](https://doi.org/10.1071%2Fbt9930591)."
Gross_2005,"C. L. Gross. “A comparison of the sexual systems in the trees from the Australian tropics with other tropical biomes-more monoecy but why?”.   _American Journal of Botany_ 92.6 (2005), pp. 907-919.  doi:  [10.3732/ajb.92.6.907](https://doi.org/10.3732%2Fajb.92.6.907)."
Groves_1986,"R. Groves, P. Hocking, and A. Mcmahon. “Distribution of biomass, nitrogen, phosphorus and other nutrients in Banksia marginata and B. ornata shoots of different ages after fire.”.   _Australian Journal of Botany_ 34.6 (1986), pp. 709-725.  doi:  [10.1071/bt9860709](https://doi.org/10.1071%2Fbt9860709)."
Grubb_1996,"P. J. Grubb and D. J. Metcalfe. “Adaptation and inertia in the Australian tropical lowland rain-forest flora: Contradictory trends in intergeneric and intrageneric comparisons of seed size in relation to light demand”.   _Functional Ecology_ 10 (1996), pp. 512-520.  doi:  [10.2307/2389944](https://doi.org/10.2307%2F2389944)."
Grubb_2008,"P. J. Grubb, R. V. Jackson, I. M. Barberis, J. N. Bee, D. A. Coomes, N. J. Dominy, M. A. S. D. L. Fuente, P. W. Lucas, D. J. Metcalfe, J. Svenning, I. M. Turner, and O. Vargas. “Monocot leaves are eaten less than dicot leaves in tropical lowland rain forests: Correlations with toughness and leaf presentation”.   _Annals of Botany_ 101 (2008), pp. 1379-1389.  doi:  [10.1093/aob/mcn047](https://doi.org/10.1093%2Faob%2Fmcn047)."
Guilherme_Pereira_2018,"C. G. Pereira, P. L. Clode, R. S. Oliveira, and H. Lambers. “Eudicots from severely phosphorus-impoverished environments preferentially allocate phosphorus to their mesophyll”.   _New Phytologist_ 218.3 (2018), pp. 959-973.  doi:  [10.1111/nph.15043](https://doi.org/10.1111%2Fnph.15043)."
Guilherme_Pereira_2019,"C. G. Pereira, P. E. Hayes, O. S. O'Sullivan, L. K. Weerasinghe, P. L. Clode, O. K. Atkin, and H. Lambers. “Trait convergence in photosynthetic nutrient-use efficiency along a 2-million year dune chronosequence in a global biodiversity hotspot”.   _Journal of Ecology_ 107.4 (2019), pp. 2006-2023.  doi:  [10.1111/1365-2745.13158](https://doi.org/10.1111%2F1365-2745.13158)."
Hall_1981,"T. J. Hall. “The nitrogen and phosphorus concentrations of some pasture species in the Dichanthium-Eulalia Grasslands of North-West Queensland.”.   _The Rangeland Journal_ 3.1 (1981), pp. 67-73.  doi:  [10.1071/rj9810067](https://doi.org/10.1071%2Frj9810067)."
Hanley_2001,"M. E. Hanley and B. B. Lamont. “Herbivory, serotiny and seedling defence in Western Australian Proteaceae”.   _Oecologia_ 126.3 (2001), pp. 409-417. ISSN: 1432-1939.  doi:  [10.1007/s004420000538](https://doi.org/10.1007%2Fs004420000538)."
Hanley_2002,"M. E. Hanley and B. B. Lamont. “Relationships between physical and chemical attributes of congeneric seedlings: how important is seedling defence?”.   _Functional Ecology_ 16.2 (2002), pp. 216-222. ISSN: 1365-2435.  doi:  [10.1046/j.1365-2435.2002.00612.x](https://doi.org/10.1046%2Fj.1365-2435.2002.00612.x)."
Harrison_2009,"M. T. Harrison, E. J. Edwards, G. D. Farquhar, A. B. Nicotra, and J. R. Evans. “Nitrogen in cell walls of sclerophyllous leaves accounts for little of the variation in photosynthetic nitrogen-use efficiency”.   _Plant, Cell and Environment_ 32 (2009), pp. 259-270.  doi:  [10.1111/j.1365-3040.2008.01918.x](https://doi.org/10.1111%2Fj.1365-3040.2008.01918.x)."
Harvey_2017,"J. M. Harvey, A. J. M. Hopkins, M. A. Langley, C. R. Gosper, M. R. Williams, and C. J. Yates. “Long-term studies of post-fire reproduction in an Australian shrubland and woodland”.   _Australian Journal of Botany_ 65.4 (2017), p. 339.  doi:  [10.1071/bt17011](https://doi.org/10.1071%2Fbt17011)."
Hassiotou_2009,"F. Hassiotou, J. R. Evans, M. Ludwig, and E. J. Veneklaas. “Stomatal crypts may facilitate diffusion of CO2 to adaxial mesophyll cells in thick sclerophylls”.   _Plant, Cell and Environment_ 32 (2009), pp. 1596-1611.  doi:  [10.1111/j.1365-3040.2009.02024.x](https://doi.org/10.1111%2Fj.1365-3040.2009.02024.x)."
Hayes_2014,"P. Hayes, B. L. Turner, H. Lambers, and E. Laliberte. “Foliar nutrient concentrations and resorption efficiency in plants of contrasting nutrient-acquisition strategies along a 2-million-year dune chronosequence”.   _Journal of Ecology_ 102.2 (2013), pp. 396-410.  doi:  [10.1111/1365-2745.12196](https://doi.org/10.1111%2F1365-2745.12196)."
Hayes_2018,"P. E. Hayes, P. L. Clode, R. S. Oliveira, and H. Lambers. “Proteaceae from phosphorus-impoverished habitats preferentially allocate phosphorus to photosynthetic cells: An adaptation improving phosphorus-use efficiency”.   _Plant, Cell and Environment_ 41.3 (2018), pp. 605-619.  doi:  [10.1111/pce.13124](https://doi.org/10.1111%2Fpce.13124)."
He_2011,"T. He, B. B. Lamont, and K. S. Downes. “Banksia born to burn”.   _New Phytologist_ 191.1 (2011), pp. 184-196.  doi:  [10.1111/j.1469-8137.2011.03663.x](https://doi.org/10.1111%2Fj.1469-8137.2011.03663.x)."
Henery_2001,"M. L. Henery and M. Westoby. “Seed mass and seed nutrient content as predictors of seed output variation between species”.   _Oikos_ 92 (2001), pp. 479-490.  doi:  [10.1034/j.1600-0706.2001.920309.x](https://doi.org/10.1034%2Fj.1600-0706.2001.920309.x)."
Hocking_1982,"P. J. Hocking. “The nutrition of fruits of two proteaceous shrubs, Grevillea wilsonii and Hakea undulata, from south-western Australia”.   _Australian Journal of Botany_ 30.2 (1982), pp. 219-230.  doi:  [10.1071/bt9820219](https://doi.org/10.1071%2Fbt9820219)."
Hocking_1986,"P. J. Hocking. “Mineral nutrient composition of leaves and fruits of selected species of Grevillea from southwestern Australia, with special reference to Grevillea leucopteris Meissn”.   _Australian Journal of Botany_ 34.2 (1986), pp. 155-164.  doi:  [10.1071/bt9860155](https://doi.org/10.1071%2Fbt9860155)."
Huang_2015,"G. Huang, P. D. Rymer, H. Duan, R. A. Smith, and D. T. Tissue. “Elevated temperature is more effective than elevated CO2 in exposing genotypic variation in Telopea speciosissima growth plasticity: implications for woody plant populations under climate change”.   _Global Change Biology_ 21.10 (2015), pp. 3800-3813.  doi:  [10.1111/gcb.12990](https://doi.org/10.1111%2Fgcb.12990)."
Hughes_1992,"L. Hughes and B. Rice. “Unpublished data: Traits data for 643 species, Macquarie University”. 1992."
Hughes_2005,"K. Hughes. “Unpublished data: Wood and stem density data for Australian plant species, Macquarie University”. 2005."
Hutton_1994,"B. J. Hutton, K. W. Dixon, and K. Sivasithamparam. “Ericoid endophytes of Western Australian heaths (Epacridaceae)”.   _New Phytologist_ 127.3 (1994), pp. 557-566. ISSN: 1469-8137.  doi:  [10.1111/j.1469-8137.1994.tb03974.x](https://doi.org/10.1111%2Fj.1469-8137.1994.tb03974.x)."
Hyland_2003,"B. P. M. Hyland, T. Whiffin, D. Christophel, B. Gray, and R. W. Elick. _Australian tropical rain forest plants trees, shrubs and vines_. CSIRO Publishing, 2003. ISBN: 0643068724."
Ilic_2000,"J. Ilic, D. Boland, M. McDonald, D. G, and P. Blakemore. _Woody density phase 1 - State of knowledge. National Carbon Accounting System. Technical Report 18_. Tech. rep. Australian Greenhouse Office, Canberra, Australia, 2000."
Islam_1999_1,"M. Islam, D. W. Turner, and M. A. Adams. “Phosphorus availability and the growth, mineral composition and nutritive value of ephemeral forbs and associated perennials from the Pilbara, Western Australia”.   _Australian Journal of Experimental Agriculture_ 39 (1999), pp. 149-159.  doi:  [10.1071/EA98133](https://doi.org/10.1071%2FEA98133)."
Islam_1999_2,"M. Islam and M. Adams. “Mineral content and nutritive value of native grasses and the response to added phosphorus in a Pilbara rangeland”.   _Tropical Grasslands_ 33 (1999), pp. 193-200."
Jagdish_2020,"A. Jagdish. “Unpublished data: Germination photoperiod sensitivity of Australian Plants, University of New South Wales”. 2020."
Jin_2019,"D. Jin and D. Hochuli. “Unpublished data: Urbanisation increases arthropod abundance and herbivory on a native weed, University of Sydney”. 2019."
Jordan_2001,"G. J. Jordan. “An investigation of long-distance dispersal based on species native to both Tasmania and New Zealand”.   _Australian Journal of Botany_ 49.3 (2001), pp. 333-340.  doi:  [10.1071/bt00024](https://doi.org/10.1071%2Fbt00024)."
Jordan_2007,"G. J. Jordan. “Unpublished data: Leaf traits for Tasmanian species, University of Tasmania”. 2007."
Jordan_2015,"G. J. Jordan, R. J. Carpenter, A. Koutoulis, A. Price, and T. J. Brodribb. “Environmental adaptation in stomatal size independent of the effects of genome size”.   _New Phytologist_ 205.2 (2015), pp. 608-617.  doi:  [10.1111/nph.13076](https://doi.org/10.1111%2Fnph.13076)."
Jordan_2020,"G. J. Jordan, R. J. Carpenter, B. R. Holland, N. J. Beeton, M. D. Woodhams, and T. J. Brodribb. “Links between environment and stomatal size through evolutionary time in Proteaceae”.   _Proceedings of the Royal Society B: Biological Sciences_ 287.1919 (2020), p. 20192876.  doi:  [10.1098/rspb.2019.2876](https://doi.org/10.1098%2Frspb.2019.2876)."
Jurado_1991,"E. Jurado. “Diaspore weight, dispersal, growth form and perenniality of central Australian plants”.   _Journal of Ecology_ 79 (1991), pp. 811-828."
Jurado_1992,"E. Jurado and M. Westoby. “Germination biology of selected central Australian plants”.   _Austral Ecology_ 17.3 (1992), pp. 341-348.  doi:  [10.1111/j.1442-9993.1992.tb00816.x](https://doi.org/10.1111%2Fj.1442-9993.1992.tb00816.x)."
Kanowski_2000,"J. Kanowski. “Ecological determinants of the distribution and abundance of the folivorous marsupials endemic to the rainforests of the Atherton uplands, north Queensland.”. PhD. James Cook University, Townsville, 1999."
Keighery_2004,"G. Keighery. “Taxonomy of the Calytrix ecalycata complex (Myrtaceae)”.   _Nuytsia_ 15 (2004), pp. 261-268."
Kew_2019_1,Royal Botanic Gardens Kew. _Seed Information Database (SID) and Seed Bank Database_. 2019.  url:  [http://data.kew.org/sid/](http://data.kew.org/sid/).
Kew_2019_2,Royal Botanic Gardens Kew. _Seed Information Database (SID) and Seed Bank Database_. 2019.  url:  [http://data.kew.org/sid/](http://data.kew.org/sid/).
Kew_2019_3,Royal Botanic Gardens Kew. _Salt and water tolerance data from the Seed Information Database (SID) and Seed Bank Database_. 2019.  url:  [http://data.kew.org/sid/](http://data.kew.org/sid/).
Kew_2019_4,Royal Botanic Gardens Kew. _Oil content data from Seed Information Database (SID) and Seed Bank Database_. 2019.  url:  [http://data.kew.org/sid/](http://data.kew.org/sid/).
Kew_2019_5,Royal Botanic Gardens Kew. _Seed dispersal data from the Seed Information Database (SID) and Seed Bank Database_. 2019.  url:  [http://data.kew.org/sid/](http://data.kew.org/sid/).
Kew_2019_6,Royal Botanic Gardens Kew. _Germination data from the Seed Information Database (SID) and Seed Bank Database_. 2019.  url:  [http://data.kew.org/sid/](http://data.kew.org/sid/).
Kirkpatrick_2020,"J. Kirkpatrick. “Unpublished data: Fire response traits for woody Tasmanian endemic species, University of Tasmania”. 2020."
Knox_2011,"K. J. E. Knox and P. J. Clarke. “Fire severity and nutrient availability do not constrain resprouting in forest shrubs”.   _Plant Ecology_ 212 (2011), pp. 1967-1978.  doi:  [10.1007/s11258-011-9956-5](https://doi.org/10.1007%2Fs11258-011-9956-5)."
Kocacinar_2003,"F. Kocacinar and R. F. Sage. “Photosynthetic pathway alters xylem structure and hydraulic function in herbaceous plants”.   _Plant, Cell & Environment_ 26.12 (2003), pp. 2015-2026.  doi:  [10.1111/j.1365-2478.2003.01119.x](https://doi.org/10.1111%2Fj.1365-2478.2003.01119.x)."
Kooyman_2011,"R. Kooyman, M. Rossetto, W. Cornwell, and M. Westoby. “Phylogenetic tests of community assembly across regional to continental scales in tropical and subtropical rain forests”.   _Global Ecology and Biogeography_ 20 (2011), pp. 707-716.  doi:  [10.1111/j.1466-8238.2010.00641.x](https://doi.org/10.1111%2Fj.1466-8238.2010.00641.x)."
Kotowska_2020,"M. M. Kotowska, I. J. Wright, and M. Westoby. “Parenchyma abundance in wood of evergreen trees varies independently of nutrients”.   _Frontiers in Plant Science_ 11 (2020), p. art86.  doi:  [10.3389/fpls.2020.00086](https://doi.org/10.3389%2Ffpls.2020.00086)."
Kubiak_2009,"P. J. Kubiak. “Fire responses of bushland plants after the January 1994 wildfires in northern Sydney”.   _Cunninghamia_ 11.1 (2009), pp. 131-165."
Kuo_1982,"J. Kuo, P. Hocking, and J. Pate. “Nutrient reserves in seeds of selected Proteaceous species from South-western Australia”.   _Australian Journal of Botany_ 30.1 (1982), pp. 231 - 249.  doi:  [10.1071/bt9820231](https://doi.org/10.1071%2Fbt9820231)."
Laliberte_2012,"E. Laliberte, B. L. Turner, T. Costes, S. J. Pearse, K. Wyrwoll, G. Zemunik, and H. Lambers. “Experimental assessment of nutrient limitation along a 2-million-year dune chronosequence in the south-western Australia biodiversity hotspot”.   _Journal of Ecology_ 100 (2012), pp. 631-642.  doi:  [10.1111/j.1365-2745.2012.01962.x](https://doi.org/10.1111%2Fj.1365-2745.2012.01962.x)."
Lamont_2002,"B. B. Lamont, P. K. Groom, and R. M. Cowling. “High leaf mass per area of related species assemblages may reflect low rainfall and carbon isotope discrimination rather than low phosphorus and nitrogen concentrations”.   _Functional Ecology_ 16 (2002), pp. 403-412.  doi:  [10.1046/j.1365-2435.2002.00631.x](https://doi.org/10.1046%2Fj.1365-2435.2002.00631.x)."
Lawes_2012,"M. J. Lawes, J. J. Midgley, and P. J. Clarke. “Costs and benefits of relative bark thickness in relation to fire damage: A savanna/forest contrast”.   _Journal of Ecology_ 101 (2012), pp. 517-524.  doi:  [10.1111/1365-2745.12035](https://doi.org/10.1111%2F1365-2745.12035)."
Lawes_2014,"M. J. Lawes, S. J. Richardson, P. J. Clarke, J. J. Midgley, M. S. McGlone, and P. J. Bellingham. “Bark thickness does not explain the different susceptibility of Australian and New Zealand temperate rain forests to anthropogenic fire”.   _Journal of Biogeography_ 41.8 (2014), pp. 1467-1477.  doi:  [10.1111/jbi.12292](https://doi.org/10.1111%2Fjbi.12292)."
Lawson_2015,"J. R. Lawson, K. A. Fryirs, and M. R. Leishman. “Data from: Hydrological conditions explain wood density in riparian plants of south-eastern Australia”.   _Dryad Digital Repository_ (2015).  doi:  [10.5061/dryad.72h45](https://doi.org/10.5061%2Fdryad.72h45)."
Laxton_2005,"E. Laxton. “Relationship between leaf traits, insect communities and resource availability”. PhD. Macquarie University, 2005.  url:  [http://hdl.handle.net/1959.14/483](http://hdl.handle.net/1959.14/483)."
Lee_2019,"M. R. Lee, J. R. Powell, B. Oberle, W. K. Cornwell, M. Lyons, J. L. Rigg, and A. E. Zanne. “Good neighbors aplenty: fungal endophytes rarely exhibit competitive exclusion patterns across a span of woody habitats”.   _Ecology_ 100.9 (2019), p. e02790.  doi:  [10.1002/ecy.2790](https://doi.org/10.1002%2Fecy.2790)."
Leigh_2003,"A. Leigh and A. B. Nicotra. “Sexual dimorphism in reproductive allocation and water use efficiency in Maireana pyramidata (Chenopodiaceae), a dioecious, semi-arid shrub”.   _Australian Journal of Botany_ 51.5 (2003), pp. 509-514.  doi:  [10.1071/bt03043](https://doi.org/10.1071%2Fbt03043)."
Leigh_2006,"A. Leigh, M. J. Cosgrove, and A. B. Nicotra. “Reproductive allocation in a gender dimorphic shrub: anomalous female investment in Gynatrix pulchella?”.   _Journal of Ecology_ 94.6 (2006), pp. 1261-1271.  doi:  [10.1111/j.1365-2745.2006.01164.x](https://doi.org/10.1111%2Fj.1365-2745.2006.01164.x)."
Leishman_1992,"M. R. Leishman and M. Westoby. “Classifying plants into groups on the basis of associations of individual traits-Evidence from Australian semi-arid woodlands”.   _Journal of Ecology_ 80 (1992), pp. 417-424.  doi:  [10.2307/2260687](https://doi.org/10.2307%2F2260687)."
Leishman_1993,"M. Leishman. “Unpublished data: Seed mass data for Sydney species, Macquarie University”. 1990."
Leishman_1995,"M. R. Leishman, M. Westoby, and E. Jurado. “Correlates of seed size variation: A comparison among five temperate floras”.   _Journal of Ecology_ 83 (1995), pp. 517-529.  doi:  [10.2307/2261604](https://doi.org/10.2307%2F2261604)."
Leishman_2007,"M. R. Leishman, T. Haslehurst, A. Ares, and Z. Baruch. “Leaf trait relationships of native and invasive plants: community- and global-scale comparisons”.   _New Phytologist_ 176.3 (2007), pp. 635-643.  doi:  [10.1111/j.1469-8137.2007.02189.x](https://doi.org/10.1111%2Fj.1469-8137.2007.02189.x)."
Lemmens_1994,"R. Lemmens and I. Soerjanegara. _Prosea, Volume 5/1: Timber Trees - Major Commercial Timbers_. Pudoc/Prosea, 1993. ISBN: 9789022010334."
Lewis_2015,"J. D. Lewis, N. G. Phillips, B. A. Logan, R. A. Smith, I. Aranjuelo, S. Clarke, C. A. Offord, A. Frith, M. Barbour, T. Huxman, and D. T. Tissue. “Rising temperature may negate the stimulatory effect of rising CO2 on growth and physiology of Wollemi pine (Wollemia nobilis)”.   _Functional Plant Biology_ 42.9 (2015), pp. 836-850.  doi:  [10.1071/fp14256](https://doi.org/10.1071%2Ffp14256)."
Li_2018,"X. Li, C. J. Blackman, B. Choat, R. A. Duursma, P. D. Rymer, B. E. Medlyn, and D. T. Tissue. “Tree hydraulic traits are coordinated and strongly linked to climate-of-origin across a rainfall gradient”.   _Plant, Cell & Environment_ 41 (2018), pp. 646-660.  doi:  [10.1111/pce.13129](https://doi.org/10.1111%2Fpce.13129)."
Li_2019,"X. Li, C. J. Blackman, J. M. R. Peters, B. Choat, P. D. Rymer, B. E. Medlyn, and D. T. Tissue. “More than iso/anisohydry: Hydroscapes integrate plant water use and drought tolerance traits in 10 eucalypt species from contrasting climates”.   _Functional Ecology_ 33.6 (2019). Ed. by R. Oliveira, pp. 1035-1049. ISSN: 1365-2435.  doi:  [10.1111/1365-2435.13320](https://doi.org/10.1111%2F1365-2435.13320)."
Lim_2017,"F. K. Lim, L. J. Pollock, and P. A. Vesk. “The role of plant functional traits in shrub distribution around alpine frost hollows”.   _Journal of Vegetation Science_ 28.3 (2017), pp. 585-594.  doi:  [10.1111/jvs.12517](https://doi.org/10.1111%2Fjvs.12517)."
Liu_2023,"S. T. Liu, C. E. Gille, T. Bird, K. Ranathunge, P. M. Finnegan, and H. Lambers. “Leaf phosphorus allocation to chemical fractions and its seasonal variation in south-western Australia is a species-dependent trait”.   _Science of The Total Environment_ 901 (2023), p. 166395. ISSN: 0048-9697.  doi:  [10.1016/j.scitotenv.2023.166395](https://doi.org/10.1016%2Fj.scitotenv.2023.166395)."
Lord_1997,"J. Lord, J. Egan, T. Clifford, E. Jurado, M. Leishman, D. Williams, and M. Westoby. “Larger seeds in tropical floras: Consistent patterns independent of growth form and dispersal mode”.   _Journal of Biogeography_ 24 (1997), pp. 205-211.  doi:  [10.1046/j.1365-2699.1997.00126.x](https://doi.org/10.1046%2Fj.1365-2699.1997.00126.x)."
Lunt_2012,"I. Lunt and J. Morgan. “Unpublished data: Trait data from various Morgan and Lunt projects 1990-2012, Charles Sturt & La Trobe University”. 2012."
Lusk_2010,"C. H. Lusk, Y. Onoda, R. Kooyman, and A. Gutiurrez-Giron. “Reconciling species-level vs plastic responses of evergreen leaf structure to light gradients: shade leaves punch above their weight”.   _New Phytologist_ 186.2 (2010), pp. 429-438.  doi:  [10.1111/j.1469-8137.2010.03202.x](https://doi.org/10.1111%2Fj.1469-8137.2010.03202.x)."
Lusk_2012,"C. H. Lusk, J. W. G. Kelly, and S. M. Gleason. “Light requirements of Australian tropical vs. cool-temperate rainforest tree species show different relationships with seedling growth and functional traits”.   _Annals of Botany_ 111 (2012), pp. 479-488.  doi:  [10.1093/aob/mcs289](https://doi.org/10.1093%2Faob%2Fmcs289)."
Lusk_2014,"C. H. Lusk, K. M. Sendall, and P. J. Clarke. “Seedling growth rates and light requirements of subtropical rainforest trees associated with basaltic and rhyolitic soils”.   _Australian Journal of Botany_ 62.1 (2014), pp. 48-55.  doi:  [10.1071/bt13262](https://doi.org/10.1071%2Fbt13262)."
MacinnisNg_2004,"C. Macinnis-Ng, K. McClenahan, and D. Eamus. “Convergence in hydraulic architecture, water relations and primary productivity amongst habitats and across seasons in Sydney”.   _Functional Plant Biology_ 31.5 (2004), pp. 429-439.  doi:  [10.1071/fp03194](https://doi.org/10.1071%2Ffp03194)."
MacinnisNg_2016,"C. M. Macinnis-Ng, M. J. Zeppel, A. R. Palmer, and D. Eamus. “Seasonal variations in tree water use and physiology correlate with soil salinity and soil water content in remnant woodlands on saline soils”.   _Journal of Arid Environments_ 129 (2016), pp. 102-110.  doi:  [10.1016/j.jaridenv.2016.02.011](https://doi.org/10.1016%2Fj.jaridenv.2016.02.011)."
Manea_2011,"A. Manea. “Unpublished data: Dispersal appendage data for Acacia via Worldwide Wattle, Macquarie University”. 2011."
Maslin_2012,"B. Maslin. _WATTLE, Interactive Identification of Australian Acacia. Version 2_. Australian Biological Resources Study, Canberra, 2014."
McCarthy_2017,"J. K. McCarthy, J. M. Dwyer, and K. Mokany. “A regional-scale assessment of using metabolic scaling theory to predict ecosystem properties”.   _Proceedings of the Royal Society B: Biological Sciences_ 286.1915 (2019), p. 20192221.  doi:  [10.1098/rspb.2019.2221](https://doi.org/10.1098%2Frspb.2019.2221)."
McGlone_2015,"M. S. McGlone, S. J. Richardson, G. J. Jordan, and G. L. Perry. “Is there a `suboptimal' woody species height? A response to Scheffer et al.”.   _Trends in Ecology & Evolution_ 30.1 (2015), pp. 4-5.  doi:  [10.1016/j.tree.2014.09.007](https://doi.org/10.1016%2Fj.tree.2014.09.007)."
Meers_2007,"T. Meers. “Role of plant functional traits in determining the response of vegetation to land use change on the Delatite Peninsula, Victoria.”. PhD. University of Melbourne, 2007."
Mesaglio_2022,"T. Mesaglio. “Unpublished data: Comprehensive biodiversity survey of Wategora Reserve and Everley Park along Duck River, western Sydney”. 2022.  doi:  [10.32942/X29886](https://doi.org/10.32942%2FX29886)."
Metcalfe_2009,"E. Laliberte, J. A. Wells, F. DeClerck, D. J. Metcalfe, C. P. Catterall, C. Queiroz, I. Aubin, S. P. Bonser, Y. Ding, J. M. Fraterrigo, S. McNamara, J. W. Morgan, D. S. Merlos, P. A. Vesk, and M. M. Mayfield. “Land-use intensification reduces functional redundancy and response diversity in plant communities”.   _Ecology Letters_ 13.1 (2010), pp. 76-86.  doi:  [10.1111/j.1461-0248.2009.01403.x](https://doi.org/10.1111%2Fj.1461-0248.2009.01403.x)."
Metcalfe_2020_1,"D. Metcalfe. “Unpublished data: Database of Cyperaceae traits, CSIRO”. 2020."
Metcalfe_2020_2,"D. Metcalfe. “Unpublished data: Traits of Poaceae spp, CSIRO”. 2020."
Milberg_1997,"P. Milberg and B. B. Lamont. “Seed/cotyledon size and nutrient content play a major role in early performance of species on nutrient-poor soils”.   _New Phytologist_ 137.4 (1997), pp. 665-672.  doi:  [10.1046/j.1469-8137.1997.00870.x](https://doi.org/10.1046%2Fj.1469-8137.1997.00870.x)."
Milberg_1998,"P. Milberg, M. A. Perez-Fernandez, and B. B. Lamont. “Seedling growth response to added nutrients depends on seed size in three woody genera”.   _Journal of Ecology_ 86.4 (1998), pp. 624-632.  doi:  [10.1046/j.1365-2745.1998.00283.x](https://doi.org/10.1046%2Fj.1365-2745.1998.00283.x)."
Mitchell_2008,"P. J. Mitchell, E. J. Veneklaas, H. Lambers, and S. S. O. Burgess. “Using multiple trait associations to define hydraulic functional types in plant communities of south-western Australia”.   _Oecologia_ 158 (2008), pp. 385-397.  doi:  [10.1007/s00442-008-1152-5](https://doi.org/10.1007%2Fs00442-008-1152-5)."
Mokany_2008,"K. Mokany and J. Ash. “Are traits measured on pot grown plants representative of those in natural communities?”.   _Journal of Vegetation Science_ 19 (2008), pp. 119-126.  doi:  [10.3170/2007-8-18340](https://doi.org/10.3170%2F2007-8-18340)."
Mokany_2015,"K. Mokany, J. J. Thomson, A. J. J. Lynch, G. J. Jordan, and S. Ferrier. “Linking changes in community composition and function under climate change”.   _Ecological Applications_ 25.8 (2015), pp. 2132-2141.  doi:  [10.1890/14-2384.1](https://doi.org/10.1890%2F14-2384.1)."
Moles_2000,"A. T. Moles and M. Westoby. “Do small leaves expand faster than large leaves, and do shorter expansion times reduce herbivore damage?”.   _OIKOS_ 90.3 (2000), pp. 517-524.  doi:  [10.1034/j.1600-0706.2000.900310.x.](https://doi.org/10.1034%2Fj.1600-0706.2000.900310.x.)."
Moles_2003,"A. T. Moles, D. I. Warton, and M. Westoby. “Seed size and survival in the soil in arid Australia”.   _Austral Ecology_ 28.5 (2003), pp. 575-585.  doi:  [10.1046/j.1442-9993.2003.01314.x](https://doi.org/10.1046%2Fj.1442-9993.2003.01314.x)."
Moles_2011,"A. T. Moles, I. R. Wallis, W. J. Foley, D. I. Warton, J. C. Stegen, A. J. Bisigato, L. Cella-Pizarro, C. J. Clark, P. S. Cohen, W. K. Cornwell, W. Edwards, R. Ejrnaes, T. Gonzales-Ojeda, B. J. Graae, G. Hay, F. C. Lumbwe, B. Magana-Rodriguez, B. D. Moore, P. L. Peri, J. R. Poulsen, R. Veldtman, H. von Zeipel, N. R. Andrew, S. L. Boulter, E. T. Borer, F. F. Campon, M. Coll, A. G. Farji-Brener, J. D. Gabriel, E. Jurado, L. A. Kyhn, B. Low, C. P. H. Mulder, K. Reardon-Smith, J. Rodriguez-Velazquez, E. W. Seabloom, P. A. Vesk, A. van Cauter, M. S. Waldram, Z. Zheng, P. G. Blendinger, B. J. Enquist, J. M. Facelli, T. Knight, J. D. Majer, M. Martinez-Ramos, P. McQuillan, and L. D. Prior. “Putting plant resistance traits on the map: A test of the idea that plants are better defended at lower latitudes”.   _New Phytologist_ 191.3 (2011), pp. 777-788.  doi:  [10.1111/j.1469-8137.2011.03732.x](https://doi.org/10.1111%2Fj.1469-8137.2011.03732.x)."
Moore_2019,"B. D. Moore and J. L. DeGabriel. “Unpublished data: Leaf traits of the Eucalyptus series Siderophloiae, Western Sydney University”. 2019."
Moore_2019_2,"N. A. Moore, J. S. Camac, and J. W. Morgan. “Effects of drought and fire on resprouting capacity of 52 temperate Australian perennial native grasses”.   _New Phytologist_ 221.3 (2018), pp. 1424-1433.  doi:  [10.1111/nph.15480](https://doi.org/10.1111%2Fnph.15480)."
Morgan_2005,"H. Morgan. “Root system architecture, water use and rainfall responses of perennial species”. PhD. Macquarie University, 2005."
Morgan_2011_1,"J. Morgan. “Unpublished data: Grassy woodland traits, La Trobe University”. 2011."
Morgan_2011_2,"J. Morgan. “Unpublished data: Trait database, La Trobe University”. 2011."
Morgan_2014,"J. Morgan. “Unpublished data: Trait data from Victorian alpine plant species, La Trobe University”. 2004."
Morgan_2021,"R. Morgan, I. Martín-Forés, E. Leitch, and G. Guerin. _Assessment of protocols and variance for specific leaf area (SLA) in 10 Eucalyptus species to inform functional trait sampling strategies for TERN Ausplots_. 2021.  doi:  [10.25909/14197298](https://doi.org/10.25909%2F14197298)."
Mott_1978,"J. J. Mott. “Dormancy and Germination in Five Native Grass Species From Savannah Woodland Communities of the Northern Territory”.   _Australian Journal of Botany_ 26.5 (1978), p. 621. ISSN: 0067-1924.  doi:  [10.1071/bt9780621](https://doi.org/10.1071%2Fbt9780621)."
Muir_2014,"A. M. Muir, P. A. Vesk, and G. Hepworth. “Reproductive trajectories over decadal time-spans after fire for eight obligate-seeder shrub species in south-eastern Australia”.   _Australian Journal of Botany_ 62.5 (2014), pp. 369-379.  doi:  [10.1071/bt14117](https://doi.org/10.1071%2Fbt14117)."
Munroe_2019,"S. E. M. Munroe, F. A. McInerney, J. Andrae, N. Welti, G. R. Guerin, E. Leitch, T. Hall, S. Szarvas, R. Atkins, S. Caddy-Retalic, and B. Sparrow. “The Photosynthetic Pathways of Plant Species Surveyed in Australia's National Terrestrial Monitoring Network”.   _Scientific Data_ 8 (2021), p. 97.  doi:  [10.1038/s41597-021-00877-z](https://doi.org/10.1038%2Fs41597-021-00877-z)."
Myers_1997,"B. A. Myers, G. A. Duff, D. Eamus, I. R. Fordyce, A. O'Grady, and R. J. Williams. “Seasonal Variation in Water Relations of Trees of Differing Leaf Phenology in a Wet - Dry Tropical Savanna near Darwin, Northern Australia”.   _Australian Journal of Botany_ 45.2 (1997), p. 225.  doi:  [10.1071/bt96015](https://doi.org/10.1071%2Fbt96015)."
NHNSW_2014,Royal Botanic Gardens Sydney. _PLantNET_. 2014.  url:  [http://plantnet.rbgsyd.nsw.gov.au/search/simple.htm](http://plantnet.rbgsyd.nsw.gov.au/search/simple.htm).
NHNSW_2014_2,Royal Botanic Gardens Sydney. _PLantNET: NSW flora online_. 2014.  url:  [http://plantnet.rbgsyd.nsw.gov.au/](http://plantnet.rbgsyd.nsw.gov.au/).
NHNSW_2016,National Herbarium of NSW. _Trait measurements for NSW rainforest species from PLantNET_. 2016.  url:  [http://plantnet.rbgsyd.nsw.gov.au/](http://plantnet.rbgsyd.nsw.gov.au/).
NHNSW_2022,"N. H. of New South Wales. _The Plant Information Network System of The Royal Botanic Gardens and Domain Trust Version 2.0._. accessed on 6 May, 2022.. 2022.  url:  [https://plantnet.rbgsyd.nsw.gov.au/](https://plantnet.rbgsyd.nsw.gov.au/)."
NHNSW_2023,"N. H. of New South Wales. _The Plant Information Network System of The Royal Botanic Gardens and Domain Trust Version 2.0._. accessed on 6 May, 2022.. 2023.  url:  [https://plantnet.rbgsyd.nsw.gov.au/](https://plantnet.rbgsyd.nsw.gov.au/)."
NHNSW_2024,"N. H. of New South Wales. _The Plant Information Network System of The Royal Botanic Gardens and Domain Trust Version 2.0._. accessed on December, 2023.. 2024.  url:  [https://plantnet.rbgsyd.nsw.gov.au/](https://plantnet.rbgsyd.nsw.gov.au/)."
NSWFRD_2014,"B. Kenny, C. Orscheg, E. Tasker, M. A. Gill, and R. Bradstock. _NSW Flora Fire Response Database, v2.1_. database. NSW Department of Planning Industry and Environment, 2014."
NTH_2014,Northern Territory Herbarium. _Flora of the Darwin Region Online_. 2014.  url:  [http://www.lrm.nt.gov.au/plants-and-animals/herbarium/darwin_flora_online](http://www.lrm.nt.gov.au/plants-and-animals/herbarium/darwin_flora_online).
NTH_2022,"D. of Land Resource Management and N. T. of Australia. _Northern Territory Flora Online_. accessed on 6 May, 2022.. 2022.  url:  [http://eflora.nt.gov.au/](http://eflora.nt.gov.au/)."
NTH_2023,"D. of Land Resource Management and N. T. of Australia. _Northern Territory Flora Online_. accessed on 6 May, 2022.. 2022.  url:  [http://eflora.nt.gov.au/](http://eflora.nt.gov.au/)."
Nano_2011,"C. E. M. Nano and P. J. Clarke. “How do drought and fire influence the patterns of resprouting in Australian deserts?”.   _Plant Ecology_ 212 (2011), pp. 2095-2110.  doi:  [10.1007/s11258-011-9988-x](https://doi.org/10.1007%2Fs11258-011-9988-x)."
Nicholson_2017,"A. Nicholson, L. D. Prior, G. L. W. Perry, and D. M. J. S. Bowman. “High post-fire mortality of resprouting woody plants in Tasmanian Mediterranean-type vegetation”.   _International Journal of Wildland Fire_ 26 (2017), pp. 532-537.  doi:  [http://dx.doi.org/10.1071/WF16211](https://doi.org/http%3A%2F%2Fdx.doi.org%2F10.1071%2FWF16211)."
Nicolle_2006,"D. Nicolle. “A classification and census of regenerative strategies in the eucalypts (Angophora, Corymbia and Eucalyptus - Myrtaceae), with special reference to the obligate seeders”.   _Australian Journal of Botany_ 54.4 (2006), pp. 391-407.  doi:  [10.1071/bt05061](https://doi.org/10.1071%2Fbt05061)."
Niinemets_2009,"Ü. Niinemets, I. J. Wright, and J. R. Evans. “Leaf mesophyll diffusion conductance in 35 Australian sclerophylls covering a broad range of foliage structural and physiological variation”.   _Journal of Experimental Botany_ 60 (2009), pp. 2433-2449.  doi:  [10.1093/jxb/erp045](https://doi.org/10.1093%2Fjxb%2Ferp045)."
Nolan_2022,"Nolan and R. Helene. “Drought-related leaf functional traits control spatial and temporal dynamics of live fuel moisture content”.   _Agricultural and Forest Meteorology_ unknown.unknown (2022), p. unknown.  doi:  [unknown](https://doi.org/unknown)."
OReillyNugent_2018,"A. O'Reilly-Nugent, E. Wandrag, C. Catford, B. Gruber, D. Driscoll, and R. Duncan. “Measuring competitive impact: Joint-species modelling of invaded plant communities”.   _Journal of Ecology_ 108 (2018), pp. 449-459."
Onoda_2010,"Y. Onoda, A. E. Richards, and M. Westoby. “The relationship between stem biomechanics and wood density is modified by rainfall in 32 Australian woody plant species”.   _New Phytologist_ 185.2 (2009), pp. 493-501.  doi:  [10.1111/j.1469-8137.2009.03088.x](https://doi.org/10.1111%2Fj.1469-8137.2009.03088.x)."
Ooi_2007,"M. K. J. Ooi, P. Myerscough, and T. Auld. “Unpublished data: Longterm seed mass field campaign, University of New South Wales”. 2007."
Ooi_2018,"M. K. J. Ooi. “Unpublished data: Herbivory survey within Royal National Park, University of New South Wales”. 2018."
Osborne_2014,"C. Osborne, A. Salomaa, T. Kluyver, V. Visser, E. Kellogg, O. Morrone, M. Vorontsova, W. Clayton, and D. Simpson. “A global database of C4 photosynthesis in grasses”.   _New Phytologist_ 204 (2014), pp. 441-446.  doi:  [10.1111/nph.12942](https://doi.org/10.1111%2Fnph.12942)."
Pate_1989,"J. S. Pate, J. Kuo, K. W. Dixon, and M. D. Crisp. “Anomalous secondary thickening in roots of Daviesia (Fabaceae) and its taxonomic significance”.   _Botanical Journal of the Linnean Society_ 99.2 (1989), pp. 175-193. ISSN: 0024-4074.  doi:  [10.1111/j.1095-8339.1989.tb00397.x](https://doi.org/10.1111%2Fj.1095-8339.1989.tb00397.x)."
Pate_1990,"J. S. Pate, R. H. Froend, B. J. Bowen, A. Hansen, and J. Kuo. “Seedling growth and storage characteristics of seeder and resprouter species of Mediterranean-type ecosystems of SW Australia”.   _Annals of Botany_ 65.6 (1990), pp. 585-601.  doi:  [10.1093/oxfordjournals.aob.a087976](https://doi.org/10.1093%2Foxfordjournals.aob.a087976)."
Pate_1998,"J. S. Pate, M. J. Unkovich, P. D. Erskine, and G. R. Stewart. “Australian mulga ecosystems- 13C and 15N natural abundances of biota components and their ecophysiological significance”.   _Plant, Cell and Environment_ 21.12 (1998), pp. 1231-1242.  doi:  [10.1046/j.1365-3040.1998.00359.x](https://doi.org/10.1046%2Fj.1365-3040.1998.00359.x)."
Peeters_2002,"P. J. Peeters. “Correlations between leaf structural traits and the densities of herbivorous insect guilds”.   _Biological Journal of the Linnean Society_ 77 (2002), pp. 43-65.  doi:  [10.1046/j.1095-8312.2002.00091.x](https://doi.org/10.1046%2Fj.1095-8312.2002.00091.x)."
Pekin_2011,"B. K. Pekin, R. S. Wittkuhn, M. M. Boer, C. Macfarlane, and P. F. Grierson. “Plant functional traits along environmental gradients in seasonally dry and fire-prone ecosystem”.   _Journal of Vegetation Science_ 22 (2011), pp. 1009-1020.  doi:  [10.1111/j.1654-1103.2011.01323.x](https://doi.org/10.1111%2Fj.1654-1103.2011.01323.x)."
Pfautsch_2016,"S. Pfautsch. “Vessel diameter and related hydraulic traits of 31 Eucalyptus species arrayed along a gradient of water availability”.   _Ecology_ 97.6 (2016), pp. 1626-1626.  doi:  [10.1890/16-0147.1](https://doi.org/10.1890%2F16-0147.1)."
Pickering_2014,"C. Pickering, K. Green, A. A. Barros, and S. Venn. “A resurvey of late-lying snowpatches reveals changes in both species and functional composition across snowmelt zones”.   _Alpine Botany_ 124.2 (2014), pp. 93-103.  doi:  [10.1007/s00035-014-0140-0](https://doi.org/10.1007%2Fs00035-014-0140-0)."
Pickup_2002,"M. Pickup. “Unpublished data: Wood density data from Kuring-gai National Park, Macquarie University”. 2002."
Pickup_2005,"M. Pickup, M. Westoby, and A. Basden. “Dry mass costs of deploying leaf area in relation to leaf size”.   _Functional Ecology_ 19.1 (2005), pp. 88-97.  doi:  [10.1111/j.0269-8463.2005.00927.x](https://doi.org/10.1111%2Fj.0269-8463.2005.00927.x)."
Pickup_2021,"M. Pickup and T. McDonald. _Bushfire impacts — A national model for assessing local landscape restoration priorities_. Project Phoenix Report. Greening Australia, 2021.  url:  [https://www.greeningaustralia.org.au/wp-content/uploads/2021/07/1.02R2.pdf](https://www.greeningaustralia.org.au/wp-content/uploads/2021/07/1.02R2.pdf)."
Pinkard_2011,"E. A. Pinkard, A. Eyles, and A. P. O'Grady. “Are gas exchange responses to resource limitation and defoliation linked to source:sink relationships?”.   _Plant, Cell & Environment_ 34.10 (2011), pp. 1652-1665. ISSN: 1365-3040.  doi:  [10.1111/j.1365-3040.2011.02361.x](https://doi.org/10.1111%2Fj.1365-3040.2011.02361.x)."
Pirralho_2014,"M. Pirralho, D. Flores, V. B. Sousa, T. Quilhó, S. Knapic, and H. Pereira. “Evaluation on paper making potential of nine Eucalyptus species based on wood anatomical features”.   _Industrial Crops and Products_ 54 (2014), pp. 327-334.  doi:  [10.1016/j.indcrop.2014.01.040](https://doi.org/10.1016%2Fj.indcrop.2014.01.040)."
Pollock_2012,"L. J. Pollock, W. K. Morris, and P. A. Vesk. “The role of functional traits in species distributions revealed through a hierarchical model”.   _Ecography_ 35.8 (2011), pp. 716-725.  doi:  [10.1111/j.1600-0587.2011.07085.x](https://doi.org/10.1111%2Fj.1600-0587.2011.07085.x)."
Pollock_2018,"L. J. Pollock, L. T. Kelly, F. M. Thomas, P. Soe, W. K. Morris, M. White, and P. A. Vesk. “Combining functional traits, the environment and multiple surveys to understand semi-arid tree distributions”.   _Journal of Vegetation Science_ 29.6 (2018), pp. 967-977.  doi:  [10.1111/jvs.12686](https://doi.org/10.1111%2Fjvs.12686)."
Portelli_2023,"A. M. Portelli, S. M. Windecker, L. J. Pollock, W. C. Neal, W. K. Morris, R. Khot, and P. A. Vesk. “From mallees to mountain ash, specific leaf area is coordinated with eucalypt tree stature, resprouting, stem construction, and fruit size”.   _Australian Journal of Botany_ 71.8 (2023). Ed. by D. Williams, pp. 506-522. ISSN: 1444-9862.  doi:  [10.1071/bt23028](https://doi.org/10.1071%2Fbt23028)."
Prior_2000,"L. D. Prior and D. Eamus. “Seasonal changes in hydraulic conductance, xylem embolism and leaf area in Eucalyptus tetrodonta and Eucalyptus miniata in a north Australian savanna”.   _Plant, Cell & Environment_ 23.9 (2000), pp. 955-965.  doi:  [10.1046/j.1365-3040.2000.00612.x](https://doi.org/10.1046%2Fj.1365-3040.2000.00612.x)."
Prior_2003,"L. D. Prior, D. Eamus, and D. M. J. S. Bowman. “Leaf attributes in the seasonally dry tropics: A comparison of four habitats in northern Australia”.   _Functional Ecology_ 17 (2003), pp. 504-515.  doi:  [10.1046/j.1365-2435.2003.00761.x](https://doi.org/10.1046%2Fj.1365-2435.2003.00761.x)."
Prior_2016,"L. D. Prior, G. J. Williamson, and D. M. J. S. Bowman. “Impact of high-severity fire in a Tasmainian dry eucalypt forest”.   _Australian Journal of Botany_ 64 (2016), pp. 193-205.  doi:  [10.1071/BT15259](https://doi.org/10.1071%2FBT15259)."
Prior_2022,"L. D. Prior, S. M. Foyster, J. M. Furlaud, G. J. Williamson, and D. M. Bowman. “Using permanent forest plots to evaluate the resilience to fire of Tasmania's tall wet eucalypt forests”.   _Forest Ecology and Management_ 505 (2022), p. 119922.  doi:  [10.1016/j.foreco.2021.119922](https://doi.org/10.1016%2Fj.foreco.2021.119922)."
Purdie_1976,"R. W. Purdie and R. O. Slatyer. “Vegetation succession after fire in sclerophyll woodland communities in south-eastern Australia”.   _Australian Journal of Ecology_ 1 (1976), pp. 223-236."
RBGK_2014,Royal Botanic Gardens Kew. _Seed Information Database (SID)_. 2014.  url:  [http://data.kew.org/sid/](http://data.kew.org/sid/).
RBGV_2022,"VicFlora. _Flora of Victoria, Royal Botanic Gardens Victoria_. accessed on 6 May, 2022.. 2022.  url:  [https://vicflora.rbg.vic.gov.au/](https://vicflora.rbg.vic.gov.au/)."
RBGV_2023,"VicFlora. _Flora of Victoria, Royal Botanic Gardens Victoria_. accessed on 6 May, 2022.. 2023.  url:  [https://vicflora.rbg.vic.gov.au/](https://vicflora.rbg.vic.gov.au/)."
Radfordsmith_2024,"J. Radford-Smith, H. R. Lai, E. C. Weeren, and J. M. Dwyer. “A Functional Basis for the Assembly of Australian Subtropical Rainforest Tree Communities”.   _Ecology Letters_ 27.11 (2024). ISSN: 1461-0248.  doi:  [10.1111/ele.70014](https://doi.org/10.1111%2Fele.70014)."
Read_2003,"J. Read and G. D. Sanson. “Characterizing sclerophylly: the mechanical properties of a diverse range of leaf types”.   _New Phytologist_ 160.1 (2003), pp. 81-99.  doi:  [10.1046/j.1469-8137.2003.00855.x](https://doi.org/10.1046%2Fj.1469-8137.2003.00855.x)."
Read_2005,"J. Read, G. D. Sanson, and B. B. Lamont. “Leaf mechanical properties in sclerophyll woodland and shrubland on contrasting soils”.   _Plant and Soil_ 276 (2005), pp. 95-113.  doi:  [10.1007/s11104-005-3343-8](https://doi.org/10.1007%2Fs11104-005-3343-8)."
Reynolds_2018,"V. A. Reynolds, L. D. L. Anderegg, X. Loy, J. HilleRisLambers, and M. M. Mayfield. “Unexpected drought resistance strategies in seedlings of four Brachychiton species”.   _Tree Physiology_ 38.5 (2017), pp. 664-677.  doi:  [10.1093/treephys/tpx143](https://doi.org/10.1093%2Ftreephys%2Ftpx143)."
Rice_1991,"B. Rice. “Unpublished data: Growth form of Kakadu plant species, Macquarie University”. 1991."
Richards_2003,"A. Richards, A. Shapcott, J. Playford, B. Morrison, C. Critchley, and S. Schmidt. “Physiological profiles of restricted endemic plants and their widespread congenors in the North Queensland wet tropics, Australia”.   _Biological Conservation_ 111 (2003), pp. 41-52.  doi:  [10.1016/s0006-3207(02)00245-8](https://doi.org/10.1016%2Fs0006-3207%2802%2900245-8)."
Richards_2008,"A. Richards and I. J. Wright. “Unpublished data: Transcription of Australian plant functional trait data from Ian Wright's collection of papers, Macquarie University”. 2009."
Richards_2021,"J. H. Richards, J. J. Henn, Q. M. Sorenson, M. A. Adams, D. D. Smith, K. A. McCulloh, and T. J. Givnish. “Mistletoes and their eucalypt hosts differ in the response of leaf functional traits to climatic moisture supply”.   _Oecologia_ 195 (2021), pp. 759-771.  doi:  [10.1007/s00442-021-04867-1](https://doi.org/10.1007%2Fs00442-021-04867-1)."
Roberts_2006,"B. Roberts. “Unpublished data: Seed traits, La Trobe University”. 2006."
Roderick_1999,"M. L. Roderick, S. L. Berry, and I. R. Noble. “The relationship between leaf composition and morphology at elevated CO2 concentrations”.   _New Phytologist_ 143.1 (1999), pp. 63-72.  doi:  [10.1046/j.1469-8137.1999.00438.x](https://doi.org/10.1046%2Fj.1469-8137.1999.00438.x)."
Roderick_2002,"M. L. Roderick and M. J. Cochrane. “On the conservative nature of the leaf mass-area relationship”.   _Annals of Botany_ 89.5 (2002), pp. 537-542.  doi:  [10.1093/aob/mcf100](https://doi.org/10.1093%2Faob%2Fmcf100)."
Rosell_2014,"J. A. Rosell, S. Gleason, R. Mendez-Alonzo, Y. Chang, and M. Westoby. “Bark functional ecology: Evidence for tradeoffs, functional coordination, and environment producing bark diversity”.   _New Phytologist_ 201.2 (2014), pp. 486-497.  doi:  [10.1111/nph.12541](https://doi.org/10.1111%2Fnph.12541)."
Rumman_2018,"R. Rumman, O. K. Atkin, K. J. Bloomfield, and D. Eamus. “Variation in bulk-leaf 13C discrimination, leaf traits and wateruse efficiency-trait relationships along a continental-scale climate gradient in Australia”.   _Global Change Biology_ 24 (2018), pp. 1186-1200.  doi:  [10.1111/gcb.13911](https://doi.org/10.1111%2Fgcb.13911)."
RussellSmith_2012,"J. Russell-Smith, M. R. Gardener, C. Brock, K. Brennan, C. P. Yates, and B. Grace. “Fire persistence traits can be used to predict vegetation response to changing fire regimes at expansive landscape scales - an Australian example”.   _Journal of Biogeography_ 39 (2012), pp. 1657-1668.  doi:  [10.1111/j.1365-2699.2012.02714.x](https://doi.org/10.1111%2Fj.1365-2699.2012.02714.x)."
Rye_2002,"B. L. Rye. “A revision of south-western Australian species of Micromyrtus (Myrtaceae) with five antisepalous ribs on the hypanthium.”.   _Nuytsia_ 15 (2002), pp. 101-122."
Rye_2006,"B. L. Rye. “A partial revision of the south-western Australian species of Micromyrtus (Myrtaceae: Chamelaucieae)”.   _Nuytsia_ 16 (2006), pp. 117-147."
Rye_2009_1,"B. L. Rye. “Reinstatement of the Western Australian genus Oxymyrrhine (Myrtaceae: Chamelaucieae) with three new species”.   _Nuytsia_ 19 (2009), pp. 149-165."
Rye_2009_2,"B. L. Rye. “A revision of the Micromyrtus racemosa complex (Myrtaceae: Chamelaucieae) of south-western Australia”.   _Nuytsia_ 20 (2010), pp. 37-56."
Rye_2013_1,"B. L. Rye, P. G. Wilson, and G. J. Keighery. “A revision of the species of Hypocalymma (Myrtaceae: Chamelaucieae) with smooth or colliculate seeds”.   _Nuytsia_ 23 (2013), pp. 283-312."
Rye_2013_2,"B. L. Rye. “An update to the taxonomy of some western Australian genera of Myrtaceae tribe Chamelaucieae. 1. Calytrix”.   _Nuytsia_ 23 (2013), pp. 483-501."
Rye_2015,"B. L. Rye. “A revision of the south-western Australian genus Babingtonia (Myrtaceae: Chamelaucieae).”.   _Nuytsia_ 25 (2015), pp. 219-250."
SAH_2014,"J. P. Jessop and H. R. Toelken. _Flora of South Australia, 4th edition, 4 vols_. Electronic version curated by J. Kellermann, State Herbarium of South Australia.. Government Printer, Adelaide, 1986."
SAH_2022,"S. H. of South Australia. _eFlora of SA, Electronic Flora of South Australia_. accessed on 6 May, 2022.. 2022.  url:  [http://www.flora.sa.gov.au/](http://www.flora.sa.gov.au/)."
SAH_2023,"S. H. of South Australia. _eFlora of SA, Electronic Flora of South Australia_. accessed on 6 May, 2022.. 2022.  url:  [http://www.flora.sa.gov.au/](http://www.flora.sa.gov.au/)."
SPRAT_2025_2,"F. D. of Climate Change, Energy, the Environment, and Water. _Species Profile and Threats Database_. 2025.  url:  [https://www.environment.gov.au/cgi-bin/sprat/public/sprat.pl](https://www.environment.gov.au/cgi-bin/sprat/public/sprat.pl)."
Sams_2017,"M. A. Sams, H. R. Lai, S. P. Bonser, P. A. Vesk, R. M. Kooyman, D. J. Metcalfe, J. W. Morgan, and M. M. Mayfield. “Landscape context explains changes in the functional diversity of regenerating forests better than climate or species richness”.   _Global Ecology and Biogeography_ 26.10 (2017), pp. 1165-1176.  doi:  [10.1111/geb.12627](https://doi.org/10.1111%2Fgeb.12627)."
Santini_2012,"N. S. Santini, N. Schmitz, and C. E. Lovelock. “Variation in wood density and anatomy in a widespread mangrove species”.   _Trees_ 26.5 (2012), pp. 1555-1563.  doi:  [10.1007/s00468-012-0729-0](https://doi.org/10.1007%2Fs00468-012-0729-0)."
Santini_2013,"N. S. Santini, N. Schmitz, V. Bennion, and C. E. Lovelock. “The anatomical basis of the link between density and mechanical strength in mangrove branches”.   _Functional Plant Biology_ 40.4 (2013), pp. 400-408.  doi:  [10.1071/fp12204](https://doi.org/10.1071%2Ffp12204)."
Santini_2016,"N. S. Santini, J. Cleverly, R. Faux, C. Lestrange, R. Rumman, and D. Eamus. “Xylem traits and water-use efficiency of woody species co-occurring in the Ti Tree Basin arid zone”.   _Trees_ 30.1 (2015), pp. 295-303.  doi:  [10.1007/s00468-015-1301-5](https://doi.org/10.1007%2Fs00468-015-1301-5)."
Schmidt_1993,"S. Schmidt. “Unpublished data: Compilation of mycorrhizal status data, University of Queensland”. 1993."
Schmidt_1997,"S. Schmidt and G. Stewart. “Waterlogging and fire impacts on nitrogen availability and utilization in a subtropical wet heathland (wallum)”.   _Plant, Cell and Environment_ 20.10 (1997), pp. 1231-1241.  doi:  [10.1046/j.1365-3040.1997.d01-20.x](https://doi.org/10.1046%2Fj.1365-3040.1997.d01-20.x)."
Schmidt_2003,"S. Schmidt and G. R. Stewart. “d15N values of tropical savanna and monsoon forest species reflect root specialisations and soil nitrogen status”.   _Oecologia_ 134 (2003), pp. 569-577.  doi:  [10.1007/s00442-002-1150-y](https://doi.org/10.1007%2Fs00442-002-1150-y)."
Schmidt_2010,"S. Schmidt, R. E. Lamble, R. J. Fensham, and I. Siddique. “Effect of woody vegetation clearing on nutrient and carbon relations of semi-arid dystrophic savanna”.   _Plant and Soil_ 331.1-2 (2009), pp. 79-90.  doi:  [10.1007/s11104-009-0233-5](https://doi.org/10.1007%2Fs11104-009-0233-5)."
Schulze_1998,"E. -. Schulze, R. J. Williams, G. D. Farquhar, W. Schulze, J. Langridge, J. M. Miller, and B. H. Walker. “Carbon and nitrogen isotope discrimination and nitrogen nutrition of trees along a rainfall gradient in northern Australia”.   _Australian Journal of Plant Physiology_ 25.4 (1998), pp. 413-425.  doi:  [10.1071/PP97113](https://doi.org/10.1071%2FPP97113)."
Schulze_2006,"E. Schulze, N. C. Turner, D. Nicolle, and J. Schumacher. “Species differences in carbon isotope ratios, specific leaf area and nitrogen concentrations in leaves of Eucalyptus growing in a common garden compared with along an aridity gradient”.   _Physiologia Plantarum_ 127.3 (2006), pp. 434-444.  doi:  [10.1111/j.1399-3054.2006.00682.x](https://doi.org/10.1111%2Fj.1399-3054.2006.00682.x)."
Schulze_2006_2,"E. Schulze, N. C. Turner, D. Nicolle, and J. Schumacher. “Leaf and wood carbon isotope ratios, specific leaf areas and woodgrowth of Eucalyptus species across a rainfall gradient in Australia”.   _Tree Physiology_ 26.4 (2006), pp. 479-492.  doi:  [10.1093/treephys/26.4.479](https://doi.org/10.1093%2Ftreephys%2F26.4.479)."
Schulze_2014,"E. D. Schulze, D. Nicolle, A. Boerner, M. Lauerer, G. Aas, and I. Schulze. “Stable carbon and nitrogen isotope ratios of Eucalyptus and Acacia species along a seasonal rainfall gradient in Western Australia”.   _Trees_ 28.4 (2014), pp. 1125-1135.  doi:  [10.1007/s00468-014-1023-0](https://doi.org/10.1007%2Fs00468-014-1023-0)."
Scott_2010,"A. J. Scott. “Vegetation recovery and recruitment processes in south-eastern Australian semi-arid old fields.”. PhD. La Trobe University, 2010."
Searson_2004,"M. J. Searson, D. S. Thomas, K. D. Montagu, and J. P. Conroy. “Wood density and anatomy of water-limited eucalypts”.   _Tree Physiology_ 24.11 (2004), pp. 1295-1302.  doi:  [10.1093/treephys/24.11.1295](https://doi.org/10.1093%2Ftreephys%2F24.11.1295)."
Sendall_2016,"K. M. Sendall, C. H. Lusk, and P. B. Reich. “Trade-offs in juvenile growth potential vs. shade tolerance among subtropical rain forest trees on soils of contrasting fertility”.   _Functional Ecology_ 30.6 (2015), pp. 845-855.  doi:  [10.1111/1365-2435.12573](https://doi.org/10.1111%2F1365-2435.12573)."
Shedley_2007,"E. F. Shedley. _Fire and Biodiversity Guidelines for the Avon Basin: Consultant Report to the Avon Catchment Council and the Department of Environment and Conservation, August 2007_. Tech. rep. Department of Environment and Conservation, Western Australia, 2007."
Simpson_2021,"K. J. Simpson, E. C. Jardine, S. Archibald, E. J. Forrestel, C. E. R. Lehmann, G. H. Thomas, and C. P. Osborne. “Resprouting grasses are associated with less frequent fire than seeders”.   _New Phytologist_ 230 (2021), pp. 832-844.  doi:  [10.1111/nph.17069](https://doi.org/10.1111%2Fnph.17069)."
SinghRamesh_2019,"A. S. Ramesh and A. W. C. &. L. Cernusak. _Far North Queensland, Montane Tree Leaf Chemistry Data, 2019. Version 1. Terrestrial Ecosystem Research Network._. 2019.  doi:  [10.25901/e1yb-ea83](https://doi.org/10.25901%2Fe1yb-ea83)."
SinghRamesh_2023,"A. S. Ramesh, A. W. Cheesman, H. Flores-Moreno, N. D. Preece, D. M. Crayn, and L. A. Cernusak. “Temperature, nutrient availability, and species traits interact to shape elevation responses of Australian tropical trees”.   _Frontiers in Forests and Global Change_ 6 (2023).  doi:  [10.3389/ffgc.2023.1089167](https://doi.org/10.3389%2Fffgc.2023.1089167)."
Sjostrom_2006,"A. Sjöström and C. L. Gross. “Life-history characters and phylogeny are correlated with extinction risk in the Australian angiosperms”.   _Journal of Biogeography_ 33.2 (2006), pp. 271-290.  doi:  [10.1111/j.1365-2699.2005.01393.x](https://doi.org/10.1111%2Fj.1365-2699.2005.01393.x)."
SmithMartin_2020,"C. M. Smith-Martin, R. P. Skelton, K. M. Johnson, C. Lucani, and T. J. Brodribb. “Lack of vulnerability segmentation among woody species in a diverse dry sclerophyll woodland community”.   _Functional Ecology_ 34 (2020), pp. 777-787.  doi:  [10.1111/1365-2435.13519](https://doi.org/10.1111%2F1365-2435.13519)."
Smith_1996,"B. Smith. “Community-level convergence and community structure of temperate Nothofagus forests”. PhD. University of Otago, Dunedin, New Zealand, 1996.  url:  [http://web.nateko.lu.se/personal/benjamin.smith/thesis/thesis.html](http://web.nateko.lu.se/personal/benjamin.smith/thesis/thesis.html)."
Smith_2012,"R. A. Smith, J. D. Lewis, O. Ghannoum, and D. T. Tissue. “Leaf structural responses to pre-industrial, current and elevated atmospheric CO2 and temperature affect leaf function in Eucalyptus sideroxylon”.   _Functional Plant Biology_ 39.4 (2012), pp. 285-296.  doi:  [10.1071/fp11238](https://doi.org/10.1071%2Ffp11238)."
Soliveres_2012,"S. Soliveres, D. J. Eldridge, F. Hemmings, and F. T. Maestre. “Nurse plant effects on plant species richness in drylands: The role of grazing, rainfall and species specificity”.   _Perspectives in Plant Ecology, Evolution and Systematics_ 14 (2012), pp. 402-410.  doi:  [10.1016/j.ppees.2012.09.003](https://doi.org/10.1016%2Fj.ppees.2012.09.003)."
Soper_2014,"F. M. Soper, A. E. Richards, I. Siddique, M. P. M. Aidar, G. D. Cook, L. B. Hutley, N. Robinson, and S. Schmidt. “Natural abundance (delta15N) indicates shifts in nitrogen relations of woody taxa along a savanna-woodland continental rainfall gradient”.   _Oecologia_ 178.1 (2014), pp. 297-308.  doi:  [10.1007/s00442-014-3176-3](https://doi.org/10.1007%2Fs00442-014-3176-3)."
Standish_2019,"R. Standish. “Unpublished data: Jarrah forest, Murdoch University”. 2019."
Staples_2019,"T. Staples, J. M. Dwyer, J. R. England, and M. M. Mayfield. “Productivity does not correlate with species and functional diversity in Australian reforestation plantings across a wide climate gradient”.   _Global Ecology and Biogeography_ 28.10 (2019), pp. 1417-1429.  doi:  [10.1111/geb.12962](https://doi.org/10.1111%2Fgeb.12962)."
Stephens_2021,"R. Stephens. “Unpublished data: Flowering time data from TERN plots, Macquarie University.”. 2021."
Stephens_2023,"R. E. Stephens, R. V. Gallagher, L. Dun, W. Cornwell, and H. Sauquet. “Insect pollination for most of angiosperm evolutionary history”.   _New Phytologist_ 240.2 (2023), pp. 880-891. ISSN: 1469-8137.  doi:  [10.1111/nph.18993](https://doi.org/10.1111%2Fnph.18993)."
Stephens_2024,"R. E. Stephens, H. Sauquet, B. Laugier, C. Gosper, and R. V. Gallagher. “Eucalypt flower size and colour shaped more by pollination than abiotic environment”.   _in review_ (2024)."
Stewart_1995,"G. Stewart, M. Turnbull, S. Schmidt, and P. Erskine. “13C natural abundance in plant communities along a rainfall gradient: a biological integrator of water availability”.   _Functional Plant Biology_ 22.1 (1995), pp. 51-55.  doi:  [10.1071/pp9950051](https://doi.org/10.1071%2Fpp9950051)."
Stuart_2007,"S. A. Stuart, B. Choat, K. C. Martin, N. M. Holbrook, and M. C. Ball. “The role of freezing in setting the latitudinal limits of mangrove forests”.   _New Phytologist_ 173 (2007), pp. 576-583.  doi:  [10.1111/j.1469-8137.2006.01938.x](https://doi.org/10.1111%2Fj.1469-8137.2006.01938.x)."
Sweedman_2006,"L. Sweedman and D. Merritt. _Australian Seeds: A Guide to Their Collection, Identification, and Biology_. CSIRO Publishing, 2006. ISBN: 9780643094079."
TMAG_2009,Tasmanian Herbarium. _Flora of Tasmania Online_. 2009.  url:  [http://www.tmag.tas.gov.au/floratasmania](http://www.tmag.tas.gov.au/floratasmania).
Taseski_2021,"G. M. Taseski, D. A. Keith, R. L. Dalrymple, and W. K. Cornwell. “Shifts in fine root traits within and among species along a fine-scale hydrological gradient”.   _Annals of Botany_ 127.4 (2021), pp. 473-481. ISSN: 1095-8290.  doi:  [10.1093/aob/mcaa175](https://doi.org/10.1093%2Faob%2Fmcaa175)."
Taylor_2008,"D. Taylor and D. Eamus. “Coordinating leaf functional traits with branch hydraulic conductivity: Resource substitution and implications for carbon gain”.   _Tree Physiology_ 28.8 (2008), pp. 1169-1177.  doi:  [doi.org/10.1093/treephys/28.8.1169](https://doi.org/doi.org%2F10.1093%2Ftreephys%2F28.8.1169)."
Thomas_2017,"F. M. Thomas and P. A. Vesk. “Growth races in The Mallee: Height growth in woody plants examined with a trait-based model”.   _Austral Ecology_ 42.7 (2017), pp. 790-800.  doi:  [10.1111/aec.12501](https://doi.org/10.1111%2Faec.12501)."
Thompson_2001,"I. R. Thompson. “Morphometric analysis and revision of eastern Australian Hovea (Brongniartieae-Fabaceae)”.   _Australian Systematic Botany_ 14 (2001), pp. 1-99.  doi:  [10.1071/sb00008](https://doi.org/10.1071%2Fsb00008)."
Tng_2013,"D. Y. P. Tng, G. J. Jordan, and D. M. J. S. Bowman. “Plant traits demonstrate that temperate and tropical giant Eucalypt forests are ecologically convergent with rainforest not savanna”.   _PLoS ONE_ 8 (2013), p. e84378.  doi:  [10.1371/journal.pone.0084378](https://doi.org/10.1371%2Fjournal.pone.0084378)."
Toelken_1996,"H. R. Toelken. “A revision of the genus Kunzea (Myrtaceae) I. The western Australian section Zeanuk”.   _Journal of the Adelaide Botanic Garden_ 17 (1996), pp. 29-106."
Togashi_2015,"H. F. Togashi, I. C. Prentice, B. J. Evans, D. I. Forrester, P. Drake, P. Feikema, K. Brooksbank, D. Eamus, and D. Taylor. “Morphological and moisture availability controls of the leaf area-to-sapwood area ratio: analysis of measurements on Australian trees”.   _Ecology and Evolution_ 5.6 (2015), pp. 1263-1270.  doi:  [10.1002/ece3.1344](https://doi.org/10.1002%2Fece3.1344)."
Tolsma_2007,"A. D. Tolsma, S. M. Read, and K. G. Tolhurst. “Roots of Australian alpine plant species contain high levels of stored carbohydrates independent of post-fire regeneration strategy”.   _Australian Journal of Botany_ 55.8 (2007), pp. 771-779.  doi:  [10.1071/BT06216](https://doi.org/10.1071%2FBT06216)."
Tomlinson_2013,"K. W. Tomlinson, L. Poorter, F. J. Sterck, F. Borghetti, D. Ward, S. de Bie, and F. van Langevelde. “Leaf adaptations of evergreen and deciduous trees of semi-arid and humid savannas on three continents”.   _Journal of Ecology_ 101 (2013), pp. 430-440.  doi:  [10.1111/1365-2745.12056](https://doi.org/10.1111%2F1365-2745.12056)."
Tomlinson_2019,"K. W. Tomlinson, F. J. Sterck, E. R. M. Barbosa, S. de Bie, H. H. T. Prins, and F. van Langevelde. “Seedling growth of savanna tree species from three continents under grass competition and nutrient limitation in a greenhouse experiment”.   _Journal of Ecology_ 107.3 (2019), pp. 1051-1066.  doi:  [10.1111/1365-2745.13085](https://doi.org/10.1111%2F1365-2745.13085)."
Trudgen_2005,"M. E. Trudgen and B. L. Rye. “Astus, a new western Australian genus of Myrtaceae with heterocarpidic fruits”.   _Nuytsia_ 14 (2005), pp. 495-512."
Trudgen_2014,"M. E. Trudgen and B. L. Rye. “An update to the taxonomy of some western Australian genera of Myrtaceae tribe Chamelaucieae. 2. Cyathostemon”.   _Nuytsia_ 24 (2014), pp. 7-16."
Tsakalos_2020,"J. L. Tsakalos, M. Renton, F. Riviera, E. J. Veneklaas, M. P. Dobrowolski, and L. Mucina. “Trait-based formal definition of plant functional types and functional communities in the multi-species and multi-traits context”.   _Ecological Complexity_ 40 (2019), p. 100787.  doi:  [10.1016/j.ecocom.2019.100787](https://doi.org/10.1016%2Fj.ecocom.2019.100787)."
Tsakalos_2022,"J. L. Tsakalos, G. Ottaviani, S. Chelli, A. Rea, S. Elder, M. P. Dobrowolski, and L. Mucina. “Plant clonality in a soil-impoverished open ecosystem: insights from southwest Australian shrublands”.   _Annals of Botany_ 130.7 (2022), pp. 981-990.  doi:  [10.1093/aob/mcac131](https://doi.org/10.1093%2Faob%2Fmcac131)."
Tsujii_2023,"Y. Tsujii, B. J. Atwell, H. Lambers, and I. J. Wright. “Leaf phosphorus fractions vary with leaf economic traits among 35 Australian woody species”.   _New Phytologist_ 241.5 (2024), pp. 1985-1997. ISSN: 1469-8137.  doi:  [10.1111/nph.19513](https://doi.org/10.1111%2Fnph.19513)."
Turner_2010,"N. C. Turner, E. Schulze, D. Nicolle, and I. Kuhlmann. “Growth in two common gardens reveals species by environment interaction in carbon isotope discrimination of Eucalyptus”.   _Tree Physiology_ 30.6 (2010), pp. 741-747.  doi:  [10.1093/treephys/tpq029](https://doi.org/10.1093%2Ftreephys%2Ftpq029)."
Veneklaas_2003,"E. J. Veneklaas and P. Poot. “Seasonal patterns in water use and leaf turnover of different plant functional types in a species-rich woodland, south-western Australia”.   _Plant and Soil_ 257.2 (2003), pp. 295-304.  doi:  [10.1023/a:1027383920150](https://doi.org/10.1023%2Fa%3A1027383920150)."
Venn_2011,"S. E. Venn, K. Green, C. M. Pickering, and J. W. Morgan. “Using plant functional traits to explain community composition across a strong environmental filter in Australian alpine snowpatches”.   _Plant Ecology_ 212 (2011), pp. 1491-1499.  doi:  [10.1007/s11258-011-9923-1](https://doi.org/10.1007%2Fs11258-011-9923-1)."
Vesk_2004,"P. A. Vesk, M. R. Leishman, and M. Westoby. “Simple traits do not predict grazing response in Australian dry shrublands and woodlands”.   _Journal of Applied Ecology_ 41.1 (2004), pp. 22-31.  doi:  [10.1111/j.1365-2664.2004.00857.x](https://doi.org/10.1111%2Fj.1365-2664.2004.00857.x)."
Vesk_2007,"P. Vesk. “Unpublished data: Leaf traits for flora of Falls Creek Victoria, University of Melbourne”. 2007."
Vesk_2019,"P. A. Vesk and J. D. L. Yen. “Plant resprouting: How many sprouts and how deep? Flexible modelling of multispecies experimental disturbances.”.   _Perspectives in Plant Ecology, Evolution and Systematics_ 41 (2019), p. 125497.  doi:  [10.1016/j.ppees.2019.125497](https://doi.org/10.1016%2Fj.ppees.2019.125497)."
Vlasveld_2018,"C. Vlasveld, B. O'Leary, F. Udovicic, and M. Burd. “Leaf heteroblasty in eucalypts: biogeographic evidence of ecological function”.   _Australian Journal of Botany_ 66.3 (2018), pp. 191-201.  doi:  [10.1071/bt17134](https://doi.org/10.1071%2Fbt17134)."
WAH_1998,Western Australian Herbarium. _FloraBase: The Western Australian flora_. 1998.  url:  [http://florabase.dpaw.wa.gov.au](http://florabase.dpaw.wa.gov.au).
WAH_2022_1,"Western Australian Herbarium. _Florabase—the Western Australian Flora._. accessed on 14 September, 2022.. 2022.  url:  [https://florabase.dpaw.wa.gov.au/](https://florabase.dpaw.wa.gov.au/)."
WAH_2022_2,"Western Australian Herbarium. _Florabase—the Western Australian Flora._. accessed on 14 September, 2022.. 2022.  url:  [https://florabase.dpaw.wa.gov.au/](https://florabase.dpaw.wa.gov.au/)."
WAH_2023_1,"Western Australian Herbarium. _Florabase—the Western Australian Flora._. accessed on 14 September, 2022.. 2023.  url:  [https://florabase.dpaw.wa.gov.au/](https://florabase.dpaw.wa.gov.au/)."
WAH_2023_2,"Western Australian Herbarium. _Florabase—the Western Australian Flora._. accessed on 14 September, 2022.. 2023.  url:  [https://florabase.dpaw.wa.gov.au/](https://florabase.dpaw.wa.gov.au/)."
Warren_2005,"C. R. Warren, M. Tausz, and M. A. Adams. “Does rainfall explain variation in leaf morphology and physiology among populations of red ironbark (Eucalyptus sideroxylon subsp. tricarpa) grown in a common garden?”.   _Tree Physiology_ 25.11 (2005), pp. 1369-1378.  doi:  [10.1093/treephys/25.11.1369](https://doi.org/10.1093%2Ftreephys%2F25.11.1369)."
Warren_2006,"C. R. Warren, E. Dreyer, M. Tausz, and M. A. Adams. “Ecotype adaptation and acclimation of leaf traits to rainfall in 29 species of 16-year-old Eucalyptus at two common gardens”.   _Functional Ecology_ 20.6 (2006), pp. 929-940.  doi:  [10.1111/j.1365-2435.2006.01198.x](https://doi.org/10.1111%2Fj.1365-2435.2006.01198.x)."
Weerasinghe_2014,"L. K. Weerasinghe, D. Creek, K. Y. Crous, S. Xiang, M. J. Liddell, M. H. Turnbull, and O. K. Atkin. “Canopy position affects the relationships between leaf respiration and associated traits in a tropical rainforest in Far North Queensland”.   _Tree Physiology_ 34.6 (2014), pp. 564-584.  doi:  [10.1093/treephys/tpu016](https://doi.org/10.1093%2Ftreephys%2Ftpu016)."
Wells_2012,"J. A. Wells. “Phylogeny and inter-relations of ecological traits and seed dispersal in rainforest plants: Exploring aspects of functional diversity in primary and secondary rainforests in Australia's Wet Tropics.”. PhD. University of Queensland, 2012."
Wenk_2022,E. Wenk. “Unpublished data: Australian plant growth forms dataset”. 2022.
Wenk_2023,"E. Wenk. “Unpublished data: Australian plant life history dataset, University of New South Wales, Sydney”. 2023."
Wenk_2023_2,"E. Wenk and D. Coleman. “Unpublished: Rain and flood-related flowering cues for Australia's flora, University of New South Wales, Australia”. 2023."
Westman_1977,"W. Westman and R. V. Roggers. “Nutrient stocks in a subtropical eucalypt forest, North Stradbroke Island”.   _Austral Ecology_ 2.4 (1977), pp. 447-460.  doi:  [10.1111/j.1442-9993.1977.tb01160.x](https://doi.org/10.1111%2Fj.1442-9993.1977.tb01160.x)."
Westoby_2003,"M. Westoby and I. J. Wright. “The leaf size - twig size spectrum and its relationship to other important spectra of variation among species”.   _Oecologia_ 135 (2003), pp. 621-628.  doi:  [10.1007/s00442-003-1231-6](https://doi.org/10.1007%2Fs00442-003-1231-6)."
Westoby_2004,"M. Westoby. “Unpublished data: Trait data for plant species at Mt Wellington and Sea Acres, Macquarie University”. 2004."
Gleason_2012,"S. M. Gleason, D. W. Butler, K. Zieminska, P. Waryszak, and M. Westoby. “Stem xylem conductivity is key to plant water balance across Australian angiosperm species”.   _Functional Ecology_ 26 (2012), pp. 343-352.  doi:  [10.1111/j.1365-2435.2012.01962.x](https://doi.org/10.1111%2Fj.1365-2435.2012.01962.x)."
Wheeler_2002,"J. R. Wheeler, N. G. Marchant, and M. Lewington. _Flora of the south west: Bunbury, Augusta, Denmark_. Australian Biological Resources Study ; University of Western Australia Press, 2002. ISBN: 9780642568168."
White_2020,"M. White, S. Sinclair, and D. Frood. _Victorian Vital Attributes Database_. database. Department of Environment, Land, Water and Planning, Victoria, 2020."
Williams_2005,"N. S. G. Williams, J. W. Morgan, M. J. McDonnell, and M. A. McCarthy. “Plant traits and local extinctions in natural grasslands along an urban-rural gradient”.   _Journal of Ecology_ 93.6 (2005), pp. 1203-1213.  doi:  [10.1111/j.1365-2745.2005.01039.x](https://doi.org/10.1111%2Fj.1365-2745.2005.01039.x)."
Duncan_2011,"R. P. Duncan, S. E. Clemants, R. T. Corlett, A. K. Hahs, M. A. McCarthy, M. J. McDonnell, M. W. Schwartz, K. Thompson, P. A. Vesk, and N. S. G. Williams. “Plant traits and extinction in urban areas: a meta-analysis of 11 cities”.   _Global Ecology and Biogeography_ 20.4 (2011), pp. 509-519.  doi:  [10.1111/j.1466-8238.2010.00633.x](https://doi.org/10.1111%2Fj.1466-8238.2010.00633.x)."
Williams_2012,"P. R. Williams, M. Parsons, R. Jensen, and C. Tran. “Mechanisms of rainforest persistence and recruitment in frequently burnt wet tropical eucalypt forests”.   _Austral Ecology_ 37.2 (2012), pp. 268-275. ISSN: 1442-9993.  doi:  [10.1111/j.1442-9993.2011.02271.x](https://doi.org/10.1111%2Fj.1442-9993.2011.02271.x)."
Wills_2018,"J. Wills, J. Herbohn, J. Hu, S. Sohel, J. Baynes, and J. Firn. “Tree leaf trade-offs are stronger for sub-canopy trees: leaf traits reveal little about growth rates in canopy trees”.   _Ecological Applications_ 28.4 (2018), pp. 1116-1125.  doi:  [10.1002/eap.1715](https://doi.org/10.1002%2Feap.1715)."
Wilson_2004,"B. A. Wilson, J. Kuehs, L. E. Valentine, T. Sonneman, and K. M. Wolfe. “Guidelines for ecological burning regimes in Mediterranean ecosystems: a case study in Banksia woodlands in Western Australia”.   _Pacific Conservation Biology_ 20.1 (2014), p. 57.  doi:  [10.1071/pc140057](https://doi.org/10.1071%2Fpc140057)."
Wilson_2008,"P. G. Wilson and R. Rowe. “A revision of the Indigofereae (Fabaceae) in Australia. 2. Indigofera species with trifoliolate and alternately pinnate leaves”.   _Telopea_ 12 (2008), pp. 293-307."
Witkowski_1991,"E. T. F. Witkowski, B. B. Lamont, and S. J. Connell. “Seed bank dynamics of three co-occurring banksias in south coastal Western Australia: the role of plant age, cockatoos, senescence and interfire establishment”.   _Australian Journal of Botany_ 39.4 (1991), pp. 385-397.  doi:  [10.1071/bt9910385](https://doi.org/10.1071%2Fbt9910385)."
Wooller_2002,"S. J. Wooller, R. D. Wooller, and K. L. Brown. “Regeneration by three species of Banksia on the south coast of Western Australia in relation to fire interval”.   _Australian Journal of Botany_ 50.3 (2002), pp. 311-317.  doi:  [10.1071/bt01078](https://doi.org/10.1071%2Fbt01078)."
Wright_2000,"I. J. Wright, H. T. Clifford, R. Kidson, M. L. Reed, B. L. Rice, and M. Westoby. “A survey of seed and seedling characters in 1744 Australian dicotyledon species: Cross-species trait correlations and correlated trait-shifts within evolutionary lineages”.   _Biological Journal of the Linnean Society_ 69 (2000), pp. 521-547.  doi:  [10.1111/j.1095-8312.2000.tb01222.x](https://doi.org/10.1111%2Fj.1095-8312.2000.tb01222.x)."
Wright_2001,"I. J. Wright. “Unpublished data: Seed mass reserve data for various species in NSW, Macquarie University”. 2001."
Wright_2002,"I. J. Wright and M. Westoby. “Leaves at low versus high rainfall: Coordination of structure, lifespan and physiology”.   _New Phytologist_ 155 (2002), pp. 403-416.  doi:  [10.1046/j.1469-8137.2002.00479.x](https://doi.org/10.1046%2Fj.1469-8137.2002.00479.x)."
Wright_2006,"I. J. Wright, D. S. Falster, M. Pickup, and M. Westoby. “Cross-species patterns in the coordination between leaf and stem traits, and their implications for plant hydraulics”.   _Physiologia Plantarum_ 127 (2006), pp. 445-456.  doi:  [10.1111/j.1399-3054.2006.00699.x](https://doi.org/10.1111%2Fj.1399-3054.2006.00699.x)."
Wright_2008,"I. J. Wright. “Unpublished data: Trait data for Northern Territory savanna species, Macquarie University”. 2008."
Wright_2009,"I. J. Wright. “Unpublished data: Leaf pigment and reflectance data for sclerophylls, Macquarie University”. 2009."
Wright_2019,"I. J. Wright, J. Cooke, L. A. Cernusak, L. B. Hutley, M. C. Scalon, W. C. Tozer, and C. E. R. Lehmann. “Stem diameter growth rates in a fire-prone savanna correlate with photosynthetic rate and branch-scale biomass allocation, but not specific leaf area”.   _Austral Ecology_ 44.2 (2018), pp. 339-350.  doi:  [10.1111/aec.12678](https://doi.org/10.1111%2Faec.12678)."
Yang_2023,"S. Yang. “Unpublished data: Fire response traits scored from national and state floras and the taxonomic literature, University of New South Wales”. 2023."
Yunusa_2010,"I. A. M. Yunusa, C. D. Aumann, M. Rab, N. Merrick, P. D. Fisher, P. L. Eberbach, and D. Eamus. “Topographical and seasonal trends in transpiration by two co-occurring Eucalyptus species during two contrasting years in a low rainfall environment”.   _Agricultural and Forest Meteorology_ 150.9 (2010), pp. 1234-1244.  doi:  [10.1016/j.agrformet.2010.05.007](https://doi.org/10.1016%2Fj.agrformet.2010.05.007)."
Zanne_2007,"A. Zanne. “Unpublished data: Hydraulic traits for NSW plant species from four field sites, Macquarie University”. 2007."
Zanne_2009,"A. E. Zanne, G. Lopez-Gonzalez, D. A. Coomes, J. Ilic, S. Jansen, S. L. Lewis, R. B. Miller, N. G. Swenson, M. C. Wiemann, and J. Chave. “Data from: Towards a worldwide wood economics spectrum”.   _Dryad Digital Repository_ (2009).  doi:  [10.5061/dryad.234](https://doi.org/10.5061%2Fdryad.234)."
Zeppel_2008,"M. Zeppel and D. Eamus. “Coordination of leaf area, sapwood area and canopy conductance leads to species convergence of tree water use in a remnant evergreen woodland”.   _Australian Journal of Botany_ 56.2 (2008), pp. 97-108.  doi:  [10.1071/bt07091](https://doi.org/10.1071%2Fbt07091)."
Zieminska_2013,"K. Ziemińska, D. W. Butler, S. M. Gleason, I. J. Wright, and M. Westoby. “Fibre wall and lumen fractions drive wood density variation across 24 Australian angiosperms”.   _AoB PLANTS_ 5 (2013), p. plt046.  doi:  [10.1093/aobpla/plt046](https://doi.org/10.1093%2Faobpla%2Fplt046)."
Zieminska_2015,"K. Ziemińska, M. Westoby, and I. J. Wright. “Broad anatomical variation within a narrow wood density range - A study of twig wood across 69 Australian Angiosperms”.   _PLOS ONE_ 10.4 (2015), p. e0124892.  doi:  [10.1371/journal.pone.0124892](https://doi.org/10.1371%2Fjournal.pone.0124892)."
Zolfaghar_2015,"S. Zolfaghar, R. Villalobos-Vega, J. Cleverly, and D. Eamus. “Co-ordination among leaf water relations and xylem vulnerability to embolism of Eucalyptus trees growing along a depth-to-groundwater gradient”.   _Tree Physiology_ 35.7 (2015). Ed. by N. Phillips, pp. 732-743.  doi:  [10.1093/treephys/tpv039](https://doi.org/10.1093%2Ftreephys%2Ftpv039)."
deCampos_2013,"M. C. R. de Campos, S. J. Pearse, R. S. Oliveira, and H. Lambers. “Downregulation of net phosphorus-uptake capacity is inversely related to leaf phosphorus-resorption proficiency in four species from a phosphorus-impoverished environment”.   _Annals of Botany_ 111.3 (2013), pp. 445-454.  doi:  [10.1093/aob/mcs299](https://doi.org/10.1093%2Faob%2Fmcs299)."
eFLOWER_2021,"J. Schönenberger, M. Balthazar, A. L. Martinez, B. Albert, C. Prieu, S. Magallon, and H. Sauquet. “Phylogenetic analysis of fossil flowers using an angiosperm-wide data set: proof-of-concept and challenges ahead”.   _American Journal of Botany_ 107.10 (2020), pp. 1433-1448.  doi:  [10.1002/ajb2.1538](https://doi.org/10.1002%2Fajb2.1538)."
eFLOWER_Dun_2022,"L. Dun and H. Sauquet. “Unpublished: Floral traits for GAP taxa, University of New South Wales, Australia”. 2022."
vanderMoezel_1987,"P. G. van der Moezel, W. A. Loneragan, and D. T. Bell. “Northern Sandplain Kwongan - regeneration following fire, juvenile period and flowering phenology”.   _Journal of the Royal Society of Western Australia_ 69.4 (1987), pp. 123-132."
